#                                                                                     COMB   EARTH ROTATION DATA IN THE IERS FORMAT  (Cf. format.eop file) : EOP(IERS)  
#
#
#
#              EARTH ORIENTATION PARAMETERS                                UNCERTAINTY                                                         CORRELATIONS                           INDICATORS                RATES
#
#
#  MJD         PM-X      PM-Y       UT1-TAI       DX           DY          X-ERR     Y-ERR      UT1-ERR    DX  -ERR   DY  -ERR        RMS      CORR      CORR      CORR      CORR     IND1     IND2    IND3     XRT       YRT        LOD         DXRT       DYRT       XRT-ERR   YRT-ERR    LOD-ERR     DXRT  -ERR  DYRT  -ERR
#              SECONDS   SECONDS    SECONDS       SECONDS      SECONDS     SECONDS   SECONDS    SECONDS    SECONDS    SECONDS         DELAY    X-Y       X-U       Y-U       DX-DY                              SECONDS   SECONDS    SECONDS     SECONDS    SECONDS    SECONDS   SECONDS    SECONDS     SECONDS     SECONDS
#              OF ARC    OF ARC     OF TIME       OF ARC       OF ARC      OF ARC    OF ARC     OF TIME    OF ARC     OF ARC          PSEC                                                                      OF ARC    OF ARC     OF TIME     OF ARC     OF ARC     OF ARC    OF ARC     OF TIME     OF ARC      OF ARC
#                                                                                                                                                                                                               PER DAY   PER DAY    PER DAY     PER DAY    PER DAY    PER DAY   PER DAY    PER DAY     PER DAY     PER DAY
#  (days)         (")       (")        (s)          (")          (")         (")       (")       (s)        (")        (")            (ps)                        (     unitless       )                        ("/d)     ("/d)      (s)         ("/d)      ("/d)      ("/d)     ("/d)      (s)         ("/d)       ("/d)
#
   -4703.268 -0.056700 -0.100900  99.9900000      0.000000     0.000000    0.073480  0.090000  99.9900000  0.001000   0.001000          0.     0.000     0.000     0.000     0.000         0      0      0      0.000000  0.000000  99.990000      0          0        0.000000  0.000000  99.990000      0           0
   -4666.744 -0.156690 -0.190890  99.9900000      0.000000     0.000000    0.073480  0.090000  99.9900000  0.001000   0.001000          0.     0.000     0.000     0.000     0.000         0      0      0      0.000000  0.000000  99.990000      0          0        0.000000  0.000000  99.990000      0           0
   -4630.220 -0.256680 -0.240880  99.9900000      0.000000     0.000000    0.073480  0.090000  99.9900000  0.001000   0.001000          0.     0.000     0.000     0.000     0.000         0      0      0      0.000000  0.000000  99.990000      0          0        0.000000  0.000000  99.990000      0           0
   -4593.695 -0.276670 -0.110870  99.9900000      0.000000     0.000000    0.073480  0.090000  99.9900000  0.001000   0.001000          0.     0.000     0.000     0.000     0.000         0      0      0      0.000000  0.000000  99.990000      0          0        0.000000  0.000000  99.990000      0           0
   -4557.171 -0.226660 -0.010860  99.9900000      0.000000     0.000000    0.073480  0.090000  99.9900000  0.001000   0.001000          0.     0.000     0.000     0.000     0.000         0      0      0      0.000000  0.000000  99.990000      0          0        0.000000  0.000000  99.990000      0           0
   -4520.647 -0.086650  0.069150  99.9900000      0.000000     0.000000    0.073480  0.090000  99.9900000  0.001000   0.001000          0.     0.000     0.000     0.000     0.000         0      0      0      0.000000  0.000000  99.990000      0          0        0.000000  0.000000  99.990000      0           0
   -4484.123  0.033360  0.139160  99.9900000      0.000000     0.000000    0.073480  0.090000  99.9900000  0.001000   0.001000          0.     0.000     0.000     0.000     0.000         0      0      0      0.000000  0.000000  99.990000      0          0        0.000000  0.000000  99.990000      0           0
   -4447.599  0.093370  0.129170  99.9900000      0.000000     0.000000    0.073480  0.090000  99.9900000  0.001000   0.001000          0.     0.000     0.000     0.000     0.000         0      0      0      0.000000  0.000000  99.990000      0          0        0.000000  0.000000  99.990000      0           0
   -4411.074  0.093380 -0.070820  99.9900000      0.000000     0.000000    0.073480  0.090000  99.9900000  0.001000   0.001000          0.     0.000     0.000     0.000     0.000         0      0      0      0.000000  0.000000  99.990000      0          0        0.000000  0.000000  99.990000      0           0
   -4374.550  0.093390 -0.180810  99.9900000      0.000000     0.000000    0.073480  0.090000  99.9900000  0.001000   0.001000          0.     0.000     0.000     0.000     0.000         0      0      0      0.000000  0.000000  99.990000      0          0        0.000000  0.000000  99.990000      0           0
   -4338.026  0.013400 -0.230800  99.9900000      0.000000     0.000000    0.073480  0.090000  99.9900000  0.001000   0.001000          0.     0.000     0.000     0.000     0.000         0      0      0      0.000000  0.000000  99.990000      0          0        0.000000  0.000000  99.990000      0           0
   -4301.502 -0.116590 -0.250790  99.9900000      0.000000     0.000000    0.073480  0.090000  99.9900000  0.001000   0.001000          0.     0.000     0.000     0.000     0.000         0      0      0      0.000000  0.000000  99.990000      0          0        0.000000  0.000000  99.990000      0           0
   -4264.978 -0.226580 -0.210780  99.9900000      0.000000     0.000000    0.073480  0.090000  99.9900000  0.001000   0.001000          0.     0.000     0.000     0.000     0.000         0      0      0      0.000000  0.000000  99.990000      0          0        0.000000  0.000000  99.990000      0           0
   -4228.453 -0.256570 -0.140770  99.9900000      0.000000     0.000000    0.073480  0.090000  99.9900000  0.001000   0.001000          0.     0.000     0.000     0.000     0.000         0      0      0      0.000000  0.000000  99.990000      0          0        0.000000  0.000000  99.990000      0           0
   -4191.929 -0.186560 -0.010760  99.9900000      0.000000     0.000000    0.073480  0.090000  99.9900000  0.001000   0.001000          0.     0.000     0.000     0.000     0.000         0      0      0      0.000000  0.000000  99.990000      0          0        0.000000  0.000000  99.990000      0           0
   -4155.405 -0.066550  0.069250  99.9900000      0.000000     0.000000    0.073480  0.090000  99.9900000  0.001000   0.001000          0.     0.000     0.000     0.000     0.000         0      0      0      0.000000  0.000000  99.990000      0          0        0.000000  0.000000  99.990000      0           0
   -4118.881  0.033460  0.099260  99.9900000      0.000000     0.000000    0.073480  0.090000  99.9900000  0.001000   0.001000          0.     0.000     0.000     0.000     0.000         0      0      0      0.000000  0.000000  99.990000      0          0        0.000000  0.000000  99.990000      0           0
   -4082.357  0.083470  0.079270  99.9900000      0.000000     0.000000    0.073480  0.090000  99.9900000  0.001000   0.001000          0.     0.000     0.000     0.000     0.000         0      0      0      0.000000  0.000000  99.990000      0          0        0.000000  0.000000  99.990000      0           0
   -4045.832  0.103480 -0.000720  99.9900000      0.000000     0.000000    0.073480  0.090000  99.9900000  0.001000   0.001000          0.     0.000     0.000     0.000     0.000         0      0      0      0.000000  0.000000  99.990000      0          0        0.000000  0.000000  99.990000      0           0
   -4009.308  0.083490 -0.130710  99.9900000      0.000000     0.000000    0.073480  0.090000  99.9900000  0.001000   0.001000          0.     0.000     0.000     0.000     0.000         0      0      0      0.000000  0.000000  99.990000      0          0        0.000000  0.000000  99.990000      0           0
   -3972.784 -0.006500 -0.180700  99.9900000      0.000000     0.000000    0.073480  0.090000  99.9900000  0.001000   0.001000          0.     0.000     0.000     0.000     0.000         0      0      0      0.000000  0.000000  99.990000      0          0        0.000000  0.000000  99.990000      0           0
   -3936.260 -0.136490 -0.170690  99.9900000      0.000000     0.000000    0.073480  0.090000  99.9900000  0.001000   0.001000          0.     0.000     0.000     0.000     0.000         0      0      0      0.000000  0.000000  99.990000      0          0        0.000000  0.000000  99.990000      0           0
   -3899.736 -0.186480 -0.120680  99.9900000      0.000000     0.000000    0.073480  0.090000  99.9900000  0.001000   0.001000          0.     0.000     0.000     0.000     0.000         0      0      0      0.000000  0.000000  99.990000      0          0        0.000000  0.000000  99.990000      0           0
   -3863.211 -0.096470 -0.000670  99.9900000      0.000000     0.000000    0.073480  0.090000  99.9900000  0.001000   0.001000          0.     0.000     0.000     0.000     0.000         0      0      0      0.000000  0.000000  99.990000      0          0        0.000000  0.000000  99.990000      0           0
   -3826.687  0.053540  0.079340  99.9900000      0.000000     0.000000    0.073480  0.090000  99.9900000  0.001000   0.001000          0.     0.000     0.000     0.000     0.000         0      0      0      0.000000  0.000000  99.990000      0          0        0.000000  0.000000  99.990000      0           0
   -3790.163  0.133550  0.049350  99.9900000      0.000000     0.000000    0.073480  0.090000  99.9900000  0.001000   0.001000          0.     0.000     0.000     0.000     0.000         0      0      0      0.000000  0.000000  99.990000      0          0        0.000000  0.000000  99.990000      0           0
   -3753.639  0.083560 -0.120640  99.9900000      0.000000     0.000000    0.073480  0.090000  99.9900000  0.001000   0.001000          0.     0.000     0.000     0.000     0.000         0      0      0      0.000000  0.000000  99.990000      0          0        0.000000  0.000000  99.990000      0           0
   -3717.115 -0.016430 -0.210630  99.9900000      0.000000     0.000000    0.073480  0.090000  99.9900000  0.001000   0.001000          0.     0.000     0.000     0.000     0.000         0      0      0      0.000000  0.000000  99.990000      0          0        0.000000  0.000000  99.990000      0           0
   -3680.590 -0.126420 -0.210620  99.9900000      0.000000     0.000000    0.073480  0.090000  99.9900000  0.001000   0.001000          0.     0.000     0.000     0.000     0.000         0      0      0      0.000000  0.000000  99.990000      0          0        0.000000  0.000000  99.990000      0           0
   -3644.066 -0.206410 -0.160610  99.9900000      0.000000     0.000000    0.073480  0.090000  99.9900000  0.001000   0.001000          0.     0.000     0.000     0.000     0.000         0      0      0      0.000000  0.000000  99.990000      0          0        0.000000  0.000000  99.990000      0           0
   -3607.542 -0.286400 -0.090600  99.9900000      0.000000     0.000000    0.073480  0.090000  99.9900000  0.001000   0.001000          0.     0.000     0.000     0.000     0.000         0      0      0      0.000000  0.000000  99.990000      0          0        0.000000  0.000000  99.990000      0           0
   -3571.018 -0.326390 -0.020590  99.9900000      0.000000     0.000000    0.073480  0.090000  99.9900000  0.001000   0.001000          0.     0.000     0.000     0.000     0.000         0      0      0      0.000000  0.000000  99.990000      0          0        0.000000  0.000000  99.990000      0           0
   -3534.494 -0.256380  0.029420  99.9900000      0.000000     0.000000    0.073480  0.090000  99.9900000  0.001000   0.001000          0.     0.000     0.000     0.000     0.000         0      0      0      0.000000  0.000000  99.990000      0          0        0.000000  0.000000  99.990000      0           0
   -3497.969 -0.096370  0.059430  99.9900000      0.000000     0.000000    0.073480  0.090000  99.9900000  0.001000   0.001000          0.     0.000     0.000     0.000     0.000         0      0      0      0.000000  0.000000  99.990000      0          0        0.000000  0.000000  99.990000      0           0
   -3461.445  0.093640  0.049440  99.9900000      0.000000     0.000000    0.073480  0.090000  99.9900000  0.001000   0.001000          0.     0.000     0.000     0.000     0.000         0      0      0      0.000000  0.000000  99.990000      0          0        0.000000  0.000000  99.990000      0           0
   -3424.921  0.203650 -0.030550  99.9900000      0.000000     0.000000    0.073480  0.090000  99.9900000  0.001000   0.001000          0.     0.000     0.000     0.000     0.000         0      0      0      0.000000  0.000000  99.990000      0          0        0.000000  0.000000  99.990000      0           0
   -3388.397  0.193660 -0.160540  99.9900000      0.000000     0.000000    0.073480  0.090000  99.9900000  0.001000   0.001000          0.     0.000     0.000     0.000     0.000         0      0      0      0.000000  0.000000  99.990000      0          0        0.000000  0.000000  99.990000      0           0
   -3351.873  0.183670 -0.230530  99.9900000      0.000000     0.000000    0.073480  0.090000  99.9900000  0.001000   0.001000          0.     0.000     0.000     0.000     0.000         0      0      0      0.000000  0.000000  99.990000      0          0        0.000000  0.000000  99.990000      0           0
   -3315.348  0.123680 -0.240520  99.9900000      0.000000     0.000000    0.073480  0.090000  99.9900000  0.001000   0.001000          0.     0.000     0.000     0.000     0.000         0      0      0      0.000000  0.000000  99.990000      0          0        0.000000  0.000000  99.990000      0           0
   -3278.824  0.003690 -0.200510  99.9900000      0.000000     0.000000    0.073480  0.090000  99.9900000  0.001000   0.001000          0.     0.000     0.000     0.000     0.000         0      0      0      0.000000  0.000000  99.990000      0          0        0.000000  0.000000  99.990000      0           0
   -3242.300 -0.126300 -0.100500  99.9900000      0.000000     0.000000    0.073480  0.090000  99.9900000  0.001000   0.001000          0.     0.000     0.000     0.000     0.000         0      0      0      0.000000  0.000000  99.990000      0          0        0.000000  0.000000  99.990000      0           0
   -3205.776 -0.196290 -0.010490  99.9900000      0.000000     0.000000    0.073480  0.090000  99.9900000  0.001000   0.001000          0.     0.000     0.000     0.000     0.000         0      0      0      0.000000  0.000000  99.990000      0          0        0.000000  0.000000  99.990000      0           0
   -3169.252 -0.206280  0.039520  99.9900000      0.000000     0.000000    0.073480  0.090000  99.9900000  0.001000   0.001000          0.     0.000     0.000     0.000     0.000         0      0      0      0.000000  0.000000  99.990000      0          0        0.000000  0.000000  99.990000      0           0
   -3132.727 -0.176270  0.049530  99.9900000      0.000000     0.000000    0.073480  0.090000  99.9900000  0.001000   0.001000          0.     0.000     0.000     0.000     0.000         0      0      0      0.000000  0.000000  99.990000      0          0        0.000000  0.000000  99.990000      0           0
   -3096.203 -0.126260  0.039540  99.9900000      0.000000     0.000000    0.073480  0.090000  99.9900000  0.001000   0.001000          0.     0.000     0.000     0.000     0.000         0      0      0      0.000000  0.000000  99.990000      0          0        0.000000  0.000000  99.990000      0           0
   -3059.679 -0.036250  0.019550  99.9900000      0.000000     0.000000    0.073480  0.090000  99.9900000  0.001000   0.001000          0.     0.000     0.000     0.000     0.000         0      0      0      0.000000  0.000000  99.990000      0          0        0.000000  0.000000  99.990000      0           0
   -3023.155  0.043760 -0.050440  99.9900000      0.000000     0.000000    0.073480  0.090000  99.9900000  0.001000   0.001000          0.     0.000     0.000     0.000     0.000         0      0      0      0.000000  0.000000  99.990000      0          0        0.000000  0.000000  99.990000      0           0
   -2986.631  0.063770 -0.150430  99.9900000      0.000000     0.000000    0.073480  0.090000  99.9900000  0.001000   0.001000          0.     0.000     0.000     0.000     0.000         0      0      0      0.000000  0.000000  99.990000      0          0        0.000000  0.000000  99.990000      0           0
   -2950.106 -0.016220 -0.220420  99.9900000      0.000000     0.000000    0.073480  0.090000  99.9900000  0.001000   0.001000          0.     0.000     0.000     0.000     0.000         0      0      0      0.000000  0.000000  99.990000      0          0        0.000000  0.000000  99.990000      0           0
   -2913.582 -0.106210 -0.220410  99.9900000      0.000000     0.000000    0.073480  0.090000  99.9900000  0.001000   0.001000          0.     0.000     0.000     0.000     0.000         0      0      0      0.000000  0.000000  99.990000      0          0        0.000000  0.000000  99.990000      0           0
   -2877.058 -0.176200 -0.140400  99.9900000      0.000000     0.000000    0.073480  0.090000  99.9900000  0.001000   0.001000          0.     0.000     0.000     0.000     0.000         0      0      0      0.000000  0.000000  99.990000      0          0        0.000000  0.000000  99.990000      0           0
   -2840.534 -0.146190 -0.020390  99.9900000      0.000000     0.000000    0.073480  0.090000  99.9900000  0.001000   0.001000          0.     0.000     0.000     0.000     0.000         0      0      0      0.000000  0.000000  99.990000      0          0        0.000000  0.000000  99.990000      0           0
   -2804.010  0.033820 -0.020380  99.9900000      0.000000     0.000000    0.073480  0.090000  99.9900000  0.001000   0.001000          0.     0.000     0.000     0.000     0.000         0      0      0      0.000000  0.000000  99.990000      0          0        0.000000  0.000000  99.990000      0           0
   -2767.485  0.093830 -0.180370  99.9900000      0.000000     0.000000    0.073480  0.090000  99.9900000  0.001000   0.001000          0.     0.000     0.000     0.000     0.000         0      0      0      0.000000  0.000000  99.990000      0          0        0.000000  0.000000  99.990000      0           0
   -2730.961  0.063840 -0.230360  99.9900000      0.000000     0.000000    0.073480  0.090000  99.9900000  0.001000   0.001000          0.     0.000     0.000     0.000     0.000         0      0      0      0.000000  0.000000  99.990000      0          0        0.000000  0.000000  99.990000      0           0
   -2694.437 -0.016150 -0.180350  99.9900000      0.000000     0.000000    0.073480  0.090000  99.9900000  0.001000   0.001000          0.     0.000     0.000     0.000     0.000         0      0      0      0.000000  0.000000  99.990000      0          0        0.000000  0.000000  99.990000      0           0
   -2657.913 -0.106140 -0.100340  99.9900000      0.000000     0.000000    0.073480  0.090000  99.9900000  0.001000   0.001000          0.     0.000     0.000     0.000     0.000         0      0      0      0.000000  0.000000  99.990000      0          0        0.000000  0.000000  99.990000      0           0
   -2621.389 -0.136130  0.019670  99.9900000      0.000000     0.000000    0.073480  0.090000  99.9900000  0.001000   0.001000          0.     0.000     0.000     0.000     0.000         0      0      0      0.000000  0.000000  99.990000      0          0        0.000000  0.000000  99.990000      0           0
   -2584.864 -0.086120 -0.000320  99.9900000      0.000000     0.000000    0.073480  0.090000  99.9900000  0.001000   0.001000          0.     0.000     0.000     0.000     0.000         0      0      0      0.000000  0.000000  99.990000      0          0        0.000000  0.000000  99.990000      0           0
   -2548.340  0.023890 -0.070310  99.9900000      0.000000     0.000000    0.073480  0.090000  99.9900000  0.001000   0.001000          0.     0.000     0.000     0.000     0.000         0      0      0      0.000000  0.000000  99.990000      0          0        0.000000  0.000000  99.990000      0           0
   -2511.816  0.093900 -0.200300  99.9900000      0.000000     0.000000    0.073480  0.090000  99.9900000  0.001000   0.001000          0.     0.000     0.000     0.000     0.000         0      0      0      0.000000  0.000000  99.990000      0          0        0.000000  0.000000  99.990000      0           0
   -2475.292  0.143910 -0.290290  99.9900000      0.000000     0.000000    0.073480  0.090000  99.9900000  0.001000   0.001000          0.     0.000     0.000     0.000     0.000         0      0      0      0.000000  0.000000  99.990000      0          0        0.000000  0.000000  99.990000      0           0
   -2438.768  0.103920 -0.250280  99.9900000      0.000000     0.000000    0.073480  0.090000  99.9900000  0.001000   0.001000          0.     0.000     0.000     0.000     0.000         0      0      0      0.000000  0.000000  99.990000      0          0        0.000000  0.000000  99.990000      0           0
   -2402.243 -0.036070 -0.220270  99.9900000      0.000000     0.000000    0.073480  0.090000  99.9900000  0.001000   0.001000          0.     0.000     0.000     0.000     0.000         0      0      0      0.000000  0.000000  99.990000      0          0        0.000000  0.000000  99.990000      0           0
   -2365.719 -0.126060 -0.140260  99.9900000      0.000000     0.000000    0.073480  0.090000  99.9900000  0.001000   0.001000          0.     0.000     0.000     0.000     0.000         0      0      0      0.000000  0.000000  99.990000      0          0        0.000000  0.000000  99.990000      0           0
   -2329.195 -0.086050  0.089750  99.9900000      0.000000     0.000000    0.073480  0.090000  99.9900000  0.001000   0.001000          0.     0.000     0.000     0.000     0.000         0      0      0      0.000000  0.000000  99.990000      0          0        0.000000  0.000000  99.990000      0           0
   -2292.671  0.043960  0.169760  99.9900000      0.000000     0.000000    0.073480  0.090000  99.9900000  0.001000   0.001000          0.     0.000     0.000     0.000     0.000         0      0      0      0.000000  0.000000  99.990000      0          0        0.000000  0.000000  99.990000      0           0
   -2256.147  0.153970  0.079770  99.9900000      0.000000     0.000000    0.073480  0.090000  99.9900000  0.001000   0.001000          0.     0.000     0.000     0.000     0.000         0      0      0      0.000000  0.000000  99.990000      0          0        0.000000  0.000000  99.990000      0           0
   -2219.622  0.123980 -0.200220  99.9900000      0.000000     0.000000    0.073480  0.090000  99.9900000  0.001000   0.001000          0.     0.000     0.000     0.000     0.000         0      0      0      0.000000  0.000000  99.990000      0          0        0.000000  0.000000  99.990000      0           0
   -2183.098 -0.036010 -0.330210  99.9900000      0.000000     0.000000    0.073480  0.090000  99.9900000  0.001000   0.001000          0.     0.000     0.000     0.000     0.000         0      0      0      0.000000  0.000000  99.990000      0          0        0.000000  0.000000  99.990000      0           0
   -2146.574 -0.236000 -0.350200  99.9900000      0.000000     0.000000    0.073480  0.090000  99.9900000  0.001000   0.001000          0.     0.000     0.000     0.000     0.000         0      0      0      0.000000  0.000000  99.990000      0          0        0.000000  0.000000  99.990000      0           0
   -2110.050 -0.275990 -0.270190  99.9900000      0.000000     0.000000    0.073480  0.090000  99.9900000  0.001000   0.001000          0.     0.000     0.000     0.000     0.000         0      0      0      0.000000  0.000000  99.990000      0          0        0.000000  0.000000  99.990000      0           0
   -2073.526 -0.225980 -0.060180  99.9900000      0.000000     0.000000    0.073480  0.090000  99.9900000  0.001000   0.001000          0.     0.000     0.000     0.000     0.000         0      0      0      0.000000  0.000000  99.990000      0          0        0.000000  0.000000  99.990000      0           0
   -2037.001 -0.135970  0.139830  99.9900000      0.000000     0.000000    0.073480  0.090000  99.9900000  0.001000   0.001000          0.     0.000     0.000     0.000     0.000         0      0      0      0.000000  0.000000  99.990000      0          0        0.000000  0.000000  99.990000      0           0
   -2000.477  0.034040  0.209840  99.9900000      0.000000     0.000000    0.073480  0.090000  99.9900000  0.001000   0.001000          0.     0.000     0.000     0.000     0.000         0      0      0      0.000000  0.000000  99.990000      0          0        0.000000  0.000000  99.990000      0           0
   -1963.953  0.194050  0.219850  99.9900000      0.000000     0.000000    0.073480  0.090000  99.9900000  0.001000   0.001000          0.     0.000     0.000     0.000     0.000         0      0      0      0.000000  0.000000  99.990000      0          0        0.000000  0.000000  99.990000      0           0
   -1927.429  0.214060  0.099860  99.9900000      0.000000     0.000000    0.073480  0.090000  99.9900000  0.001000   0.001000          0.     0.000     0.000     0.000     0.000         0      0      0      0.000000  0.000000  99.990000      0          0        0.000000  0.000000  99.990000      0           0
   -1890.905  0.084070 -0.070130  99.9900000      0.000000     0.000000    0.073480  0.090000  99.9900000  0.001000   0.001000          0.     0.000     0.000     0.000     0.000         0      0      0      0.000000  0.000000  99.990000      0          0        0.000000  0.000000  99.990000      0           0
   -1854.380 -0.035920 -0.240120  99.9900000      0.000000     0.000000    0.073480  0.090000  99.9900000  0.001000   0.001000          0.     0.000     0.000     0.000     0.000         0      0      0      0.000000  0.000000  99.990000      0          0        0.000000  0.000000  99.990000      0           0
   -1817.856 -0.085910 -0.390110  99.9900000      0.000000     0.000000    0.073480  0.090000  99.9900000  0.001000   0.001000          0.     0.000     0.000     0.000     0.000         0      0      0      0.000000  0.000000  99.990000      0          0        0.000000  0.000000  99.990000      0           0
   -1781.332 -0.155900 -0.380100  99.9900000      0.000000     0.000000    0.073480  0.090000  99.9900000  0.001000   0.001000          0.     0.000     0.000     0.000     0.000         0      0      0      0.000000  0.000000  99.990000      0          0        0.000000  0.000000  99.990000      0           0
   -1744.808 -0.235890 -0.180090  99.9900000      0.000000     0.000000    0.073480  0.090000  99.9900000  0.001000   0.001000          0.     0.000     0.000     0.000     0.000         0      0      0      0.000000  0.000000  99.990000      0          0        0.000000  0.000000  99.990000      0           0
   -1708.284 -0.305880  0.119920  99.9900000      0.000000     0.000000    0.073480  0.090000  99.9900000  0.001000   0.001000          0.     0.000     0.000     0.000     0.000         0      0      0      0.000000  0.000000  99.990000      0          0        0.000000  0.000000  99.990000      0           0
   -1671.759 -0.285870  0.239930  99.9900000      0.000000     0.000000    0.073480  0.090000  99.9900000  0.001000   0.001000          0.     0.000     0.000     0.000     0.000         0      0      0      0.000000  0.000000  99.990000      0          0        0.000000  0.000000  99.990000      0           0
   -1635.235 -0.175860  0.209940  99.9900000      0.000000     0.000000    0.073480  0.090000  99.9900000  0.001000   0.001000          0.     0.000     0.000     0.000     0.000         0      0      0      0.000000  0.000000  99.990000      0          0        0.000000  0.000000  99.990000      0           0
   -1598.711 -0.025850  0.159950  99.9900000      0.000000     0.000000    0.073480  0.090000  99.9900000  0.001000   0.001000          0.     0.000     0.000     0.000     0.000         0      0      0      0.000000  0.000000  99.990000      0          0        0.000000  0.000000  99.990000      0           0
   -1562.187  0.074160  0.109960  99.9900000      0.000000     0.000000    0.073480  0.090000  99.9900000  0.001000   0.001000          0.     0.000     0.000     0.000     0.000         0      0      0      0.000000  0.000000  99.990000      0          0        0.000000  0.000000  99.990000      0           0
   -1525.663  0.094170  0.059970  99.9900000      0.000000     0.000000    0.073480  0.090000  99.9900000  0.001000   0.001000          0.     0.000     0.000     0.000     0.000         0      0      0      0.000000  0.000000  99.990000      0          0        0.000000  0.000000  99.990000      0           0
   -1489.138  0.044180 -0.070020  99.9900000      0.000000     0.000000    0.073480  0.090000  99.9900000  0.001000   0.001000          0.     0.000     0.000     0.000     0.000         0      0      0      0.000000  0.000000  99.990000      0          0        0.000000  0.000000  99.990000      0           0
   -1452.614 -0.115810 -0.230010  99.9900000      0.000000     0.000000    0.073480  0.090000  99.9900000  0.001000   0.001000          0.     0.000     0.000     0.000     0.000         0      0      0      0.000000  0.000000  99.990000      0          0        0.000000  0.000000  99.990000      0           0
   -1416.090 -0.235800 -0.370000  99.9900000      0.000000     0.000000    0.073480  0.090000  99.9900000  0.001000   0.001000          0.     0.000     0.000     0.000     0.000         0      0      0      0.000000  0.000000  99.990000      0          0        0.000000  0.000000  99.990000      0           0
   -1379.566 -0.255790 -0.279990  99.9900000      0.000000     0.000000    0.073480  0.090000  99.9900000  0.001000   0.001000          0.     0.000     0.000     0.000     0.000         0      0      0      0.000000  0.000000  99.990000      0          0        0.000000  0.000000  99.990000      0           0
   -1343.042 -0.135780 -0.029980  99.9900000      0.000000     0.000000    0.073480  0.090000  99.9900000  0.001000   0.001000          0.     0.000     0.000     0.000     0.000         0      0      0      0.000000  0.000000  99.990000      0          0        0.000000  0.000000  99.990000      0           0
   -1306.517  0.074230  0.060030  99.9900000      0.000000     0.000000    0.073480  0.090000  99.9900000  0.001000   0.001000          0.     0.000     0.000     0.000     0.000         0      0      0      0.000000  0.000000  99.990000      0          0        0.000000  0.000000  99.990000      0           0
   -1269.993  0.134240 -0.039960  99.9900000      0.000000     0.000000    0.073480  0.090000  99.9900000  0.001000   0.001000          0.     0.000     0.000     0.000     0.000         0      0      0      0.000000  0.000000  99.990000      0          0        0.000000  0.000000  99.990000      0           0
   -1233.469  0.034250 -0.189950  99.9900000      0.000000     0.000000    0.073480  0.090000  99.9900000  0.001000   0.001000          0.     0.000     0.000     0.000     0.000         0      0      0      0.000000  0.000000  99.990000      0          0        0.000000  0.000000  99.990000      0           0
   -1196.945 -0.115740 -0.259940  99.9900000      0.000000     0.000000    0.073480  0.090000  99.9900000  0.001000   0.001000          0.     0.000     0.000     0.000     0.000         0      0      0      0.000000  0.000000  99.990000      0          0        0.000000  0.000000  99.990000      0           0
   -1160.421 -0.215730 -0.219930  99.9900000      0.000000     0.000000    0.073480  0.090000  99.9900000  0.001000   0.001000          0.     0.000     0.000     0.000     0.000         0      0      0      0.000000  0.000000  99.990000      0          0        0.000000  0.000000  99.990000      0           0
   -1123.896 -0.195720  0.000080  99.9900000      0.000000     0.000000    0.073480  0.090000  99.9900000  0.001000   0.001000          0.     0.000     0.000     0.000     0.000         0      0      0      0.000000  0.000000  99.990000      0          0        0.000000  0.000000  99.990000      0           0
   -1087.372 -0.175710  0.110090  99.9900000      0.000000     0.000000    0.073480  0.090000  99.9900000  0.001000   0.001000          0.     0.000     0.000     0.000     0.000         0      0      0      0.000000  0.000000  99.990000      0          0        0.000000  0.000000  99.990000      0           0
   -1050.848 -0.095700  0.050100  99.9900000      0.000000     0.000000    0.073480  0.090000  99.9900000  0.001000   0.001000          0.     0.000     0.000     0.000     0.000         0      0      0      0.000000  0.000000  99.990000      0          0        0.000000  0.000000  99.990000      0           0
   -1014.324  0.014310 -0.089890  99.9900000      0.000000     0.000000    0.073480  0.090000  99.9900000  0.001000   0.001000          0.     0.000     0.000     0.000     0.000         0      0      0      0.000000  0.000000  99.990000      0          0        0.000000  0.000000  99.990000      0           0
    -977.800  0.084320 -0.279880  99.9900000      0.000000     0.000000    0.073480  0.090000  99.9900000  0.001000   0.001000          0.     0.000     0.000     0.000     0.000         0      0      0      0.000000  0.000000  99.990000      0          0        0.000000  0.000000  99.990000      0           0
    -941.275  0.064330 -0.329870  99.9900000      0.000000     0.000000    0.073480  0.090000  99.9900000  0.001000   0.001000          0.     0.000     0.000     0.000     0.000         0      0      0      0.000000  0.000000  99.990000      0          0        0.000000  0.000000  99.990000      0           0
    -904.751  0.034340 -0.259860  99.9900000      0.000000     0.000000    0.073480  0.090000  99.9900000  0.001000   0.001000          0.     0.000     0.000     0.000     0.000         0      0      0      0.000000  0.000000  99.990000      0          0        0.000000  0.000000  99.990000      0           0
    -868.227 -0.045650 -0.189850  99.9900000      0.000000     0.000000    0.073480  0.090000  99.9900000  0.001000   0.001000          0.     0.000     0.000     0.000     0.000         0      0      0      0.000000  0.000000  99.990000      0          0        0.000000  0.000000  99.990000      0           0
    -831.703 -0.175640 -0.119840  99.9900000      0.000000     0.000000    0.073480  0.090000  99.9900000  0.001000   0.001000          0.     0.000     0.000     0.000     0.000         0      0      0      0.000000  0.000000  99.990000      0          0        0.000000  0.000000  99.990000      0           0
    -795.179 -0.275630 -0.009830  99.9900000      0.000000     0.000000    0.073480  0.090000  99.9900000  0.001000   0.001000          0.     0.000     0.000     0.000     0.000         0      0      0      0.000000  0.000000  99.990000      0          0        0.000000  0.000000  99.990000      0           0
    -758.654 -0.325620  0.050180  99.9900000      0.000000     0.000000    0.073480  0.090000  99.9900000  0.001000   0.001000          0.     0.000     0.000     0.000     0.000         0      0      0      0.000000  0.000000  99.990000      0          0        0.000000  0.000000  99.990000      0           0
    -722.130 -0.355610  0.090190  99.9900000      0.000000     0.000000    0.073480  0.090000  99.9900000  0.001000   0.001000          0.     0.000     0.000     0.000     0.000         0      0      0      0.000000  0.000000  99.990000      0          0        0.000000  0.000000  99.990000      0           0
    -685.606 -0.255600  0.100200  99.9900000      0.000000     0.000000    0.073480  0.090000  99.9900000  0.001000   0.001000          0.     0.000     0.000     0.000     0.000         0      0      0      0.000000  0.000000  99.990000      0          0        0.000000  0.000000  99.990000      0           0
    -649.082 -0.085590  0.110210  99.9900000      0.000000     0.000000    0.073480  0.090000  99.9900000  0.001000   0.001000          0.     0.000     0.000     0.000     0.000         0      0      0      0.000000  0.000000  99.990000      0          0        0.000000  0.000000  99.990000      0           0
    -612.558  0.094420  0.110220  99.9900000      0.000000     0.000000    0.073480  0.090000  99.9900000  0.001000   0.001000          0.     0.000     0.000     0.000     0.000         0      0      0      0.000000  0.000000  99.990000      0          0        0.000000  0.000000  99.990000      0           0
    -576.033  0.194430  0.010230  99.9900000      0.000000     0.000000    0.073480  0.090000  99.9900000  0.001000   0.001000          0.     0.000     0.000     0.000     0.000         0      0      0      0.000000  0.000000  99.990000      0          0        0.000000  0.000000  99.990000      0           0
    -539.509  0.214440 -0.269760  99.9900000      0.000000     0.000000    0.073480  0.090000  99.9900000  0.001000   0.001000          0.     0.000     0.000     0.000     0.000         0      0      0      0.000000  0.000000  99.990000      0          0        0.000000  0.000000  99.990000      0           0
    -502.985  0.174450 -0.349750  99.9900000      0.000000     0.000000    0.073480  0.090000  99.9900000  0.001000   0.001000          0.     0.000     0.000     0.000     0.000         0      0      0      0.000000  0.000000  99.990000      0          0        0.000000  0.000000  99.990000      0           0
    -466.461  0.114460 -0.279740  99.9900000      0.000000     0.000000    0.073480  0.090000  99.9900000  0.001000   0.001000          0.     0.000     0.000     0.000     0.000         0      0      0      0.000000  0.000000  99.990000      0          0        0.000000  0.000000  99.990000      0           0
    -429.937  0.044470 -0.179730  99.9900000      0.000000     0.000000    0.073480  0.090000  99.9900000  0.001000   0.001000          0.     0.000     0.000     0.000     0.000         0      0      0      0.000000  0.000000  99.990000      0          0        0.000000  0.000000  99.990000      0           0
    -393.412 -0.065520 -0.169720  99.9900000      0.000000     0.000000    0.073480  0.090000  99.9900000  0.001000   0.001000          0.     0.000     0.000     0.000     0.000         0      0      0      0.000000  0.000000  99.990000      0          0        0.000000  0.000000  99.990000      0           0
    -356.888 -0.165510 -0.169710  99.9900000      0.000000     0.000000    0.073480  0.090000  99.9900000  0.001000   0.001000          0.     0.000     0.000     0.000     0.000         0      0      0      0.000000  0.000000  99.990000      0          0        0.000000  0.000000  99.990000      0           0
    -320.364 -0.235500 -0.119700  99.9900000      0.000000     0.000000    0.073480  0.090000  99.9900000  0.001000   0.001000          0.     0.000     0.000     0.000     0.000         0      0      0      0.000000  0.000000  99.990000      0          0        0.000000  0.000000  99.990000      0           0
    -283.840 -0.215490 -0.009690  99.9900000      0.000000     0.000000    0.073480  0.090000  99.9900000  0.001000   0.001000          0.     0.000     0.000     0.000     0.000         0      0      0      0.000000  0.000000  99.990000      0          0        0.000000  0.000000  99.990000      0           0
    -247.316 -0.095480  0.110320  99.9900000      0.000000     0.000000    0.073480  0.090000  99.9900000  0.001000   0.001000          0.     0.000     0.000     0.000     0.000         0      0      0      0.000000  0.000000  99.990000      0          0        0.000000  0.000000  99.990000      0           0
    -210.791  0.054530  0.190330  99.9900000      0.000000     0.000000    0.073480  0.090000  99.9900000  0.001000   0.001000          0.     0.000     0.000     0.000     0.000         0      0      0      0.000000  0.000000  99.990000      0          0        0.000000  0.000000  99.990000      0           0
    -174.267  0.124540  0.250340  99.9900000      0.000000     0.000000    0.073480  0.090000  99.9900000  0.001000   0.001000          0.     0.000     0.000     0.000     0.000         0      0      0      0.000000  0.000000  99.990000      0          0        0.000000  0.000000  99.990000      0           0
    -137.743  0.114550  0.160350  99.9900000      0.000000     0.000000    0.073480  0.090000  99.9900000  0.001000   0.001000          0.     0.000     0.000     0.000     0.000         0      0      0      0.000000  0.000000  99.990000      0          0        0.000000  0.000000  99.990000      0           0
    -101.219  0.054560 -0.189640  99.9900000      0.000000     0.000000    0.073480  0.090000  99.9900000  0.001000   0.001000          0.     0.000     0.000     0.000     0.000         0      0      0      0.000000  0.000000  99.990000      0          0        0.000000  0.000000  99.990000      0           0
     -64.695 -0.055430 -0.239630  99.9900000      0.000000     0.000000    0.073480  0.090000  99.9900000  0.001000   0.001000          0.     0.000     0.000     0.000     0.000         0      0      0      0.000000  0.000000  99.990000      0          0        0.000000  0.000000  99.990000      0           0
     -28.170 -0.185420 -0.149620  99.9900000      0.000000     0.000000    0.073480  0.090000  99.9900000  0.001000   0.001000          0.     0.000     0.000     0.000     0.000         0      0      0      0.000000  0.000000  99.990000      0          0        0.000000  0.000000  99.990000      0           0
       8.354 -0.315410 -0.247675  99.9900000      0.000000     0.000000    0.073480  0.090000  99.9900000  0.001000   0.001000          0.     0.000     0.000     0.000     0.000         0      0      0      0.000000  0.000000  99.990000      0          0        0.000000  0.000000  99.990000      0           0
      44.878 -0.335400 -0.164798  99.9900000      0.000000     0.000000    0.073480  0.090000  99.9900000  0.001000   0.001000          0.     0.000     0.000     0.000     0.000         0      0      0      0.000000  0.000000  99.990000      0          0        0.000000  0.000000  99.990000      0           0
      81.402 -0.255390 -0.053550  99.9900000      0.000000     0.000000    0.073480  0.090000  99.9900000  0.001000   0.001000          0.     0.000     0.000     0.000     0.000         0      0      0      0.000000  0.000000  99.990000      0          0        0.000000  0.000000  99.990000      0           0
     117.926 -0.135380  0.045943  99.9900000      0.000000     0.000000    0.073480  0.090000  99.9900000  0.001000   0.001000          0.     0.000     0.000     0.000     0.000         0      0      0      0.000000  0.000000  99.990000      0          0        0.000000  0.000000  99.990000      0           0
     154.451 -0.065370  0.100224  99.9900000      0.000000     0.000000    0.073480  0.090000  99.9900000  0.001000   0.001000          0.     0.000     0.000     0.000     0.000         0      0      0      0.000000  0.000000  99.990000      0          0        0.000000  0.000000  99.990000      0           0
     190.975 -0.035360  0.095042  99.9900000      0.000000     0.000000    0.073480  0.090000  99.9900000  0.001000   0.001000          0.     0.000     0.000     0.000     0.000         0      0      0      0.000000  0.000000  99.990000      0          0        0.000000  0.000000  99.990000      0           0
     227.499  0.004650  0.038934  99.9900000      0.000000     0.000000    0.073480  0.090000  99.9900000  0.001000   0.001000          0.     0.000     0.000     0.000     0.000         0      0      0      0.000000  0.000000  99.990000      0          0        0.000000  0.000000  99.990000      0           0
     264.023  0.074660 -0.042570  99.9900000      0.000000     0.000000    0.073480  0.090000  99.9900000  0.001000   0.001000          0.     0.000     0.000     0.000     0.000         0      0      0      0.000000  0.000000  99.990000      0          0        0.000000  0.000000  99.990000      0           0
     300.547  0.134670 -0.118523  99.9900000      0.000000     0.000000    0.073480  0.090000  99.9900000  0.001000   0.001000          0.     0.000     0.000     0.000     0.000         0      0      0      0.000000  0.000000  99.990000      0          0        0.000000  0.000000  99.990000      0           0
     337.072  0.114680 -0.164565  99.9900000      0.000000     0.000000    0.073480  0.090000  99.9900000  0.001000   0.001000          0.     0.000     0.000     0.000     0.000         0      0      0      0.000000  0.000000  99.990000      0          0        0.000000  0.000000  99.990000      0           0
     373.596  0.054690 -0.170918  99.9900000      0.000000     0.000000    0.073480  0.090000  99.9900000  0.001000   0.001000          0.     0.000     0.000     0.000     0.000         0      0      0      0.000000  0.000000  99.990000      0          0        0.000000  0.000000  99.990000      0           0
     410.120 -0.025300 -0.143915  99.9900000      0.000000     0.000000    0.073480  0.090000  99.9900000  0.001000   0.001000          0.     0.000     0.000     0.000     0.000         0      0      0      0.000000  0.000000  99.990000      0          0        0.000000  0.000000  99.990000      0           0
     446.644 -0.095290 -0.101195  99.9900000      0.000000     0.000000    0.073480  0.090000  99.9900000  0.001000   0.001000          0.     0.000     0.000     0.000     0.000         0      0      0      0.000000  0.000000  99.990000      0          0        0.000000  0.000000  99.990000      0           0
     483.168 -0.095280 -0.063027  99.9900000      0.000000     0.000000    0.073480  0.090000  99.9900000  0.001000   0.001000          0.     0.000     0.000     0.000     0.000         0      0      0      0.000000  0.000000  99.990000      0          0        0.000000  0.000000  99.990000      0           0
     519.693 -0.145270 -0.043324  99.9900000      0.000000     0.000000    0.073480  0.090000  99.9900000  0.001000   0.001000          0.     0.000     0.000     0.000     0.000         0      0      0      0.000000  0.000000  99.990000      0          0        0.000000  0.000000  99.990000      0           0
     556.217 -0.175260 -0.044098  99.9900000      0.000000     0.000000    0.073480  0.090000  99.9900000  0.001000   0.001000          0.     0.000     0.000     0.000     0.000         0      0      0      0.000000  0.000000  99.990000      0          0        0.000000  0.000000  99.990000      0           0
     592.741 -0.185250 -0.055752  99.9900000      0.000000     0.000000    0.073480  0.090000  99.9900000  0.001000   0.001000          0.     0.000     0.000     0.000     0.000         0      0      0      0.000000  0.000000  99.990000      0          0        0.000000  0.000000  99.990000      0           0
     629.265 -0.155240 -0.063258  99.9900000      0.000000     0.000000    0.073480  0.090000  99.9900000  0.001000   0.001000          0.     0.000     0.000     0.000     0.000         0      0      0      0.000000  0.000000  99.990000      0          0        0.000000  0.000000  99.990000      0           0
     665.789 -0.115230 -0.055410  99.9900000      0.000000     0.000000    0.073480  0.090000  99.9900000  0.001000   0.001000          0.     0.000     0.000     0.000     0.000         0      0      0      0.000000  0.000000  99.990000      0          0        0.000000  0.000000  99.990000      0           0
     702.314 -0.085220 -0.032369  99.9900000      0.000000     0.000000    0.073480  0.090000  99.9900000  0.001000   0.001000          0.     0.000     0.000     0.000     0.000         0      0      0      0.000000  0.000000  99.990000      0          0        0.000000  0.000000  99.990000      0           0
     738.838 -0.075210 -0.006942  99.9900000      0.000000     0.000000    0.073480  0.090000  99.9900000  0.001000   0.001000          0.     0.000     0.000     0.000     0.000         0      0      0      0.000000  0.000000  99.990000      0          0        0.000000  0.000000  99.990000      0           0
     775.362 -0.055200  0.000600  99.9900000      0.000000     0.000000    0.073480  0.090000  99.9900000  0.001000   0.001000          0.     0.000     0.000     0.000     0.000         0      0      0      0.000000  0.000000  99.990000      0          0        0.000000  0.000000  99.990000      0           0
     811.886  0.034810  0.030610  99.9900000      0.000000     0.000000    0.073480  0.090000  99.9900000  0.001000   0.001000          0.     0.000     0.000     0.000     0.000         0      0      0      0.000000  0.000000  99.990000      0          0        0.000000  0.000000  99.990000      0           0
     848.410  0.114820  0.090620  99.9900000      0.000000     0.000000    0.073480  0.090000  99.9900000  0.001000   0.001000          0.     0.000     0.000     0.000     0.000         0      0      0      0.000000  0.000000  99.990000      0          0        0.000000  0.000000  99.990000      0           0
     884.935  0.114830  0.030630  99.9900000      0.000000     0.000000    0.073480  0.090000  99.9900000  0.001000   0.001000          0.     0.000     0.000     0.000     0.000         0      0      0      0.000000  0.000000  99.990000      0          0        0.000000  0.000000  99.990000      0           0
     921.459  0.044840 -0.099360  99.9900000      0.000000     0.000000    0.073480  0.090000  99.9900000  0.001000   0.001000          0.     0.000     0.000     0.000     0.000         0      0      0      0.000000  0.000000  99.990000      0          0        0.000000  0.000000  99.990000      0           0
     957.983 -0.035150 -0.139350  99.9900000      0.000000     0.000000    0.073480  0.090000  99.9900000  0.001000   0.001000          0.     0.000     0.000     0.000     0.000         0      0      0      0.000000  0.000000  99.990000      0          0        0.000000  0.000000  99.990000      0           0
     994.507 -0.085140 -0.149340  99.9900000      0.000000     0.000000    0.073480  0.090000  99.9900000  0.001000   0.001000          0.     0.000     0.000     0.000     0.000         0      0      0      0.000000  0.000000  99.990000      0          0        0.000000  0.000000  99.990000      0           0
    1031.031 -0.135130 -0.139330  99.9900000      0.000000     0.000000    0.073480  0.090000  99.9900000  0.001000   0.001000          0.     0.000     0.000     0.000     0.000         0      0      0      0.000000  0.000000  99.990000      0          0        0.000000  0.000000  99.990000      0           0
    1067.556 -0.135120 -0.059320  99.9900000      0.000000     0.000000    0.073480  0.090000  99.9900000  0.001000   0.001000          0.     0.000     0.000     0.000     0.000         0      0      0      0.000000  0.000000  99.990000      0          0        0.000000  0.000000  99.990000      0           0
    1104.080 -0.055110  0.030690  99.9900000      0.000000     0.000000    0.073480  0.090000  99.9900000  0.001000   0.001000          0.     0.000     0.000     0.000     0.000         0      0      0      0.000000  0.000000  99.990000      0          0        0.000000  0.000000  99.990000      0           0
    1140.604  0.074900  0.120700  99.9900000      0.000000     0.000000    0.073480  0.090000  99.9900000  0.001000   0.001000          0.     0.000     0.000     0.000     0.000         0      0      0      0.000000  0.000000  99.990000      0          0        0.000000  0.000000  99.990000      0           0
    1177.128  0.134910  0.130710  99.9900000      0.000000     0.000000    0.073480  0.090000  99.9900000  0.001000   0.001000          0.     0.000     0.000     0.000     0.000         0      0      0      0.000000  0.000000  99.990000      0          0        0.000000  0.000000  99.990000      0           0
    1213.652  0.094920  0.010720  99.9900000      0.000000     0.000000    0.073480  0.090000  99.9900000  0.001000   0.001000          0.     0.000     0.000     0.000     0.000         0      0      0      0.000000  0.000000  99.990000      0          0        0.000000  0.000000  99.990000      0           0
    1250.177  0.004930 -0.139270  99.9900000      0.000000     0.000000    0.073480  0.090000  99.9900000  0.001000   0.001000          0.     0.000     0.000     0.000     0.000         0      0      0      0.000000  0.000000  99.990000      0          0        0.000000  0.000000  99.990000      0           0
    1286.701 -0.095060 -0.199260  99.9900000      0.000000     0.000000    0.073480  0.090000  99.9900000  0.001000   0.001000          0.     0.000     0.000     0.000     0.000         0      0      0      0.000000  0.000000  99.990000      0          0        0.000000  0.000000  99.990000      0           0
    1323.225 -0.185050 -0.179250  99.9900000      0.000000     0.000000    0.073480  0.090000  99.9900000  0.001000   0.001000          0.     0.000     0.000     0.000     0.000         0      0      0      0.000000  0.000000  99.990000      0          0        0.000000  0.000000  99.990000      0           0
    1359.749 -0.205040 -0.209240  99.9900000      0.000000     0.000000    0.073480  0.090000  99.9900000  0.001000   0.001000          0.     0.000     0.000     0.000     0.000         0      0      0      0.000000  0.000000  99.990000      0          0        0.000000  0.000000  99.990000      0           0
    1396.273 -0.255030 -0.239230  99.9900000      0.000000     0.000000    0.073480  0.090000  99.9900000  0.001000   0.001000          0.     0.000     0.000     0.000     0.000         0      0      0      0.000000  0.000000  99.990000      0          0        0.000000  0.000000  99.990000      0           0
    1432.798 -0.295020 -0.189220  99.9900000      0.000000     0.000000    0.073480  0.090000  99.9900000  0.001000   0.001000          0.     0.000     0.000     0.000     0.000         0      0      0      0.000000  0.000000  99.990000      0          0        0.000000  0.000000  99.990000      0           0
    1469.322 -0.255010 -0.029210  99.9900000      0.000000     0.000000    0.073480  0.090000  99.9900000  0.001000   0.001000          0.     0.000     0.000     0.000     0.000         0      0      0      0.000000  0.000000  99.990000      0          0        0.000000  0.000000  99.990000      0           0
    1505.846 -0.135000  0.070800  99.9900000      0.000000     0.000000    0.073480  0.090000  99.9900000  0.001000   0.001000          0.     0.000     0.000     0.000     0.000         0      0      0      0.000000  0.000000  99.990000      0          0        0.000000  0.000000  99.990000      0           0
    1542.370  0.005010  0.100810  99.9900000      0.000000     0.000000    0.073480  0.090000  99.9900000  0.001000   0.001000          0.     0.000     0.000     0.000     0.000         0      0      0      0.000000  0.000000  99.990000      0          0        0.000000  0.000000  99.990000      0           0
    1578.894  0.105020  0.050820  99.9900000      0.000000     0.000000    0.073480  0.090000  99.9900000  0.001000   0.001000          0.     0.000     0.000     0.000     0.000         0      0      0      0.000000  0.000000  99.990000      0          0        0.000000  0.000000  99.990000      0           0
    1615.419  0.135030  0.010830  99.9900000      0.000000     0.000000    0.073480  0.090000  99.9900000  0.001000   0.001000          0.     0.000     0.000     0.000     0.000         0      0      0      0.000000  0.000000  99.990000      0          0        0.000000  0.000000  99.990000      0           0
    1651.943  0.145040 -0.029160  99.9900000      0.000000     0.000000    0.073480  0.090000  99.9900000  0.001000   0.001000          0.     0.000     0.000     0.000     0.000         0      0      0      0.000000  0.000000  99.990000      0          0        0.000000  0.000000  99.990000      0           0
    1688.467  0.155050 -0.059150  99.9900000      0.000000     0.000000    0.073480  0.090000  99.9900000  0.001000   0.001000          0.     0.000     0.000     0.000     0.000         0      0      0      0.000000  0.000000  99.990000      0          0        0.000000  0.000000  99.990000      0           0
    1724.991  0.125060 -0.149140  99.9900000      0.000000     0.000000    0.073480  0.090000  99.9900000  0.001000   0.001000          0.     0.000     0.000     0.000     0.000         0      0      0      0.000000  0.000000  99.990000      0          0        0.000000  0.000000  99.990000      0           0
    1761.515  0.055070 -0.239130  99.9900000      0.000000     0.000000    0.073480  0.090000  99.9900000  0.001000   0.001000          0.     0.000     0.000     0.000     0.000         0      0      0      0.000000  0.000000  99.990000      0          0        0.000000  0.000000  99.990000      0           0
    1798.040  0.045080 -0.259120  99.9900000      0.000000     0.000000    0.073480  0.090000  99.9900000  0.001000   0.001000          0.     0.000     0.000     0.000     0.000         0      0      0      0.000000  0.000000  99.990000      0          0        0.000000  0.000000  99.990000      0           0
    1834.564 -0.064910 -0.219110  99.9900000      0.000000     0.000000    0.073480  0.090000  99.9900000  0.001000   0.001000          0.     0.000     0.000     0.000     0.000         0      0      0      0.000000  0.000000  99.990000      0          0        0.000000  0.000000  99.990000      0           0
    1871.088 -0.184900 -0.139100  99.9900000      0.000000     0.000000    0.073480  0.090000  99.9900000  0.001000   0.001000          0.     0.000     0.000     0.000     0.000         0      0      0      0.000000  0.000000  99.990000      0          0        0.000000  0.000000  99.990000      0           0
    1907.612 -0.244890 -0.019090  99.9900000      0.000000     0.000000    0.073480  0.090000  99.9900000  0.001000   0.001000          0.     0.000     0.000     0.000     0.000         0      0      0      0.000000  0.000000  99.990000      0          0        0.000000  0.000000  99.990000      0           0
    1944.136 -0.214880  0.060920  99.9900000      0.000000     0.000000    0.073480  0.090000  99.9900000  0.001000   0.001000          0.     0.000     0.000     0.000     0.000         0      0      0      0.000000  0.000000  99.990000      0          0        0.000000  0.000000  99.990000      0           0
    1980.661 -0.144870  0.090930  99.9900000      0.000000     0.000000    0.073480  0.090000  99.9900000  0.001000   0.001000          0.     0.000     0.000     0.000     0.000         0      0      0      0.000000  0.000000  99.990000      0          0        0.000000  0.000000  99.990000      0           0
    2017.185 -0.054860  0.080940  99.9900000      0.000000     0.000000    0.073480  0.090000  99.9900000  0.001000   0.001000          0.     0.000     0.000     0.000     0.000         0      0      0      0.000000  0.000000  99.990000      0          0        0.000000  0.000000  99.990000      0           0
    2053.709  0.065150  0.010950  99.9900000      0.000000     0.000000    0.073480  0.090000  99.9900000  0.001000   0.001000          0.     0.000     0.000     0.000     0.000         0      0      0      0.000000  0.000000  99.990000      0          0        0.000000  0.000000  99.990000      0           0
    2090.233  0.165160 -0.089040  99.9900000      0.000000     0.000000    0.073480  0.090000  99.9900000  0.001000   0.001000          0.     0.000     0.000     0.000     0.000         0      0      0      0.000000  0.000000  99.990000      0          0        0.000000  0.000000  99.990000      0           0
    2126.757  0.165170 -0.199030  99.9900000      0.000000     0.000000    0.073480  0.090000  99.9900000  0.001000   0.001000          0.     0.000     0.000     0.000     0.000         0      0      0      0.000000  0.000000  99.990000      0          0        0.000000  0.000000  99.990000      0           0
    2163.282  0.065180 -0.279020  99.9900000      0.000000     0.000000    0.073480  0.090000  99.9900000  0.001000   0.001000          0.     0.000     0.000     0.000     0.000         0      0      0      0.000000  0.000000  99.990000      0          0        0.000000  0.000000  99.990000      0           0
    2199.806 -0.054810 -0.299010  99.9900000      0.000000     0.000000    0.073480  0.090000  99.9900000  0.001000   0.001000          0.     0.000     0.000     0.000     0.000         0      0      0      0.000000  0.000000  99.990000      0          0        0.000000  0.000000  99.990000      0           0
    2236.330 -0.144800 -0.249000  99.9900000      0.000000     0.000000    0.073480  0.090000  99.9900000  0.001000   0.001000          0.     0.000     0.000     0.000     0.000         0      0      0      0.000000  0.000000  99.990000      0          0        0.000000  0.000000  99.990000      0           0
    2272.854 -0.184790 -0.138990  99.9900000      0.000000     0.000000    0.073480  0.090000  99.9900000  0.001000   0.001000          0.     0.000     0.000     0.000     0.000         0      0      0      0.000000  0.000000  99.990000      0          0        0.000000  0.000000  99.990000      0           0
    2309.378 -0.194780 -0.028980  99.9900000      0.000000     0.000000    0.073480  0.090000  99.9900000  0.001000   0.001000          0.     0.000     0.000     0.000     0.000         0      0      0      0.000000  0.000000  99.990000      0          0        0.000000  0.000000  99.990000      0           0
    2345.903 -0.174770  0.041030  99.9900000      0.000000     0.000000    0.073480  0.090000  99.9900000  0.001000   0.001000          0.     0.000     0.000     0.000     0.000         0      0      0      0.000000  0.000000  99.990000      0          0        0.000000  0.000000  99.990000      0           0
    2382.427 -0.134760  0.081040  99.9900000      0.000000     0.000000    0.073480  0.090000  99.9900000  0.001000   0.001000          0.     0.000     0.000     0.000     0.000         0      0      0      0.000000  0.000000  99.990000      0          0        0.000000  0.000000  99.990000      0           0
    2418.951 -0.094750  0.071050  99.9900000      0.000000     0.000000    0.073480  0.090000  99.9900000  0.001000   0.001000          0.     0.000     0.000     0.000     0.000         0      0      0      0.000000  0.000000  99.990000      0          0        0.000000  0.000000  99.990000      0           0
    2455.475 -0.024740  0.031060  99.9900000      0.000000     0.000000    0.073480  0.090000  99.9900000  0.001000   0.001000          0.     0.000     0.000     0.000     0.000         0      0      0      0.000000  0.000000  99.990000      0          0        0.000000  0.000000  99.990000      0           0
    2491.999  0.075270 -0.038930  99.9900000      0.000000     0.000000    0.073480  0.090000  99.9900000  0.001000   0.001000          0.     0.000     0.000     0.000     0.000         0      0      0      0.000000  0.000000  99.990000      0          0        0.000000  0.000000  99.990000      0           0
    2528.524  0.125280 -0.128920  99.9900000      0.000000     0.000000    0.073480  0.090000  99.9900000  0.001000   0.001000          0.     0.000     0.000     0.000     0.000         0      0      0      0.000000  0.000000  99.990000      0          0        0.000000  0.000000  99.990000      0           0
    2565.048  0.065290 -0.208910  99.9900000      0.000000     0.000000    0.073480  0.090000  99.9900000  0.001000   0.001000          0.     0.000     0.000     0.000     0.000         0      0      0      0.000000  0.000000  99.990000      0          0        0.000000  0.000000  99.990000      0           0
    2601.572 -0.034700 -0.238900  99.9900000      0.000000     0.000000    0.073480  0.090000  99.9900000  0.001000   0.001000          0.     0.000     0.000     0.000     0.000         0      0      0      0.000000  0.000000  99.990000      0          0        0.000000  0.000000  99.990000      0           0
    2638.096 -0.104690 -0.168890  99.9900000      0.000000     0.000000    0.073480  0.090000  99.9900000  0.001000   0.001000          0.     0.000     0.000     0.000     0.000         0      0      0      0.000000  0.000000  99.990000      0          0        0.000000  0.000000  99.990000      0           0
    2674.620 -0.154680 -0.128880  99.9900000      0.000000     0.000000    0.073480  0.090000  99.9900000  0.001000   0.001000          0.     0.000     0.000     0.000     0.000         0      0      0      0.000000  0.000000  99.990000      0          0        0.000000  0.000000  99.990000      0           0
    2711.145 -0.184670 -0.058870  99.9900000      0.000000     0.000000    0.073480  0.090000  99.9900000  0.001000   0.001000          0.     0.000     0.000     0.000     0.000         0      0      0      0.000000  0.000000  99.990000      0          0        0.000000  0.000000  99.990000      0           0
    2747.669 -0.164660  0.021140  99.9900000      0.000000     0.000000    0.073480  0.090000  99.9900000  0.001000   0.001000          0.     0.000     0.000     0.000     0.000         0      0      0      0.000000  0.000000  99.990000      0          0        0.000000  0.000000  99.990000      0           0
    2784.193 -0.134650  0.081150  99.9900000      0.000000     0.000000    0.073480  0.090000  99.9900000  0.001000   0.001000          0.     0.000     0.000     0.000     0.000         0      0      0      0.000000  0.000000  99.990000      0          0        0.000000  0.000000  99.990000      0           0
    2820.717 -0.084640  0.111160  99.9900000      0.000000     0.000000    0.073480  0.090000  99.9900000  0.001000   0.001000          0.     0.000     0.000     0.000     0.000         0      0      0      0.000000  0.000000  99.990000      0          0        0.000000  0.000000  99.990000      0           0
    2857.241 -0.014630  0.111170  99.9900000      0.000000     0.000000    0.073480  0.090000  99.9900000  0.001000   0.001000          0.     0.000     0.000     0.000     0.000         0      0      0      0.000000  0.000000  99.990000      0          0        0.000000  0.000000  99.990000      0           0
    2893.766  0.075380  0.091180  99.9900000      0.000000     0.000000    0.073480  0.090000  99.9900000  0.001000   0.001000          0.     0.000     0.000     0.000     0.000         0      0      0      0.000000  0.000000  99.990000      0          0        0.000000  0.000000  99.990000      0           0
    2930.290  0.145390  0.041190  99.9900000      0.000000     0.000000    0.073480  0.090000  99.9900000  0.001000   0.001000          0.     0.000     0.000     0.000     0.000         0      0      0      0.000000  0.000000  99.990000      0          0        0.000000  0.000000  99.990000      0           0
    2966.814  0.125400 -0.128800  99.9900000      0.000000     0.000000    0.073480  0.090000  99.9900000  0.001000   0.001000          0.     0.000     0.000     0.000     0.000         0      0      0      0.000000  0.000000  99.990000      0          0        0.000000  0.000000  99.990000      0           0
    3003.338  0.055410 -0.278790  99.9900000      0.000000     0.000000    0.073480  0.090000  99.9900000  0.001000   0.001000          0.     0.000     0.000     0.000     0.000         0      0      0      0.000000  0.000000  99.990000      0          0        0.000000  0.000000  99.990000      0           0
    3039.862 -0.014580 -0.268780  99.9900000      0.000000     0.000000    0.073480  0.090000  99.9900000  0.001000   0.001000          0.     0.000     0.000     0.000     0.000         0      0      0      0.000000  0.000000  99.990000      0          0        0.000000  0.000000  99.990000      0           0
    3076.387 -0.104570 -0.238770  99.9900000      0.000000     0.000000    0.073480  0.090000  99.9900000  0.001000   0.001000          0.     0.000     0.000     0.000     0.000         0      0      0      0.000000  0.000000  99.990000      0          0        0.000000  0.000000  99.990000      0           0
    3112.911 -0.174560 -0.198760  99.9900000      0.000000     0.000000    0.073480  0.090000  99.9900000  0.001000   0.001000          0.     0.000     0.000     0.000     0.000         0      0      0      0.000000  0.000000  99.990000      0          0        0.000000  0.000000  99.990000      0           0
    3149.435 -0.204550 -0.148750  99.9900000      0.000000     0.000000    0.073480  0.090000  99.9900000  0.001000   0.001000          0.     0.000     0.000     0.000     0.000         0      0      0      0.000000  0.000000  99.990000      0          0        0.000000  0.000000  99.990000      0           0
    3185.959 -0.174540 -0.078740  99.9900000      0.000000     0.000000    0.073480  0.090000  99.9900000  0.001000   0.001000          0.     0.000     0.000     0.000     0.000         0      0      0      0.000000  0.000000  99.990000      0          0        0.000000  0.000000  99.990000      0           0
    3222.483 -0.124530  0.011270  99.9900000      0.000000     0.000000    0.073480  0.090000  99.9900000  0.001000   0.001000          0.     0.000     0.000     0.000     0.000         0      0      0      0.000000  0.000000  99.990000      0          0        0.000000  0.000000  99.990000      0           0
    3259.008 -0.104520  0.111280  99.9900000      0.000000     0.000000    0.073480  0.090000  99.9900000  0.001000   0.001000          0.     0.000     0.000     0.000     0.000         0      0      0      0.000000  0.000000  99.990000      0          0        0.000000  0.000000  99.990000      0           0
    3295.532 -0.074510  0.121290  99.9900000      0.000000     0.000000    0.073480  0.090000  99.9900000  0.001000   0.001000          0.     0.000     0.000     0.000     0.000         0      0      0      0.000000  0.000000  99.990000      0          0        0.000000  0.000000  99.990000      0           0
    3332.056 -0.004500  0.071300  99.9900000      0.000000     0.000000    0.073480  0.090000  99.9900000  0.001000   0.001000          0.     0.000     0.000     0.000     0.000         0      0      0      0.000000  0.000000  99.990000      0          0        0.000000  0.000000  99.990000      0           0
    3368.580  0.085510  0.011310  99.9900000      0.000000     0.000000    0.073480  0.090000  99.9900000  0.001000   0.001000          0.     0.000     0.000     0.000     0.000         0      0      0      0.000000  0.000000  99.990000      0          0        0.000000  0.000000  99.990000      0           0
    3405.104  0.125520 -0.028680  99.9900000      0.000000     0.000000    0.073480  0.090000  99.9900000  0.001000   0.001000          0.     0.000     0.000     0.000     0.000         0      0      0      0.000000  0.000000  99.990000      0          0        0.000000  0.000000  99.990000      0           0
    3441.629  0.155530 -0.118670  99.9900000      0.000000     0.000000    0.073480  0.090000  99.9900000  0.001000   0.001000          0.     0.000     0.000     0.000     0.000         0      0      0      0.000000  0.000000  99.990000      0          0        0.000000  0.000000  99.990000      0           0
    3478.153  0.165540 -0.148660  99.9900000      0.000000     0.000000    0.073480  0.090000  99.9900000  0.001000   0.001000          0.     0.000     0.000     0.000     0.000         0      0      0      0.000000  0.000000  99.990000      0          0        0.000000  0.000000  99.990000      0           0
    3514.677  0.105550 -0.248650  99.9900000      0.000000     0.000000    0.073480  0.090000  99.9900000  0.001000   0.001000          0.     0.000     0.000     0.000     0.000         0      0      0      0.000000  0.000000  99.990000      0          0        0.000000  0.000000  99.990000      0           0
    3551.201 -0.044440 -0.288640  99.9900000      0.000000     0.000000    0.073480  0.090000  99.9900000  0.001000   0.001000          0.     0.000     0.000     0.000     0.000         0      0      0      0.000000  0.000000  99.990000      0          0        0.000000  0.000000  99.990000      0           0
    3587.725 -0.234430 -0.208630  99.9900000      0.000000     0.000000    0.073480  0.090000  99.9900000  0.001000   0.001000          0.     0.000     0.000     0.000     0.000         0      0      0      0.000000  0.000000  99.990000      0          0        0.000000  0.000000  99.990000      0           0
    3624.250 -0.344420 -0.108620  99.9900000      0.000000     0.000000    0.073480  0.090000  99.9900000  0.001000   0.001000          0.     0.000     0.000     0.000     0.000         0      0      0      0.000000  0.000000  99.990000      0          0        0.000000  0.000000  99.990000      0           0
    3660.774 -0.374410 -0.048610  99.9900000      0.000000     0.000000    0.073480  0.090000  99.9900000  0.001000   0.001000          0.     0.000     0.000     0.000     0.000         0      0      0      0.000000  0.000000  99.990000      0          0        0.000000  0.000000  99.990000      0           0
    3697.298 -0.344400  0.041400  99.9900000      0.000000     0.000000    0.073480  0.090000  99.9900000  0.001000   0.001000          0.     0.000     0.000     0.000     0.000         0      0      0      0.000000  0.000000  99.990000      0          0        0.000000  0.000000  99.990000      0           0
    3733.822 -0.234390  0.141410  99.9900000      0.000000     0.000000    0.073480  0.090000  99.9900000  0.001000   0.001000          0.     0.000     0.000     0.000     0.000         0      0      0      0.000000  0.000000  99.990000      0          0        0.000000  0.000000  99.990000      0           0
    3770.346 -0.134380  0.181420  99.9900000      0.000000     0.000000    0.073480  0.090000  99.9900000  0.001000   0.001000          0.     0.000     0.000     0.000     0.000         0      0      0      0.000000  0.000000  99.990000      0          0        0.000000  0.000000  99.990000      0           0
    3806.871  0.015630  0.131430  99.9900000      0.000000     0.000000    0.073480  0.090000  99.9900000  0.001000   0.001000          0.     0.000     0.000     0.000     0.000         0      0      0      0.000000  0.000000  99.990000      0          0        0.000000  0.000000  99.990000      0           0
    3843.395  0.195640  0.081440  99.9900000      0.000000     0.000000    0.073480  0.090000  99.9900000  0.001000   0.001000          0.     0.000     0.000     0.000     0.000         0      0      0      0.000000  0.000000  99.990000      0          0        0.000000  0.000000  99.990000      0           0
    3879.919  0.275650 -0.008550  99.9900000      0.000000     0.000000    0.073480  0.090000  99.9900000  0.001000   0.001000          0.     0.000     0.000     0.000     0.000         0      0      0      0.000000  0.000000  99.990000      0          0        0.000000  0.000000  99.990000      0           0
    3916.443  0.205660 -0.168540  99.9900000      0.000000     0.000000    0.073480  0.090000  99.9900000  0.001000   0.001000          0.     0.000     0.000     0.000     0.000         0      0      0      0.000000  0.000000  99.990000      0          0        0.000000  0.000000  99.990000      0           0
    3952.967  0.015670 -0.328530  99.9900000      0.000000     0.000000    0.073480  0.090000  99.9900000  0.001000   0.001000          0.     0.000     0.000     0.000     0.000         0      0      0      0.000000  0.000000  99.990000      0          0        0.000000  0.000000  99.990000      0           0
    3989.492 -0.164330 -0.418520  99.9900000      0.000000     0.000000    0.073480  0.090000  99.9900000  0.001000   0.001000          0.     0.000     0.000     0.000     0.000         0      0      0      0.000000  0.000000  99.990000      0          0        0.000000  0.000000  99.990000      0           0
    4026.016 -0.294310 -0.428510  99.9900000      0.000000     0.000000    0.073480  0.090000  99.9900000  0.001000   0.001000          0.     0.000     0.000     0.000     0.000         0      0      0      0.000000  0.000000  99.990000      0          0        0.000000  0.000000  99.990000      0           0
    4062.540 -0.314300 -0.268500  99.9900000      0.000000     0.000000    0.073480  0.090000  99.9900000  0.001000   0.001000          0.     0.000     0.000     0.000     0.000         0      0      0      0.000000  0.000000  99.990000      0          0        0.000000  0.000000  99.990000      0           0
    4099.064 -0.244290  0.031510  99.9900000      0.000000     0.000000    0.073480  0.090000  99.9900000  0.001000   0.001000          0.     0.000     0.000     0.000     0.000         0      0      0      0.000000  0.000000  99.990000      0          0        0.000000  0.000000  99.990000      0           0
    4135.588 -0.094280  0.231520  99.9900000      0.000000     0.000000    0.073480  0.090000  99.9900000  0.001000   0.001000          0.     0.000     0.000     0.000     0.000         0      0      0      0.000000  0.000000  99.990000      0          0        0.000000  0.000000  99.990000      0           0
    4172.113  0.035730  0.291530  99.9900000      0.000000     0.000000    0.073480  0.090000  99.9900000  0.001000   0.001000          0.     0.000     0.000     0.000     0.000         0      0      0      0.000000  0.000000  99.990000      0          0        0.000000  0.000000  99.990000      0           0
    4208.637  0.115740  0.231540  99.9900000      0.000000     0.000000    0.073480  0.090000  99.9900000  0.001000   0.001000          0.     0.000     0.000     0.000     0.000         0      0      0      0.000000  0.000000  99.990000      0          0        0.000000  0.000000  99.990000      0           0
    4245.161  0.135750  0.111550  99.9900000      0.000000     0.000000    0.073480  0.090000  99.9900000  0.001000   0.001000          0.     0.000     0.000     0.000     0.000         0      0      0      0.000000  0.000000  99.990000      0          0        0.000000  0.000000  99.990000      0           0
    4281.685  0.135760 -0.008440  99.9900000      0.000000     0.000000    0.073480  0.090000  99.9900000  0.001000   0.001000          0.     0.000     0.000     0.000     0.000         0      0      0      0.000000  0.000000  99.990000      0          0        0.000000  0.000000  99.990000      0           0
    4318.209  0.095770 -0.108430  99.9900000      0.000000     0.000000    0.073480  0.090000  99.9900000  0.001000   0.001000          0.     0.000     0.000     0.000     0.000         0      0      0      0.000000  0.000000  99.990000      0          0        0.000000  0.000000  99.990000      0           0
    4354.734 -0.004220 -0.188420  99.9900000      0.000000     0.000000    0.073480  0.090000  99.9900000  0.001000   0.001000          0.     0.000     0.000     0.000     0.000         0      0      0      0.000000  0.000000  99.990000      0          0        0.000000  0.000000  99.990000      0           0
    4391.258 -0.144210 -0.258410  99.9900000      0.000000     0.000000    0.073480  0.090000  99.9900000  0.001000   0.001000          0.     0.000     0.000     0.000     0.000         0      0      0      0.000000  0.000000  99.990000      0          0        0.000000  0.000000  99.990000      0           0
    4427.782 -0.284200 -0.298400  99.9900000      0.000000     0.000000    0.073480  0.090000  99.9900000  0.001000   0.001000          0.     0.000     0.000     0.000     0.000         0      0      0      0.000000  0.000000  99.990000      0          0        0.000000  0.000000  99.990000      0           0
    4464.306 -0.374190 -0.288390  99.9900000      0.000000     0.000000    0.073480  0.090000  99.9900000  0.001000   0.001000          0.     0.000     0.000     0.000     0.000         0      0      0      0.000000  0.000000  99.990000      0          0        0.000000  0.000000  99.990000      0           0
    4500.830 -0.344180 -0.208380  99.9900000      0.000000     0.000000    0.073480  0.090000  99.9900000  0.001000   0.001000          0.     0.000     0.000     0.000     0.000         0      0      0      0.000000  0.000000  99.990000      0          0        0.000000  0.000000  99.990000      0           0
    4537.355 -0.224170  0.041630  99.9900000      0.000000     0.000000    0.073480  0.090000  99.9900000  0.001000   0.001000          0.     0.000     0.000     0.000     0.000         0      0      0      0.000000  0.000000  99.990000      0          0        0.000000  0.000000  99.990000      0           0
    4573.879 -0.094160  0.131640  99.9900000      0.000000     0.000000    0.073480  0.090000  99.9900000  0.001000   0.001000          0.     0.000     0.000     0.000     0.000         0      0      0      0.000000  0.000000  99.990000      0          0        0.000000  0.000000  99.990000      0           0
    4610.403  0.005850  0.061650  99.9900000      0.000000     0.000000    0.073480  0.090000  99.9900000  0.001000   0.001000          0.     0.000     0.000     0.000     0.000         0      0      0      0.000000  0.000000  99.990000      0          0        0.000000  0.000000  99.990000      0           0
    4646.927  0.055860  0.001660  99.9900000      0.000000     0.000000    0.073480  0.090000  99.9900000  0.001000   0.001000          0.     0.000     0.000     0.000     0.000         0      0      0      0.000000  0.000000  99.990000      0          0        0.000000  0.000000  99.990000      0           0
    4683.451  0.095870 -0.018330  99.9900000      0.000000     0.000000    0.073480  0.090000  99.9900000  0.001000   0.001000          0.     0.000     0.000     0.000     0.000         0      0      0      0.000000  0.000000  99.990000      0          0        0.000000  0.000000  99.990000      0           0
    4719.976  0.095880 -0.128320  99.9900000      0.000000     0.000000    0.073480  0.090000  99.9900000  0.001000   0.001000          0.     0.000     0.000     0.000     0.000         0      0      0      0.000000  0.000000  99.990000      0          0        0.000000  0.000000  99.990000      0           0
    4756.500  0.045890 -0.228310  99.9900000      0.000000     0.000000    0.073480  0.090000  99.9900000  0.001000   0.001000          0.     0.000     0.000     0.000     0.000         0      0      0      0.000000  0.000000  99.990000      0          0        0.000000  0.000000  99.990000      0           0
    4793.024 -0.024100 -0.238300  99.9900000      0.000000     0.000000    0.073480  0.090000  99.9900000  0.001000   0.001000          0.     0.000     0.000     0.000     0.000         0      0      0      0.000000  0.000000  99.990000      0          0        0.000000  0.000000  99.990000      0           0
    4829.548 -0.084090 -0.168290  99.9900000      0.000000     0.000000    0.073480  0.090000  99.9900000  0.001000   0.001000          0.     0.000     0.000     0.000     0.000         0      0      0      0.000000  0.000000  99.990000      0          0        0.000000  0.000000  99.990000      0           0
    4866.072 -0.104080 -0.118280  99.9900000      0.000000     0.000000    0.073480  0.090000  99.9900000  0.001000   0.001000          0.     0.000     0.000     0.000     0.000         0      0      0      0.000000  0.000000  99.990000      0          0        0.000000  0.000000  99.990000      0           0
    4902.597 -0.124070 -0.118270  99.9900000      0.000000     0.000000    0.073480  0.090000  99.9900000  0.001000   0.001000          0.     0.000     0.000     0.000     0.000         0      0      0      0.000000  0.000000  99.990000      0          0        0.000000  0.000000  99.990000      0           0
    4939.121 -0.144060 -0.158260  99.9900000      0.000000     0.000000    0.073480  0.090000  99.9900000  0.001000   0.001000          0.     0.000     0.000     0.000     0.000         0      0      0      0.000000  0.000000  99.990000      0          0        0.000000  0.000000  99.990000      0           0
    4975.645 -0.094050 -0.058250  99.9900000      0.000000     0.000000    0.073480  0.090000  99.9900000  0.001000   0.001000          0.     0.000     0.000     0.000     0.000         0      0      0      0.000000  0.000000  99.990000      0          0        0.000000  0.000000  99.990000      0           0
    5012.169 -0.024040  0.051760  99.9900000      0.000000     0.000000    0.073480  0.090000  99.9900000  0.001000   0.001000          0.     0.000     0.000     0.000     0.000         0      0      0      0.000000  0.000000  99.990000      0          0        0.000000  0.000000  99.990000      0           0
    5048.693  0.025970  0.041770  99.9900000      0.000000     0.000000    0.073480  0.090000  99.9900000  0.001000   0.001000          0.     0.000     0.000     0.000     0.000         0      0      0      0.000000  0.000000  99.990000      0          0        0.000000  0.000000  99.990000      0           0
    5085.218  0.055980 -0.018220  99.9900000      0.000000     0.000000    0.073480  0.090000  99.9900000  0.001000   0.001000          0.     0.000     0.000     0.000     0.000         0      0      0      0.000000  0.000000  99.990000      0          0        0.000000  0.000000  99.990000      0           0
    5121.742  0.075990 -0.148210  99.9900000      0.000000     0.000000    0.073480  0.090000  99.9900000  0.001000   0.001000          0.     0.000     0.000     0.000     0.000         0      0      0      0.000000  0.000000  99.990000      0          0        0.000000  0.000000  99.990000      0           0
    5158.266  0.076000 -0.278200  99.9900000      0.000000     0.000000    0.073480  0.090000  99.9900000  0.001000   0.001000          0.     0.000     0.000     0.000     0.000         0      0      0      0.000000  0.000000  99.990000      0          0        0.000000  0.000000  99.990000      0           0
    5194.790  0.006010 -0.308190  99.9900000      0.000000     0.000000    0.073480  0.090000  99.9900000  0.001000   0.001000          0.     0.000     0.000     0.000     0.000         0      0      0      0.000000  0.000000  99.990000      0          0        0.000000  0.000000  99.990000      0           0
    5231.314 -0.033980 -0.318180  99.9900000      0.000000     0.000000    0.073480  0.090000  99.9900000  0.001000   0.001000          0.     0.000     0.000     0.000     0.000         0      0      0      0.000000  0.000000  99.990000      0          0        0.000000  0.000000  99.990000      0           0
    5267.839 -0.033970 -0.258170  99.9900000      0.000000     0.000000    0.073480  0.090000  99.9900000  0.001000   0.001000          0.     0.000     0.000     0.000     0.000         0      0      0      0.000000  0.000000  99.990000      0          0        0.000000  0.000000  99.990000      0           0
    5304.363 -0.053960 -0.118160  99.9900000      0.000000     0.000000    0.073480  0.090000  99.9900000  0.001000   0.001000          0.     0.000     0.000     0.000     0.000         0      0      0      0.000000  0.000000  99.990000      0          0        0.000000  0.000000  99.990000      0           0
    5340.887 -0.123950 -0.018150  99.9900000      0.000000     0.000000    0.073480  0.090000  99.9900000  0.001000   0.001000          0.     0.000     0.000     0.000     0.000         0      0      0      0.000000  0.000000  99.990000      0          0        0.000000  0.000000  99.990000      0           0
    5377.411 -0.173940  0.021860  99.9900000      0.000000     0.000000    0.073480  0.090000  99.9900000  0.001000   0.001000          0.     0.000     0.000     0.000     0.000         0      0      0      0.000000  0.000000  99.990000      0          0        0.000000  0.000000  99.990000      0           0
    5413.935 -0.203930  0.061870  99.9900000      0.000000     0.000000    0.073480  0.090000  99.9900000  0.001000   0.001000          0.     0.000     0.000     0.000     0.000         0      0      0      0.000000  0.000000  99.990000      0          0        0.000000  0.000000  99.990000      0           0
    5450.460 -0.203920  0.101880  99.9900000      0.000000     0.000000    0.073480  0.090000  99.9900000  0.001000   0.001000          0.     0.000     0.000     0.000     0.000         0      0      0      0.000000  0.000000  99.990000      0          0        0.000000  0.000000  99.990000      0           0
    5486.984 -0.163910  0.131890  99.9900000      0.000000     0.000000    0.073480  0.090000  99.9900000  0.001000   0.001000          0.     0.000     0.000     0.000     0.000         0      0      0      0.000000  0.000000  99.990000      0          0        0.000000  0.000000  99.990000      0           0
    5523.508 -0.083900  0.021900  99.9900000      0.000000     0.000000    0.073480  0.090000  99.9900000  0.001000   0.001000          0.     0.000     0.000     0.000     0.000         0      0      0      0.000000  0.000000  99.990000      0          0        0.000000  0.000000  99.990000      0           0
    5560.032  0.056110 -0.098090  99.9900000      0.000000     0.000000    0.073480  0.090000  99.9900000  0.001000   0.001000          0.     0.000     0.000     0.000     0.000         0      0      0      0.000000  0.000000  99.990000      0          0        0.000000  0.000000  99.990000      0           0
    5596.556  0.176120 -0.178080  99.9900000      0.000000     0.000000    0.073480  0.090000  99.9900000  0.001000   0.001000          0.     0.000     0.000     0.000     0.000         0      0      0      0.000000  0.000000  99.990000      0          0        0.000000  0.000000  99.990000      0           0
    5633.081  0.226130 -0.188070  99.9900000      0.000000     0.000000    0.073480  0.090000  99.9900000  0.001000   0.001000          0.     0.000     0.000     0.000     0.000         0      0      0      0.000000  0.000000  99.990000      0          0        0.000000  0.000000  99.990000      0           0
    5669.605  0.166140 -0.228060  99.9900000      0.000000     0.000000    0.073480  0.090000  99.9900000  0.001000   0.001000          0.     0.000     0.000     0.000     0.000         0      0      0      0.000000  0.000000  99.990000      0          0        0.000000  0.000000  99.990000      0           0
    5706.129  0.016150 -0.248050  99.9900000      0.000000     0.000000    0.073480  0.090000  99.9900000  0.001000   0.001000          0.     0.000     0.000     0.000     0.000         0      0      0      0.000000  0.000000  99.990000      0          0        0.000000  0.000000  99.990000      0           0
    5742.653 -0.123840 -0.248040  99.9900000      0.000000     0.000000    0.073480  0.090000  99.9900000  0.001000   0.001000          0.     0.000     0.000     0.000     0.000         0      0      0      0.000000  0.000000  99.990000      0          0        0.000000  0.000000  99.990000      0           0
    5779.177 -0.193830 -0.168030  99.9900000      0.000000     0.000000    0.073480  0.090000  99.9900000  0.001000   0.001000          0.     0.000     0.000     0.000     0.000         0      0      0      0.000000  0.000000  99.990000      0          0        0.000000  0.000000  99.990000      0           0
    5815.702 -0.203820 -0.038020  99.9900000      0.000000     0.000000    0.073480  0.090000  99.9900000  0.001000   0.001000          0.     0.000     0.000     0.000     0.000         0      0      0      0.000000  0.000000  99.990000      0          0        0.000000  0.000000  99.990000      0           0
    5852.226 -0.203810  0.051990  99.9900000      0.000000     0.000000    0.073480  0.090000  99.9900000  0.001000   0.001000          0.     0.000     0.000     0.000     0.000         0      0      0      0.000000  0.000000  99.990000      0          0        0.000000  0.000000  99.990000      0           0
    5888.750 -0.193800  0.122000  99.9900000      0.000000     0.000000    0.073480  0.090000  99.9900000  0.001000   0.001000          0.     0.000     0.000     0.000     0.000         0      0      0      0.000000  0.000000  99.990000      0          0        0.000000  0.000000  99.990000      0           0
    5925.274 -0.133790  0.122010  99.9900000      0.000000     0.000000    0.073480  0.090000  99.9900000  0.001000   0.001000          0.     0.000     0.000     0.000     0.000         0      0      0      0.000000  0.000000  99.990000      0          0        0.000000  0.000000  99.990000      0           0
    5961.798  0.006220  0.132020  99.9900000      0.000000     0.000000    0.073480  0.090000  99.9900000  0.001000   0.001000          0.     0.000     0.000     0.000     0.000         0      0      0      0.000000  0.000000  99.990000      0          0        0.000000  0.000000  99.990000      0           0
    5998.323  0.136230  0.072030  99.9900000      0.000000     0.000000    0.073480  0.090000  99.9900000  0.001000   0.001000          0.     0.000     0.000     0.000     0.000         0      0      0      0.000000  0.000000  99.990000      0          0        0.000000  0.000000  99.990000      0           0
    6034.847  0.196240 -0.027960  99.9900000      0.000000     0.000000    0.073480  0.090000  99.9900000  0.001000   0.001000          0.     0.000     0.000     0.000     0.000         0      0      0      0.000000  0.000000  99.990000      0          0        0.000000  0.000000  99.990000      0           0
    6071.371  0.186250 -0.197950  99.9900000      0.000000     0.000000    0.073480  0.090000  99.9900000  0.001000   0.001000          0.     0.000     0.000     0.000     0.000         0      0      0      0.000000  0.000000  99.990000      0          0        0.000000  0.000000  99.990000      0           0
    6107.895  0.106260 -0.267940  99.9900000      0.000000     0.000000    0.073480  0.090000  99.9900000  0.001000   0.001000          0.     0.000     0.000     0.000     0.000         0      0      0      0.000000  0.000000  99.990000      0          0        0.000000  0.000000  99.990000      0           0
    6144.419 -0.063730 -0.227930  99.9900000      0.000000     0.000000    0.073480  0.090000  99.9900000  0.001000   0.001000          0.     0.000     0.000     0.000     0.000         0      0      0      0.000000  0.000000  99.990000      0          0        0.000000  0.000000  99.990000      0           0
    6180.944 -0.233720 -0.167920  99.9900000      0.000000     0.000000    0.073480  0.090000  99.9900000  0.001000   0.001000          0.     0.000     0.000     0.000     0.000         0      0      0      0.000000  0.000000  99.990000      0          0        0.000000  0.000000  99.990000      0           0
    6217.468 -0.363710 -0.117910  99.9900000      0.000000     0.000000    0.073480  0.090000  99.9900000  0.001000   0.001000          0.     0.000     0.000     0.000     0.000         0      0      0      0.000000  0.000000  99.990000      0          0        0.000000  0.000000  99.990000      0           0
    6253.992 -0.413700  0.032100  99.9900000      0.000000     0.000000    0.073480  0.090000  99.9900000  0.001000   0.001000          0.     0.000     0.000     0.000     0.000         0      0      0      0.000000  0.000000  99.990000      0          0        0.000000  0.000000  99.990000      0           0
    6290.516 -0.343690  0.102110  99.9900000      0.000000     0.000000    0.073480  0.090000  99.9900000  0.001000   0.001000          0.     0.000     0.000     0.000     0.000         0      0      0      0.000000  0.000000  99.990000      0          0        0.000000  0.000000  99.990000      0           0
    6327.040 -0.193680  0.112120  99.9900000      0.000000     0.000000    0.073480  0.090000  99.9900000  0.001000   0.001000          0.     0.000     0.000     0.000     0.000         0      0      0      0.000000  0.000000  99.990000      0          0        0.000000  0.000000  99.990000      0           0
    6363.565 -0.033670  0.052130  99.9900000      0.000000     0.000000    0.073480  0.090000  99.9900000  0.001000   0.001000          0.     0.000     0.000     0.000     0.000         0      0      0      0.000000  0.000000  99.990000      0          0        0.000000  0.000000  99.990000      0           0
    6400.089  0.066340 -0.027860  99.9900000      0.000000     0.000000    0.073480  0.090000  99.9900000  0.001000   0.001000          0.     0.000     0.000     0.000     0.000         0      0      0      0.000000  0.000000  99.990000      0          0        0.000000  0.000000  99.990000      0           0
    6436.613  0.106350 -0.097850  99.9900000      0.000000     0.000000    0.073480  0.090000  99.9900000  0.001000   0.001000          0.     0.000     0.000     0.000     0.000         0      0      0      0.000000  0.000000  99.990000      0          0        0.000000  0.000000  99.990000      0           0
    6473.137  0.086360 -0.147840  99.9900000      0.000000     0.000000    0.073480  0.090000  99.9900000  0.001000   0.001000          0.     0.000     0.000     0.000     0.000         0      0      0      0.000000  0.000000  99.990000      0          0        0.000000  0.000000  99.990000      0           0
    6509.661  0.046370 -0.227830  99.9900000      0.000000     0.000000    0.073480  0.090000  99.9900000  0.001000   0.001000          0.     0.000     0.000     0.000     0.000         0      0      0      0.000000  0.000000  99.990000      0          0        0.000000  0.000000  99.990000      0           0
    6546.186  0.056380 -0.357820  99.9900000      0.000000     0.000000    0.073480  0.090000  99.9900000  0.001000   0.001000          0.     0.000     0.000     0.000     0.000         0      0      0      0.000000  0.000000  99.990000      0          0        0.000000  0.000000  99.990000      0           0
    6582.710  0.006390 -0.317810  99.9900000      0.000000     0.000000    0.073480  0.090000  99.9900000  0.001000   0.001000          0.     0.000     0.000     0.000     0.000         0      0      0      0.000000  0.000000  99.990000      0          0        0.000000  0.000000  99.990000      0           0
    6619.234 -0.093600 -0.037800  99.9900000      0.000000     0.000000    0.073480  0.090000  99.9900000  0.001000   0.001000          0.     0.000     0.000     0.000     0.000         0      0      0      0.000000  0.000000  99.990000      0          0        0.000000  0.000000  99.990000      0           0
    6655.758 -0.183590  0.142210  99.9900000      0.000000     0.000000    0.073480  0.090000  99.9900000  0.001000   0.001000          0.     0.000     0.000     0.000     0.000         0      0      0      0.000000  0.000000  99.990000      0          0        0.000000  0.000000  99.990000      0           0
    6692.282 -0.203580  0.172220  99.9900000      0.000000     0.000000    0.073480  0.090000  99.9900000  0.001000   0.001000          0.     0.000     0.000     0.000     0.000         0      0      0      0.000000  0.000000  99.990000      0          0        0.000000  0.000000  99.990000      0           0
    6728.807 -0.153570  0.132230  99.9900000      0.000000     0.000000    0.073480  0.090000  99.9900000  0.001000   0.001000          0.     0.000     0.000     0.000     0.000         0      0      0      0.000000  0.000000  99.990000      0          0        0.000000  0.000000  99.990000      0           0
    6765.331 -0.023560  0.162240  99.9900000      0.000000     0.000000    0.073480  0.090000  99.9900000  0.001000   0.001000          0.     0.000     0.000     0.000     0.000         0      0      0      0.000000  0.000000  99.990000      0          0        0.000000  0.000000  99.990000      0           0
    6801.855  0.116450  0.132250  99.9900000      0.000000     0.000000    0.073480  0.090000  99.9900000  0.001000   0.001000          0.     0.000     0.000     0.000     0.000         0      0      0      0.000000  0.000000  99.990000      0          0        0.000000  0.000000  99.990000      0           0
    6838.379  0.186460 -0.087740  99.9900000      0.000000     0.000000    0.073480  0.090000  99.9900000  0.001000   0.001000          0.     0.000     0.000     0.000     0.000         0      0      0      0.000000  0.000000  99.990000      0          0        0.000000  0.000000  99.990000      0           0
    6874.903  0.126470 -0.287730  99.9900000      0.000000     0.000000    0.073480  0.090000  99.9900000  0.001000   0.001000          0.     0.000     0.000     0.000     0.000         0      0      0      0.000000  0.000000  99.990000      0          0        0.000000  0.000000  99.990000      0           0
    6911.428 -0.013520 -0.307720  99.9900000      0.000000     0.000000    0.073480  0.090000  99.9900000  0.001000   0.001000          0.     0.000     0.000     0.000     0.000         0      0      0      0.000000  0.000000  99.990000      0          0        0.000000  0.000000  99.990000      0           0
    6947.952 -0.123510 -0.257710  99.9900000      0.000000     0.000000    0.073480  0.090000  99.9900000  0.001000   0.001000          0.     0.000     0.000     0.000     0.000         0      0      0      0.000000  0.000000  99.990000      0          0        0.000000  0.000000  99.990000      0           0
    6984.476 -0.193500 -0.207700  99.9900000      0.000000     0.000000    0.073480  0.090000  99.9900000  0.001000   0.001000          0.     0.000     0.000     0.000     0.000         0      0      0      0.000000  0.000000  99.990000      0          0        0.000000  0.000000  99.990000      0           0
    7021.000 -0.223490 -0.007690  99.9900000      0.000000     0.000000    0.073480  0.090000  99.9900000  0.001000   0.001000          0.     0.000     0.000     0.000     0.000         0      0      0      0.000000  0.000000  99.990000      0          0        0.000000  0.000000  99.990000      0           0
    7057.524 -0.243480  0.122320  99.9900000      0.000000     0.000000    0.073480  0.090000  99.9900000  0.001000   0.001000          0.     0.000     0.000     0.000     0.000         0      0      0      0.000000  0.000000  99.990000      0          0        0.000000  0.000000  99.990000      0           0
    7094.049 -0.233470  0.162330  99.9900000      0.000000     0.000000    0.073480  0.090000  99.9900000  0.001000   0.001000          0.     0.000     0.000     0.000     0.000         0      0      0      0.000000  0.000000  99.990000      0          0        0.000000  0.000000  99.990000      0           0
    7130.573 -0.143460  0.172340  99.9900000      0.000000     0.000000    0.073480  0.090000  99.9900000  0.001000   0.001000          0.     0.000     0.000     0.000     0.000         0      0      0      0.000000  0.000000  99.990000      0          0        0.000000  0.000000  99.990000      0           0
    7167.097 -0.033450  0.232350  99.9900000      0.000000     0.000000    0.073480  0.090000  99.9900000  0.001000   0.001000          0.     0.000     0.000     0.000     0.000         0      0      0      0.000000  0.000000  99.990000      0          0        0.000000  0.000000  99.990000      0           0
    7203.621  0.066560  0.152360  99.9900000      0.000000     0.000000    0.073480  0.090000  99.9900000  0.001000   0.001000          0.     0.000     0.000     0.000     0.000         0      0      0      0.000000  0.000000  99.990000      0          0        0.000000  0.000000  99.990000      0           0
    7240.145  0.136570 -0.087630  99.9900000      0.000000     0.000000    0.073480  0.090000  99.9900000  0.001000   0.001000          0.     0.000     0.000     0.000     0.000         0      0      0      0.000000  0.000000  99.990000      0          0        0.000000  0.000000  99.990000      0           0
    7276.670  0.156580 -0.157620  99.9900000      0.000000     0.000000    0.073480  0.090000  99.9900000  0.001000   0.001000          0.     0.000     0.000     0.000     0.000         0      0      0      0.000000  0.000000  99.990000      0          0        0.000000  0.000000  99.990000      0           0
    7313.194  0.026590 -0.137610  99.9900000      0.000000     0.000000    0.073480  0.090000  99.9900000  0.001000   0.001000          0.     0.000     0.000     0.000     0.000         0      0      0      0.000000  0.000000  99.990000      0          0        0.000000  0.000000  99.990000      0           0
    7349.718 -0.083400 -0.127600  99.9900000      0.000000     0.000000    0.073480  0.090000  99.9900000  0.001000   0.001000          0.     0.000     0.000     0.000     0.000         0      0      0      0.000000  0.000000  99.990000      0          0        0.000000  0.000000  99.990000      0           0
    7386.242 -0.113390 -0.127590  99.9900000      0.000000     0.000000    0.073480  0.090000  99.9900000  0.001000   0.001000          0.     0.000     0.000     0.000     0.000         0      0      0      0.000000  0.000000  99.990000      0          0        0.000000  0.000000  99.990000      0           0
    7422.766 -0.123380 -0.077580  99.9900000      0.000000     0.000000    0.073480  0.090000  99.9900000  0.001000   0.001000          0.     0.000     0.000     0.000     0.000         0      0      0      0.000000  0.000000  99.990000      0          0        0.000000  0.000000  99.990000      0           0
    7459.291 -0.153370 -0.047570  99.9900000      0.000000     0.000000    0.073480  0.090000  99.9900000  0.001000   0.001000          0.     0.000     0.000     0.000     0.000         0      0      0      0.000000  0.000000  99.990000      0          0        0.000000  0.000000  99.990000      0           0
    7495.815 -0.183360 -0.037560  99.9900000      0.000000     0.000000    0.073480  0.090000  99.9900000  0.001000   0.001000          0.     0.000     0.000     0.000     0.000         0      0      0      0.000000  0.000000  99.990000      0          0        0.000000  0.000000  99.990000      0           0
    7532.339 -0.163350 -0.057550  99.9900000      0.000000     0.000000    0.073480  0.090000  99.9900000  0.001000   0.001000          0.     0.000     0.000     0.000     0.000         0      0      0      0.000000  0.000000  99.990000      0          0        0.000000  0.000000  99.990000      0           0
    7568.863 -0.093340 -0.047540  99.9900000      0.000000     0.000000    0.073480  0.090000  99.9900000  0.001000   0.001000          0.     0.000     0.000     0.000     0.000         0      0      0      0.000000  0.000000  99.990000      0          0        0.000000  0.000000  99.990000      0           0
    7605.387 -0.033330 -0.047530  99.9900000      0.000000     0.000000    0.073480  0.090000  99.9900000  0.001000   0.001000          0.     0.000     0.000     0.000     0.000         0      0      0      0.000000  0.000000  99.990000      0          0        0.000000  0.000000  99.990000      0           0
    7641.912 -0.013320 -0.057520  99.9900000      0.000000     0.000000    0.073480  0.090000  99.9900000  0.001000   0.001000          0.     0.000     0.000     0.000     0.000         0      0      0      0.000000  0.000000  99.990000      0          0        0.000000  0.000000  99.990000      0           0
    7678.436 -0.003310 -0.077510  99.9900000      0.000000     0.000000    0.073480  0.090000  99.9900000  0.001000   0.001000          0.     0.000     0.000     0.000     0.000         0      0      0      0.000000  0.000000  99.990000      0          0        0.000000  0.000000  99.990000      0           0
    7714.960  0.006700 -0.087500  99.9900000      0.000000     0.000000    0.073480  0.090000  99.9900000  0.001000   0.001000          0.     0.000     0.000     0.000     0.000         0      0      0      0.000000  0.000000  99.990000      0          0        0.000000  0.000000  99.990000      0           0
    7751.484 -0.023290 -0.137490  99.9900000      0.000000     0.000000    0.073480  0.090000  99.9900000  0.001000   0.001000          0.     0.000     0.000     0.000     0.000         0      0      0      0.000000  0.000000  99.990000      0          0        0.000000  0.000000  99.990000      0           0
    7788.008 -0.093280 -0.107480  99.9900000      0.000000     0.000000    0.073480  0.090000  99.9900000  0.001000   0.001000          0.     0.000     0.000     0.000     0.000         0      0      0      0.000000  0.000000  99.990000      0          0        0.000000  0.000000  99.990000      0           0
    7824.533 -0.123270  0.052530  99.9900000      0.000000     0.000000    0.073480  0.090000  99.9900000  0.001000   0.001000          0.     0.000     0.000     0.000     0.000         0      0      0      0.000000  0.000000  99.990000      0          0        0.000000  0.000000  99.990000      0           0
    7861.057 -0.143260  0.092540  99.9900000      0.000000     0.000000    0.073480  0.090000  99.9900000  0.001000   0.001000          0.     0.000     0.000     0.000     0.000         0      0      0      0.000000  0.000000  99.990000      0          0        0.000000  0.000000  99.990000      0           0
    7897.581 -0.123250  0.022550  99.9900000      0.000000     0.000000    0.073480  0.090000  99.9900000  0.001000   0.001000          0.     0.000     0.000     0.000     0.000         0      0      0      0.000000  0.000000  99.990000      0          0        0.000000  0.000000  99.990000      0           0
    7934.105 -0.073240  0.002560  99.9900000      0.000000     0.000000    0.073480  0.090000  99.9900000  0.001000   0.001000          0.     0.000     0.000     0.000     0.000         0      0      0      0.000000  0.000000  99.990000      0          0        0.000000  0.000000  99.990000      0           0
    7970.629 -0.033230  0.042570  99.9900000      0.000000     0.000000    0.073480  0.090000  99.9900000  0.001000   0.001000          0.     0.000     0.000     0.000     0.000         0      0      0      0.000000  0.000000  99.990000      0          0        0.000000  0.000000  99.990000      0           0
    8007.154 -0.003220  0.012580  99.9900000      0.000000     0.000000    0.073480  0.090000  99.9900000  0.001000   0.001000          0.     0.000     0.000     0.000     0.000         0      0      0      0.000000  0.000000  99.990000      0          0        0.000000  0.000000  99.990000      0           0
    8043.678 -0.033210 -0.027410  99.9900000      0.000000     0.000000    0.073480  0.090000  99.9900000  0.001000   0.001000          0.     0.000     0.000     0.000     0.000         0      0      0      0.000000  0.000000  99.990000      0          0        0.000000  0.000000  99.990000      0           0
    8080.202 -0.053200 -0.067400  99.9900000      0.000000     0.000000    0.073480  0.090000  99.9900000  0.001000   0.001000          0.     0.000     0.000     0.000     0.000         0      0      0      0.000000  0.000000  99.990000      0          0        0.000000  0.000000  99.990000      0           0
    8116.726 -0.033190 -0.097390  99.9900000      0.000000     0.000000    0.073480  0.090000  99.9900000  0.001000   0.001000          0.     0.000     0.000     0.000     0.000         0      0      0      0.000000  0.000000  99.990000      0          0        0.000000  0.000000  99.990000      0           0
    8153.250 -0.003180 -0.067380  99.9900000      0.000000     0.000000    0.073480  0.090000  99.9900000  0.001000   0.001000          0.     0.000     0.000     0.000     0.000         0      0      0      0.000000  0.000000  99.990000      0          0        0.000000  0.000000  99.990000      0           0
    8189.775  0.036830 -0.077370  99.9900000      0.000000     0.000000    0.073480  0.090000  99.9900000  0.001000   0.001000          0.     0.000     0.000     0.000     0.000         0      0      0      0.000000  0.000000  99.990000      0          0        0.000000  0.000000  99.990000      0           0
    8226.299  0.066840 -0.097360  99.9900000      0.000000     0.000000    0.073480  0.090000  99.9900000  0.001000   0.001000          0.     0.000     0.000     0.000     0.000         0      0      0      0.000000  0.000000  99.990000      0          0        0.000000  0.000000  99.990000      0           0
    8262.823  0.046850 -0.127350  99.9900000      0.000000     0.000000    0.073480  0.090000  99.9900000  0.001000   0.001000          0.     0.000     0.000     0.000     0.000         0      0      0      0.000000  0.000000  99.990000      0          0        0.000000  0.000000  99.990000      0           0
    8299.347 -0.013140 -0.187340  99.9900000      0.000000     0.000000    0.073480  0.090000  99.9900000  0.001000   0.001000          0.     0.000     0.000     0.000     0.000         0      0      0      0.000000  0.000000  99.990000      0          0        0.000000  0.000000  99.990000      0           0
    8335.871 -0.113130 -0.207330  99.9900000      0.000000     0.000000    0.073480  0.090000  99.9900000  0.001000   0.001000          0.     0.000     0.000     0.000     0.000         0      0      0      0.000000  0.000000  99.990000      0          0        0.000000  0.000000  99.990000      0           0
    8372.396 -0.183120 -0.167320  99.9900000      0.000000     0.000000    0.073480  0.090000  99.9900000  0.001000   0.001000          0.     0.000     0.000     0.000     0.000         0      0      0      0.000000  0.000000  99.990000      0          0        0.000000  0.000000  99.990000      0           0
    8408.920 -0.223110  0.052690  99.9900000      0.000000     0.000000    0.073480  0.090000  99.9900000  0.001000   0.001000          0.     0.000     0.000     0.000     0.000         0      0      0      0.000000  0.000000  99.990000      0          0        0.000000  0.000000  99.990000      0           0
    8445.444 -0.193100  0.012700  99.9900000      0.000000     0.000000    0.073480  0.090000  99.9900000  0.001000   0.001000          0.     0.000     0.000     0.000     0.000         0      0      0      0.000000  0.000000  99.990000      0          0        0.000000  0.000000  99.990000      0           0
    8481.968 -0.073090  0.052710  99.9900000      0.000000     0.000000    0.073480  0.090000  99.9900000  0.001000   0.001000          0.     0.000     0.000     0.000     0.000         0      0      0      0.000000  0.000000  99.990000      0          0        0.000000  0.000000  99.990000      0           0
    8518.492 -0.003080  0.022720  99.9900000      0.000000     0.000000    0.073480  0.090000  99.9900000  0.001000   0.001000          0.     0.000     0.000     0.000     0.000         0      0      0      0.000000  0.000000  99.990000      0          0        0.000000  0.000000  99.990000      0           0
    8555.017  0.016930 -0.047270  99.9900000      0.000000     0.000000    0.073480  0.090000  99.9900000  0.001000   0.001000          0.     0.000     0.000     0.000     0.000         0      0      0      0.000000  0.000000  99.990000      0          0        0.000000  0.000000  99.990000      0           0
    8591.541  0.006940 -0.117260  99.9900000      0.000000     0.000000    0.073480  0.090000  99.9900000  0.001000   0.001000          0.     0.000     0.000     0.000     0.000         0      0      0      0.000000  0.000000  99.990000      0          0        0.000000  0.000000  99.990000      0           0
    8628.065 -0.013050 -0.167250  99.9900000      0.000000     0.000000    0.073480  0.090000  99.9900000  0.001000   0.001000          0.     0.000     0.000     0.000     0.000         0      0      0      0.000000  0.000000  99.990000      0          0        0.000000  0.000000  99.990000      0           0
    8664.589 -0.043040 -0.167240  99.9900000      0.000000     0.000000    0.073480  0.090000  99.9900000  0.001000   0.001000          0.     0.000     0.000     0.000     0.000         0      0      0      0.000000  0.000000  99.990000      0          0        0.000000  0.000000  99.990000      0           0
    8701.113 -0.103030 -0.177230  99.9900000      0.000000     0.000000    0.073480  0.090000  99.9900000  0.001000   0.001000          0.     0.000     0.000     0.000     0.000         0      0      0      0.000000  0.000000  99.990000      0          0        0.000000  0.000000  99.990000      0           0
    8737.638 -0.183020 -0.207220  99.9900000      0.000000     0.000000    0.073480  0.090000  99.9900000  0.001000   0.001000          0.     0.000     0.000     0.000     0.000         0      0      0      0.000000  0.000000  99.990000      0          0        0.000000  0.000000  99.990000      0           0
    8774.162 -0.233010 -0.167210  99.9900000      0.000000     0.000000    0.073480  0.090000  99.9900000  0.001000   0.001000          0.     0.000     0.000     0.000     0.000         0      0      0      0.000000  0.000000  99.990000      0          0        0.000000  0.000000  99.990000      0           0
    8810.686 -0.233000 -0.107200  99.9900000      0.000000     0.000000    0.073480  0.090000  99.9900000  0.001000   0.001000          0.     0.000     0.000     0.000     0.000         0      0      0      0.000000  0.000000  99.990000      0          0        0.000000  0.000000  99.990000      0           0
    8847.210 -0.132990 -0.017190  99.9900000      0.000000     0.000000    0.073480  0.090000  99.9900000  0.001000   0.001000          0.     0.000     0.000     0.000     0.000         0      0      0      0.000000  0.000000  99.990000      0          0        0.000000  0.000000  99.990000      0           0
    8883.734 -0.002980  0.052820  99.9900000      0.000000     0.000000    0.073480  0.090000  99.9900000  0.001000   0.001000          0.     0.000     0.000     0.000     0.000         0      0      0      0.000000  0.000000  99.990000      0          0        0.000000  0.000000  99.990000      0           0
    8920.259  0.097030  0.092830  99.9900000      0.000000     0.000000    0.073480  0.090000  99.9900000  0.001000   0.001000          0.     0.000     0.000     0.000     0.000         0      0      0      0.000000  0.000000  99.990000      0          0        0.000000  0.000000  99.990000      0           0
    8956.783  0.137040  0.092840  99.9900000      0.000000     0.000000    0.073480  0.090000  99.9900000  0.001000   0.001000          0.     0.000     0.000     0.000     0.000         0      0      0      0.000000  0.000000  99.990000      0          0        0.000000  0.000000  99.990000      0           0
    8993.307  0.137050 -0.007150  99.9900000      0.000000     0.000000    0.073480  0.090000  99.9900000  0.001000   0.001000          0.     0.000     0.000     0.000     0.000         0      0      0      0.000000  0.000000  99.990000      0          0        0.000000  0.000000  99.990000      0           0
    9029.831  0.087060 -0.167140  99.9900000      0.000000     0.000000    0.073480  0.090000  99.9900000  0.001000   0.001000          0.     0.000     0.000     0.000     0.000         0      0      0      0.000000  0.000000  99.990000      0          0        0.000000  0.000000  99.990000      0           0
    9066.355 -0.002930 -0.237130  99.9900000      0.000000     0.000000    0.073480  0.090000  99.9900000  0.001000   0.001000          0.     0.000     0.000     0.000     0.000         0      0      0      0.000000  0.000000  99.990000      0          0        0.000000  0.000000  99.990000      0           0
    9102.880 -0.102920 -0.227120  99.9900000      0.000000     0.000000    0.073480  0.090000  99.9900000  0.001000   0.001000          0.     0.000     0.000     0.000     0.000         0      0      0      0.000000  0.000000  99.990000      0          0        0.000000  0.000000  99.990000      0           0
    9139.404 -0.172910 -0.177110  99.9900000      0.000000     0.000000    0.073480  0.090000  99.9900000  0.001000   0.001000          0.     0.000     0.000     0.000     0.000         0      0      0      0.000000  0.000000  99.990000      0          0        0.000000  0.000000  99.990000      0           0
    9175.928 -0.222900 -0.117100  99.9900000      0.000000     0.000000    0.073480  0.090000  99.9900000  0.001000   0.001000          0.     0.000     0.000     0.000     0.000         0      0      0      0.000000  0.000000  99.990000      0          0        0.000000  0.000000  99.990000      0           0
    9212.452 -0.212890 -0.047090  99.9900000      0.000000     0.000000    0.073480  0.090000  99.9900000  0.001000   0.001000          0.     0.000     0.000     0.000     0.000         0      0      0      0.000000  0.000000  99.990000      0          0        0.000000  0.000000  99.990000      0           0
    9248.976 -0.122880  0.042920  99.9900000      0.000000     0.000000    0.073480  0.090000  99.9900000  0.001000   0.001000          0.     0.000     0.000     0.000     0.000         0      0      0      0.000000  0.000000  99.990000      0          0        0.000000  0.000000  99.990000      0           0
    9285.501 -0.002870  0.122930  99.9900000      0.000000     0.000000    0.073480  0.090000  99.9900000  0.001000   0.001000          0.     0.000     0.000     0.000     0.000         0      0      0      0.000000  0.000000  99.990000      0          0        0.000000  0.000000  99.990000      0           0
    9322.025  0.077140  0.112940  99.9900000      0.000000     0.000000    0.073480  0.090000  99.9900000  0.001000   0.001000          0.     0.000     0.000     0.000     0.000         0      0      0      0.000000  0.000000  99.990000      0          0        0.000000  0.000000  99.990000      0           0
    9358.549  0.107150  0.012950  99.9900000      0.000000     0.000000    0.073480  0.090000  99.9900000  0.001000   0.001000          0.     0.000     0.000     0.000     0.000         0      0      0      0.000000  0.000000  99.990000      0          0        0.000000  0.000000  99.990000      0           0
    9395.073  0.117160 -0.067040  99.9900000      0.000000     0.000000    0.073480  0.090000  99.9900000  0.001000   0.001000          0.     0.000     0.000     0.000     0.000         0      0      0      0.000000  0.000000  99.990000      0          0        0.000000  0.000000  99.990000      0           0
    9431.597  0.137170 -0.097030  99.9900000      0.000000     0.000000    0.073480  0.090000  99.9900000  0.001000   0.001000          0.     0.000     0.000     0.000     0.000         0      0      0      0.000000  0.000000  99.990000      0          0        0.000000  0.000000  99.990000      0           0
    9468.122  0.117180 -0.117020  99.9900000      0.000000     0.000000    0.073480  0.090000  99.9900000  0.001000   0.001000          0.     0.000     0.000     0.000     0.000         0      0      0      0.000000  0.000000  99.990000      0          0        0.000000  0.000000  99.990000      0           0
    9504.646  0.007190 -0.167010  99.9900000      0.000000     0.000000    0.073480  0.090000  99.9900000  0.001000   0.001000          0.     0.000     0.000     0.000     0.000         0      0      0      0.000000  0.000000  99.990000      0          0        0.000000  0.000000  99.990000      0           0
    9541.170 -0.132800 -0.197000  99.9900000      0.000000     0.000000    0.073480  0.090000  99.9900000  0.001000   0.001000          0.     0.000     0.000     0.000     0.000         0      0      0      0.000000  0.000000  99.990000      0          0        0.000000  0.000000  99.990000      0           0
    9577.694 -0.252790 -0.156990  99.9900000      0.000000     0.000000    0.073480  0.090000  99.9900000  0.001000   0.001000          0.     0.000     0.000     0.000     0.000         0      0      0      0.000000  0.000000  99.990000      0          0        0.000000  0.000000  99.990000      0           0
    9614.218 -0.302780 -0.096980  99.9900000      0.000000     0.000000    0.073480  0.090000  99.9900000  0.001000   0.001000          0.     0.000     0.000     0.000     0.000         0      0      0      0.000000  0.000000  99.990000      0          0        0.000000  0.000000  99.990000      0           0
    9650.743 -0.302770 -0.046970  99.9900000      0.000000     0.000000    0.073480  0.090000  99.9900000  0.001000   0.001000          0.     0.000     0.000     0.000     0.000         0      0      0      0.000000  0.000000  99.990000      0          0        0.000000  0.000000  99.990000      0           0
    9687.267 -0.262760  0.023040  99.9900000      0.000000     0.000000    0.073480  0.090000  99.9900000  0.001000   0.001000          0.     0.000     0.000     0.000     0.000         0      0      0      0.000000  0.000000  99.990000      0          0        0.000000  0.000000  99.990000      0           0
    9723.791 -0.172750  0.053050  99.9900000      0.000000     0.000000    0.073480  0.090000  99.9900000  0.001000   0.001000          0.     0.000     0.000     0.000     0.000         0      0      0      0.000000  0.000000  99.990000      0          0        0.000000  0.000000  99.990000      0           0
    9760.315 -0.062740  0.003060  99.9900000      0.000000     0.000000    0.073480  0.090000  99.9900000  0.001000   0.001000          0.     0.000     0.000     0.000     0.000         0      0      0      0.000000  0.000000  99.990000      0          0        0.000000  0.000000  99.990000      0           0
    9796.839  0.117270 -0.076930  99.9900000      0.000000     0.000000    0.073480  0.090000  99.9900000  0.001000   0.001000          0.     0.000     0.000     0.000     0.000         0      0      0      0.000000  0.000000  99.990000      0          0        0.000000  0.000000  99.990000      0           0
    9833.364  0.187280 -0.126920  99.9900000      0.000000     0.000000    0.073480  0.090000  99.9900000  0.001000   0.001000          0.     0.000     0.000     0.000     0.000         0      0      0      0.000000  0.000000  99.990000      0          0        0.000000  0.000000  99.990000      0           0
    9869.888  0.127290 -0.166910  99.9900000      0.000000     0.000000    0.073480  0.090000  99.9900000  0.001000   0.001000          0.     0.000     0.000     0.000     0.000         0      0      0      0.000000  0.000000  99.990000      0          0        0.000000  0.000000  99.990000      0           0
    9906.412 -0.032700 -0.246900  99.9900000      0.000000     0.000000    0.073480  0.090000  99.9900000  0.001000   0.001000          0.     0.000     0.000     0.000     0.000         0      0      0      0.000000  0.000000  99.990000      0          0        0.000000  0.000000  99.990000      0           0
    9942.936 -0.162690 -0.246890  99.9900000      0.000000     0.000000    0.073480  0.090000  99.9900000  0.001000   0.001000          0.     0.000     0.000     0.000     0.000         0      0      0      0.000000  0.000000  99.990000      0          0        0.000000  0.000000  99.990000      0           0
    9979.460 -0.202680 -0.196880  99.9900000      0.000000     0.000000    0.073480  0.090000  99.9900000  0.001000   0.001000          0.     0.000     0.000     0.000     0.000         0      0      0      0.000000  0.000000  99.990000      0          0        0.000000  0.000000  99.990000      0           0
   10015.985 -0.212670 -0.116870  99.9900000      0.000000     0.000000    0.073480  0.090000  99.9900000  0.001000   0.001000          0.     0.000     0.000     0.000     0.000         0      0      0      0.000000  0.000000  99.990000      0          0        0.000000  0.000000  99.990000      0           0
   10052.509 -0.182660 -0.016860  99.9900000      0.000000     0.000000    0.073480  0.090000  99.9900000  0.001000   0.001000          0.     0.000     0.000     0.000     0.000         0      0      0      0.000000  0.000000  99.990000      0          0        0.000000  0.000000  99.990000      0           0
   10089.033 -0.132650 -0.016850  99.9900000      0.000000     0.000000    0.073480  0.090000  99.9900000  0.001000   0.001000          0.     0.000     0.000     0.000     0.000         0      0      0      0.000000  0.000000  99.990000      0          0        0.000000  0.000000  99.990000      0           0
   10125.557 -0.052640 -0.016840  99.9900000      0.000000     0.000000    0.073480  0.090000  99.9900000  0.001000   0.001000          0.     0.000     0.000     0.000     0.000         0      0      0      0.000000  0.000000  99.990000      0          0        0.000000  0.000000  99.990000      0           0
   10162.081 -0.002630  0.013170  99.9900000      0.000000     0.000000    0.073480  0.090000  99.9900000  0.001000   0.001000          0.     0.000     0.000     0.000     0.000         0      0      0      0.000000  0.000000  99.990000      0          0        0.000000  0.000000  99.990000      0           0
   10198.606  0.027380 -0.006820  99.9900000      0.000000     0.000000    0.073480  0.090000  99.9900000  0.001000   0.001000          0.     0.000     0.000     0.000     0.000         0      0      0      0.000000  0.000000  99.990000      0          0        0.000000  0.000000  99.990000      0           0
   10235.130  0.027390 -0.146810  99.9900000      0.000000     0.000000    0.073480  0.090000  99.9900000  0.001000   0.001000          0.     0.000     0.000     0.000     0.000         0      0      0      0.000000  0.000000  99.990000      0          0        0.000000  0.000000  99.990000      0           0
   10271.654 -0.022600 -0.196800  99.9900000      0.000000     0.000000    0.073480  0.090000  99.9900000  0.001000   0.001000          0.     0.000     0.000     0.000     0.000         0      0      0      0.000000  0.000000  99.990000      0          0        0.000000  0.000000  99.990000      0           0
   10308.178 -0.112590 -0.146790  99.9900000      0.000000     0.000000    0.073480  0.090000  99.9900000  0.001000   0.001000          0.     0.000     0.000     0.000     0.000         0      0      0      0.000000  0.000000  99.990000      0          0        0.000000  0.000000  99.990000      0           0
   10344.702 -0.112580 -0.026780  99.9900000      0.000000     0.000000    0.073480  0.090000  99.9900000  0.001000   0.001000          0.     0.000     0.000     0.000     0.000         0      0      0      0.000000  0.000000  99.990000      0          0        0.000000  0.000000  99.990000      0           0
   10381.227 -0.002570  0.033230  99.9900000      0.000000     0.000000    0.073480  0.090000  99.9900000  0.001000   0.001000          0.     0.000     0.000     0.000     0.000         0      0      0      0.000000  0.000000  99.990000      0          0        0.000000  0.000000  99.990000      0           0
   10417.751  0.007440  0.013240  99.9900000      0.000000     0.000000    0.073480  0.090000  99.9900000  0.001000   0.001000          0.     0.000     0.000     0.000     0.000         0      0      0      0.000000  0.000000  99.990000      0          0        0.000000  0.000000  99.990000      0           0
   10454.275 -0.032550 -0.076750  99.9900000      0.000000     0.000000    0.073480  0.090000  99.9900000  0.001000   0.001000          0.     0.000     0.000     0.000     0.000         0      0      0      0.000000  0.000000  99.990000      0          0        0.000000  0.000000  99.990000      0           0
   10490.799 -0.112540 -0.136740  99.9900000      0.000000     0.000000    0.073480  0.090000  99.9900000  0.001000   0.001000          0.     0.000     0.000     0.000     0.000         0      0      0      0.000000  0.000000  99.990000      0          0        0.000000  0.000000  99.990000      0           0
   10527.323 -0.162530 -0.186730  99.9900000      0.000000     0.000000    0.073480  0.090000  99.9900000  0.001000   0.001000          0.     0.000     0.000     0.000     0.000         0      0      0      0.000000  0.000000  99.990000      0          0        0.000000  0.000000  99.990000      0           0
   10563.848 -0.202520 -0.226720  99.9900000      0.000000     0.000000    0.073480  0.090000  99.9900000  0.001000   0.001000          0.     0.000     0.000     0.000     0.000         0      0      0      0.000000  0.000000  99.990000      0          0        0.000000  0.000000  99.990000      0           0
   10600.372 -0.222510 -0.206710  99.9900000      0.000000     0.000000    0.073480  0.090000  99.9900000  0.001000   0.001000          0.     0.000     0.000     0.000     0.000         0      0      0      0.000000  0.000000  99.990000      0          0        0.000000  0.000000  99.990000      0           0
   10636.896 -0.202500 -0.136700  99.9900000      0.000000     0.000000    0.073480  0.090000  99.9900000  0.001000   0.001000          0.     0.000     0.000     0.000     0.000         0      0      0      0.000000  0.000000  99.990000      0          0        0.000000  0.000000  99.990000      0           0
   10673.420 -0.112490  0.003310  99.9900000      0.000000     0.000000    0.073480  0.090000  99.9900000  0.001000   0.001000          0.     0.000     0.000     0.000     0.000         0      0      0      0.000000  0.000000  99.990000      0          0        0.000000  0.000000  99.990000      0           0
   10709.944  0.027520  0.043320  99.9900000      0.000000     0.000000    0.073480  0.090000  99.9900000  0.001000   0.001000          0.     0.000     0.000     0.000     0.000         0      0      0      0.000000  0.000000  99.990000      0          0        0.000000  0.000000  99.990000      0           0
   10746.469  0.117530  0.063330  99.9900000      0.000000     0.000000    0.073480  0.090000  99.9900000  0.001000   0.001000          0.     0.000     0.000     0.000     0.000         0      0      0      0.000000  0.000000  99.990000      0          0        0.000000  0.000000  99.990000      0           0
   10782.993  0.117540 -0.006660  99.9900000      0.000000     0.000000    0.073480  0.090000  99.9900000  0.001000   0.001000          0.     0.000     0.000     0.000     0.000         0      0      0      0.000000  0.000000  99.990000      0          0        0.000000  0.000000  99.990000      0           0
   10819.517  0.067550 -0.086650  99.9900000      0.000000     0.000000    0.073480  0.090000  99.9900000  0.001000   0.001000          0.     0.000     0.000     0.000     0.000         0      0      0      0.000000  0.000000  99.990000      0          0        0.000000  0.000000  99.990000      0           0
   10856.041  0.017560 -0.176640  99.9900000      0.000000     0.000000    0.073480  0.090000  99.9900000  0.001000   0.001000          0.     0.000     0.000     0.000     0.000         0      0      0      0.000000  0.000000  99.990000      0          0        0.000000  0.000000  99.990000      0           0
   10892.565 -0.052430 -0.256630  99.9900000      0.000000     0.000000    0.073480  0.090000  99.9900000  0.001000   0.001000          0.     0.000     0.000     0.000     0.000         0      0      0      0.000000  0.000000  99.990000      0          0        0.000000  0.000000  99.990000      0           0
   10929.090 -0.122420 -0.266620  99.9900000      0.000000     0.000000    0.073480  0.090000  99.9900000  0.001000   0.001000          0.     0.000     0.000     0.000     0.000         0      0      0      0.000000  0.000000  99.990000      0          0        0.000000  0.000000  99.990000      0           0
   10965.614 -0.152410 -0.156610  99.9900000      0.000000     0.000000    0.073480  0.090000  99.9900000  0.001000   0.001000          0.     0.000     0.000     0.000     0.000         0      0      0      0.000000  0.000000  99.990000      0          0        0.000000  0.000000  99.990000      0           0
   11002.138 -0.162400  0.023400  99.9900000      0.000000     0.000000    0.073480  0.090000  99.9900000  0.001000   0.001000          0.     0.000     0.000     0.000     0.000         0      0      0      0.000000  0.000000  99.990000      0          0        0.000000  0.000000  99.990000      0           0
   11038.662 -0.202390  0.143410  99.9900000      0.000000     0.000000    0.073480  0.090000  99.9900000  0.001000   0.001000          0.     0.000     0.000     0.000     0.000         0      0      0      0.000000  0.000000  99.990000      0          0        0.000000  0.000000  99.990000      0           0
   11075.186 -0.202380  0.203420  99.9900000      0.000000     0.000000    0.073480  0.090000  99.9900000  0.001000   0.001000          0.     0.000     0.000     0.000     0.000         0      0      0      0.000000  0.000000  99.990000      0          0        0.000000  0.000000  99.990000      0           0
   11111.711 -0.062370  0.233430  99.9900000      0.000000     0.000000    0.073480  0.090000  99.9900000  0.001000   0.001000          0.     0.000     0.000     0.000     0.000         0      0      0      0.000000  0.000000  99.990000      0          0        0.000000  0.000000  99.990000      0           0
   11148.235  0.157640  0.213440  99.9900000      0.000000     0.000000    0.073480  0.090000  99.9900000  0.001000   0.001000          0.     0.000     0.000     0.000     0.000         0      0      0      0.000000  0.000000  99.990000      0          0        0.000000  0.000000  99.990000      0           0
   11184.759  0.267650  0.133450  99.9900000      0.000000     0.000000    0.073480  0.090000  99.9900000  0.001000   0.001000          0.     0.000     0.000     0.000     0.000         0      0      0      0.000000  0.000000  99.990000      0          0        0.000000  0.000000  99.990000      0           0
   11221.283  0.167660  0.013460  99.9900000      0.000000     0.000000    0.073480  0.090000  99.9900000  0.001000   0.001000          0.     0.000     0.000     0.000     0.000         0      0      0      0.000000  0.000000  99.990000      0          0        0.000000  0.000000  99.990000      0           0
   11257.807 -0.092330 -0.136530  99.9900000      0.000000     0.000000    0.073480  0.090000  99.9900000  0.001000   0.001000          0.     0.000     0.000     0.000     0.000         0      0      0      0.000000  0.000000  99.990000      0          0        0.000000  0.000000  99.990000      0           0
   11294.332 -0.322320 -0.306520  99.9900000      0.000000     0.000000    0.073480  0.090000  99.9900000  0.001000   0.001000          0.     0.000     0.000     0.000     0.000         0      0      0      0.000000  0.000000  99.990000      0          0        0.000000  0.000000  99.990000      0           0
   11330.856 -0.412310 -0.346510  99.9900000      0.000000     0.000000    0.073480  0.090000  99.9900000  0.001000   0.001000          0.     0.000     0.000     0.000     0.000         0      0      0      0.000000  0.000000  99.990000      0          0        0.000000  0.000000  99.990000      0           0
   11367.380 -0.382300 -0.156500  99.9900000      0.000000     0.000000    0.051320  0.069540  99.9900000  0.001000   0.001000          0.     0.000     0.000     0.000     0.000         0      0      0      0.000000  0.000000  99.990000      0          0        0.000000  0.000000  99.990000      0           0
   11385.642 -0.326300 -0.077500  99.9900000      0.000000     0.000000    0.051320  0.069540  99.9900000  0.001000   0.001000          0.     0.000     0.000     0.000     0.000         0      0      0      0.000000  0.000000  99.990000      0          0        0.000000  0.000000  99.990000      0           0
   11403.904 -0.318290  0.013510  99.9900000      0.000000     0.000000    0.051320  0.069540  99.9900000  0.001000   0.001000          0.     0.000     0.000     0.000     0.000         0      0      0      0.000000  0.000000  99.990000      0          0        0.000000  0.000000  99.990000      0           0
   11422.166 -0.278290  0.085520  99.9900000      0.000000     0.000000    0.051320  0.069540  99.9900000  0.001000   0.001000          0.     0.000     0.000     0.000     0.000         0      0      0      0.000000  0.000000  99.990000      0          0        0.000000  0.000000  99.990000      0           0
   11440.428 -0.226280  0.134520  99.9900000      0.000000     0.000000    0.051320  0.069540  99.9900000  0.001000   0.001000          0.     0.000     0.000     0.000     0.000         0      0      0      0.000000  0.000000  99.990000      0          0        0.000000  0.000000  99.990000      0           0
   11458.691 -0.154280  0.167520  99.9900000      0.000000     0.000000    0.051320  0.069540  99.9900000  0.001000   0.001000          0.     0.000     0.000     0.000     0.000         0      0      0      0.000000  0.000000  99.990000      0          0        0.000000  0.000000  99.990000      0           0
   11476.953 -0.130270  0.191530  99.9900000      0.000000     0.000000    0.075390  0.070600  99.9900000  0.001000   0.001000          0.     0.000     0.000     0.000     0.000         0      0      0      0.000000  0.000000  99.990000      0          0        0.000000  0.000000  99.990000      0           0
   11495.215 -0.081270  0.178540  99.9900000      0.000000     0.000000    0.075390  0.070600  99.9900000  0.001000   0.001000          0.     0.000     0.000     0.000     0.000         0      0      0      0.000000  0.000000  99.990000      0          0        0.000000  0.000000  99.990000      0           0
   11513.477  0.032740  0.124540  99.9900000      0.000000     0.000000    0.063250  0.067080  99.9900000  0.001000   0.001000          0.     0.000     0.000     0.000     0.000         0      0      0      0.000000  0.000000  99.990000      0          0        0.000000  0.000000  99.990000      0           0
   11531.739  0.091750  0.080550  99.9900000      0.000000     0.000000    0.063250  0.067080  99.9900000  0.001000   0.001000          0.     0.000     0.000     0.000     0.000         0      0      0      0.000000  0.000000  99.990000      0          0        0.000000  0.000000  99.990000      0           0
   11550.001  0.154750  0.023550  99.9900000      0.000000     0.000000    0.063250  0.067080  99.9900000  0.001000   0.001000          0.     0.000     0.000     0.000     0.000         0      0      0      0.000000  0.000000  99.990000      0          0        0.000000  0.000000  99.990000      0           0
   11568.263  0.195760 -0.036450  99.9900000      0.000000     0.000000    0.063250  0.067080  99.9900000  0.001000   0.001000          0.     0.000     0.000     0.000     0.000         0      0      0      0.000000  0.000000  99.990000      0          0        0.000000  0.000000  99.990000      0           0
   11586.525  0.200760 -0.108440  99.9900000      0.000000     0.000000    0.063250  0.067080  99.9900000  0.001000   0.001000          0.     0.000     0.000     0.000     0.000         0      0      0      0.000000  0.000000  99.990000      0          0        0.000000  0.000000  99.990000      0           0
   11604.787  0.197770 -0.180440  99.9900000      0.000000     0.000000    0.063250  0.067080  99.9900000  0.001000   0.001000          0.     0.000     0.000     0.000     0.000         0      0      0      0.000000  0.000000  99.990000      0          0        0.000000  0.000000  99.990000      0           0
   11623.049  0.170770 -0.234430  99.9900000      0.000000     0.000000    0.063250  0.067080  99.9900000  0.001000   0.001000          0.     0.000     0.000     0.000     0.000         0      0      0      0.000000  0.000000  99.990000      0          0        0.000000  0.000000  99.990000      0           0
   11641.311  0.123780 -0.282430  99.9900000      0.000000     0.000000    0.063250  0.067080  99.9900000  0.001000   0.001000          0.     0.000     0.000     0.000     0.000         0      0      0      0.000000  0.000000  99.990000      0          0        0.000000  0.000000  99.990000      0           0
   11659.574  0.063780 -0.328420  99.9900000      0.000000     0.000000    0.063250  0.067080  99.9900000  0.001000   0.001000          0.     0.000     0.000     0.000     0.000         0      0      0      0.000000  0.000000  99.990000      0          0        0.000000  0.000000  99.990000      0           0
   11677.836 -0.021220 -0.366420  99.9900000      0.000000     0.000000    0.063250  0.067080  99.9900000  0.001000   0.001000          0.     0.000     0.000     0.000     0.000         0      0      0      0.000000  0.000000  99.990000      0          0        0.000000  0.000000  99.990000      0           0
   11696.098 -0.109210 -0.393410  99.9900000      0.000000     0.000000    0.063250  0.067080  99.9900000  0.001000   0.001000          0.     0.000     0.000     0.000     0.000         0      0      0      0.000000  0.000000  99.990000      0          0        0.000000  0.000000  99.990000      0           0
   11714.360 -0.192210 -0.379410  99.9900000      0.000000     0.000000    0.063250  0.067080  99.9900000  0.001000   0.001000          0.     0.000     0.000     0.000     0.000         0      0      0      0.000000  0.000000  99.990000      0          0        0.000000  0.000000  99.990000      0           0
   11732.622 -0.228200 -0.269400  99.9900000      0.000000     0.000000    0.157870  0.164320  99.9900000  0.001000   0.001000          0.     0.000     0.000     0.000     0.000         0      0      0      0.000000  0.000000  99.990000      0          0        0.000000  0.000000  99.990000      0           0
   11750.884 -0.259200 -0.180400  99.9900000      0.000000     0.000000    0.157870  0.164320  99.9900000  0.001000   0.001000          0.     0.000     0.000     0.000     0.000         0      0      0      0.000000  0.000000  99.990000      0          0        0.000000  0.000000  99.990000      0           0
   11769.146 -0.270190 -0.101390  99.9900000      0.000000     0.000000    0.157870  0.164320  99.9900000  0.001000   0.001000          0.     0.000     0.000     0.000     0.000         0      0      0      0.000000  0.000000  99.990000      0          0        0.000000  0.000000  99.990000      0           0
   11787.408 -0.290190 -0.055380  99.9900000      0.000000     0.000000    0.157870  0.164320  99.9900000  0.001000   0.001000          0.     0.000     0.000     0.000     0.000         0      0      0      0.000000  0.000000  99.990000      0          0        0.000000  0.000000  99.990000      0           0
   11805.670 -0.301180 -0.014380  99.9900000      0.000000     0.000000    0.157870  0.164320  99.9900000  0.001000   0.001000          0.     0.000     0.000     0.000     0.000         0      0      0      0.000000  0.000000  99.990000      0          0        0.000000  0.000000  99.990000      0           0
   11823.933 -0.287180  0.032630  99.9900000      0.000000     0.000000    0.157870  0.164320  99.9900000  0.001000   0.001000          0.     0.000     0.000     0.000     0.000         0      0      0      0.000000  0.000000  99.990000      0          0        0.000000  0.000000  99.990000      0           0
   11842.195 -0.239170  0.113630  99.9900000      0.000000     0.000000    0.157870  0.164320  99.9900000  0.001000   0.001000          0.     0.000     0.000     0.000     0.000         0      0      0      0.000000  0.000000  99.990000      0          0        0.000000  0.000000  99.990000      0           0
   11860.457 -0.155170  0.216640  99.9900000      0.000000     0.000000    0.157870  0.164320  99.9900000  0.001000   0.001000          0.     0.000     0.000     0.000     0.000         0      0      0      0.000000  0.000000  99.990000      0          0        0.000000  0.000000  99.990000      0           0
   11878.719 -0.059160  0.301640  99.9900000      0.000000     0.000000    0.157870  0.164320  99.9900000  0.001000   0.001000          0.     0.000     0.000     0.000     0.000         0      0      0      0.000000  0.000000  99.990000      0          0        0.000000  0.000000  99.990000      0           0
   11896.981  0.017850  0.331650  99.9900000      0.000000     0.000000    0.157870  0.164320  99.9900000  0.001000   0.001000          0.     0.000     0.000     0.000     0.000         0      0      0      0.000000  0.000000  99.990000      0          0        0.000000  0.000000  99.990000      0           0
   11915.243  0.048850  0.134650  99.9900000      0.000000     0.000000    0.037780  0.039090  99.9900000  0.001000   0.001000          0.     0.000     0.000     0.000     0.000         0      0      0      0.000000  0.000000  99.990000      0          0        0.000000  0.000000  99.990000      0           0
   11933.505  0.092860  0.044650  99.9900000      0.000000     0.000000    0.037780  0.039090  99.9900000  0.001000   0.001000          0.     0.000     0.000     0.000     0.000         0      0      0      0.000000  0.000000  99.990000      0          0        0.000000  0.000000  99.990000      0           0
   11951.767  0.131860 -0.041340  99.9900000      0.000000     0.000000    0.037780  0.039090  99.9900000  0.001000   0.001000          0.     0.000     0.000     0.000     0.000         0      0      0      0.000000  0.000000  99.990000      0          0        0.000000  0.000000  99.990000      0           0
   11970.029  0.169870 -0.110340  99.9900000      0.000000     0.000000    0.037780  0.039090  99.9900000  0.001000   0.001000          0.     0.000     0.000     0.000     0.000         0      0      0      0.000000  0.000000  99.990000      0          0        0.000000  0.000000  99.990000      0           0
   11988.291  0.190870 -0.167330  99.9900000      0.000000     0.000000    0.037780  0.039090  99.9900000  0.001000   0.001000          0.     0.000     0.000     0.000     0.000         0      0      0      0.000000  0.000000  99.990000      0          0        0.000000  0.000000  99.990000      0           0
   12006.553  0.191880 -0.208330  99.9900000      0.000000     0.000000    0.037780  0.039090  99.9900000  0.001000   0.001000          0.     0.000     0.000     0.000     0.000         0      0      0      0.000000  0.000000  99.990000      0          0        0.000000  0.000000  99.990000      0           0
   12024.816  0.177880 -0.233320  99.9900000      0.000000     0.000000    0.037780  0.039090  99.9900000  0.001000   0.001000          0.     0.000     0.000     0.000     0.000         0      0      0      0.000000  0.000000  99.990000      0          0        0.000000  0.000000  99.990000      0           0
   12043.078  0.149880 -0.246320  99.9900000      0.000000     0.000000    0.037780  0.039090  99.9900000  0.001000   0.001000          0.     0.000     0.000     0.000     0.000         0      0      0      0.000000  0.000000  99.990000      0          0        0.000000  0.000000  99.990000      0           0
   12061.340  0.114890 -0.228310  99.9900000      0.000000     0.000000    0.037780  0.039090  99.9900000  0.001000   0.001000          0.     0.000     0.000     0.000     0.000         0      0      0      0.000000  0.000000  99.990000      0          0        0.000000  0.000000  99.990000      0           0
   12079.602  0.069900 -0.198310  99.9900000      0.000000     0.000000    0.037780  0.039090  99.9900000  0.001000   0.001000          0.     0.000     0.000     0.000     0.000         0      0      0      0.000000  0.000000  99.990000      0          0        0.000000  0.000000  99.990000      0           0
   12097.864 -0.002100 -0.183300  99.9900000      0.000000     0.000000    0.037780  0.039090  99.9900000  0.001000   0.001000          0.     0.000     0.000     0.000     0.000         0      0      0      0.000000  0.000000  99.990000      0          0        0.000000  0.000000  99.990000      0           0
   12116.126 -0.085100 -0.173300  99.9900000      0.000000     0.000000    0.037780  0.039090  99.9900000  0.001000   0.001000          0.     0.000     0.000     0.000     0.000         0      0      0      0.000000  0.000000  99.990000      0          0        0.000000  0.000000  99.990000      0           0
   12134.388 -0.156090 -0.152290  99.9900000      0.000000     0.000000    0.037780  0.039090  99.9900000  0.001000   0.001000          0.     0.000     0.000     0.000     0.000         0      0      0      0.000000  0.000000  99.990000      0          0        0.000000  0.000000  99.990000      0           0
   12152.650 -0.224080 -0.130280  99.9900000      0.000000     0.000000    0.037780  0.039090  99.9900000  0.001000   0.001000          0.     0.000     0.000     0.000     0.000         0      0      0      0.000000  0.000000  99.990000      0          0        0.000000  0.000000  99.990000      0           0
   12170.912 -0.290080 -0.129280  99.9900000      0.000000     0.000000    0.056360  0.107570  99.9900000  0.001000   0.001000          0.     0.000     0.000     0.000     0.000         0      0      0      0.000000  0.000000  99.990000      0          0        0.000000  0.000000  99.990000      0           0
   12189.174 -0.331080 -0.113280  99.9900000      0.000000     0.000000    0.056360  0.107570  99.9900000  0.001000   0.001000          0.     0.000     0.000     0.000     0.000         0      0      0      0.000000  0.000000  99.990000      0          0        0.000000  0.000000  99.990000      0           0
   12207.437 -0.339070 -0.082270  99.9900000      0.000000     0.000000    0.056360  0.107570  99.9900000  0.001000   0.001000          0.     0.000     0.000     0.000     0.000         0      0      0      0.000000  0.000000  99.990000      0          0        0.000000  0.000000  99.990000      0           0
   12225.699 -0.326070 -0.070270  99.9900000      0.000000     0.000000    0.056360  0.107570  99.9900000  0.001000   0.001000          0.     0.000     0.000     0.000     0.000         0      0      0      0.000000  0.000000  99.990000      0          0        0.000000  0.000000  99.990000      0           0
   12243.961 -0.274060 -0.024260  99.9900000      0.000000     0.000000    0.058400  0.109540  99.9900000  0.001000   0.001000          0.     0.000     0.000     0.000     0.000         0      0      0      0.000000  0.000000  99.990000      0          0        0.000000  0.000000  99.990000      0           0
   12262.223 -0.217060  0.050750  99.9900000      0.000000     0.000000    0.065730  0.094870  99.9900000  0.001000   0.001000          0.     0.000     0.000     0.000     0.000         0      0      0      0.000000  0.000000  99.990000      0          0        0.000000  0.000000  99.990000      0           0
   12280.485 -0.126050  0.121750  99.9900000      0.000000     0.000000    0.065730  0.094870  99.9900000  0.001000   0.001000          0.     0.000     0.000     0.000     0.000         0      0      0      0.000000  0.000000  99.990000      0          0        0.000000  0.000000  99.990000      0           0
   12298.747 -0.029050  0.178760  99.9900000      0.000000     0.000000    0.065730  0.094870  99.9900000  0.001000   0.001000          0.     0.000     0.000     0.000     0.000         0      0      0      0.000000  0.000000  99.990000      0          0        0.000000  0.000000  99.990000      0           0
   12317.009  0.044960  0.183760  99.9900000      0.000000     0.000000    0.065730  0.094870  99.9900000  0.001000   0.001000          0.     0.000     0.000     0.000     0.000         0      0      0      0.000000  0.000000  99.990000      0          0        0.000000  0.000000  99.990000      0           0
   12335.271  0.123970  0.234770  99.9900000      0.000000     0.000000    0.074740  0.146970  99.9900000  0.001000   0.001000          0.     0.000     0.000     0.000     0.000         0      0      0      0.000000  0.000000  99.990000      0          0        0.000000  0.000000  99.990000      0           0
   12353.533  0.123970  0.100770  99.9900000      0.000000     0.000000    0.074740  0.146970  99.9900000  0.001000   0.001000          0.     0.000     0.000     0.000     0.000         0      0      0      0.000000  0.000000  99.990000      0          0        0.000000  0.000000  99.990000      0           0
   12371.796  0.129980  0.025780  99.9900000      0.000000     0.000000    0.074740  0.146970  99.9900000  0.001000   0.001000          0.     0.000     0.000     0.000     0.000         0      0      0      0.000000  0.000000  99.990000      0          0        0.000000  0.000000  99.990000      0           0
   12390.058  0.145980 -0.012220  99.9900000      0.000000     0.000000    0.074740  0.146970  99.9900000  0.001000   0.001000          0.     0.000     0.000     0.000     0.000         0      0      0      0.000000  0.000000  99.990000      0          0        0.000000  0.000000  99.990000      0           0
   12408.320  0.141980 -0.062220  99.9900000      0.000000     0.000000    0.046020  0.060340  99.9900000  0.001000   0.001000          0.     0.000     0.000     0.000     0.000         0      0      0      0.000000  0.000000  99.990000      0          0        0.000000  0.000000  99.990000      0           0
   12426.582  0.091990 -0.127210  99.9900000      0.000000     0.000000    0.042910  0.060340  99.9900000  0.001000   0.001000          0.     0.000     0.000     0.000     0.000         0      0      0      0.000000  0.000000  99.990000      0          0        0.000000  0.000000  99.990000      0           0
   12444.844  0.065000 -0.180210  99.9900000      0.000000     0.000000    0.042910  0.060340  99.9900000  0.001000   0.001000          0.     0.000     0.000     0.000     0.000         0      0      0      0.000000  0.000000  99.990000      0          0        0.000000  0.000000  99.990000      0           0
   12463.106  0.020000 -0.218200  99.9900000      0.000000     0.000000    0.046480  0.060340  99.9900000  0.001000   0.001000          0.     0.000     0.000     0.000     0.000         0      0      0      0.000000  0.000000  99.990000      0          0        0.000000  0.000000  99.990000      0           0
   12481.368 -0.027000 -0.238200  99.9900000      0.000000     0.000000    0.046480  0.060340  99.9900000  0.001000   0.001000          0.     0.000     0.000     0.000     0.000         0      0      0      0.000000  0.000000  99.990000      0          0        0.000000  0.000000  99.990000      0           0
   12499.630 -0.069990 -0.235190  99.9900000      0.000000     0.000000    0.046480  0.060340  99.9900000  0.001000   0.001000          0.     0.000     0.000     0.000     0.000         0      0      0      0.000000  0.000000  99.990000      0          0        0.000000  0.000000  99.990000      0           0
   12517.892 -0.108990 -0.225190  99.9900000      0.000000     0.000000    0.046480  0.060340  99.9900000  0.001000   0.001000          0.     0.000     0.000     0.000     0.000         0      0      0      0.000000  0.000000  99.990000      0          0        0.000000  0.000000  99.990000      0           0
   12536.154 -0.137980 -0.216180  99.9900000      0.000000     0.000000    0.046480  0.060340  99.9900000  0.001000   0.001000          0.     0.000     0.000     0.000     0.000         0      0      0      0.000000  0.000000  99.990000      0          0        0.000000  0.000000  99.990000      0           0
   12554.416 -0.160980 -0.204180  99.9900000      0.000000     0.000000    0.046480  0.060340  99.9900000  0.001000   0.001000          0.     0.000     0.000     0.000     0.000         0      0      0      0.000000  0.000000  99.990000      0          0        0.000000  0.000000  99.990000      0           0
   12572.679 -0.176970 -0.190170  99.9900000      0.000000     0.000000    0.046480  0.060340  99.9900000  0.001000   0.001000          0.     0.000     0.000     0.000     0.000         0      0      0      0.000000  0.000000  99.990000      0          0        0.000000  0.000000  99.990000      0           0
   12590.941 -0.191970 -0.166170  99.9900000      0.000000     0.000000    0.046480  0.060340  99.9900000  0.001000   0.001000          0.     0.000     0.000     0.000     0.000         0      0      0      0.000000  0.000000  99.990000      0          0        0.000000  0.000000  99.990000      0           0
   12609.203 -0.157960 -0.100160  99.9900000      0.000000     0.000000    0.037290  0.052620  99.9900000  0.001000   0.001000          0.     0.000     0.000     0.000     0.000         0      0      0      0.000000  0.000000  99.990000      0          0        0.000000  0.000000  99.990000      0           0
   12627.465 -0.160950 -0.066150  99.9900000      0.000000     0.000000    0.037290  0.052620  99.9900000  0.001000   0.001000          0.     0.000     0.000     0.000     0.000         0      0      0      0.000000  0.000000  99.990000      0          0        0.000000  0.000000  99.990000      0           0
   12645.727 -0.166950 -0.037150  99.9900000      0.000000     0.000000    0.037290  0.052620  99.9900000  0.001000   0.001000          0.     0.000     0.000     0.000     0.000         0      0      0      0.000000  0.000000  99.990000      0          0        0.000000  0.000000  99.990000      0           0
   12663.989 -0.159950 -0.017150  99.9900000      0.000000     0.000000    0.037290  0.052620  99.9900000  0.001000   0.001000          0.     0.000     0.000     0.000     0.000         0      0      0      0.000000  0.000000  99.990000      0          0        0.000000  0.000000  99.990000      0           0
   12682.251 -0.139940 -0.019140  99.9900000      0.000000     0.000000    0.037290  0.052620  99.9900000  0.001000   0.001000          0.     0.000     0.000     0.000     0.000         0      0      0      0.000000  0.000000  99.990000      0          0        0.000000  0.000000  99.990000      0           0
   12700.513 -0.102940 -0.002130  99.9900000      0.000000     0.000000    0.037290  0.052620  99.9900000  0.001000   0.001000          0.     0.000     0.000     0.000     0.000         0      0      0      0.000000  0.000000  99.990000      0          0        0.000000  0.000000  99.990000      0           0
   12718.775 -0.062930  0.014870  99.9900000      0.000000     0.000000    0.037290  0.052620  99.9900000  0.001000   0.001000          0.     0.000     0.000     0.000     0.000         0      0      0      0.000000  0.000000  99.990000      0          0        0.000000  0.000000  99.990000      0           0
   12737.038 -0.023930  0.035870  99.9900000      0.000000     0.000000    0.037290  0.052620  99.9900000  0.001000   0.001000          0.     0.000     0.000     0.000     0.000         0      0      0      0.000000  0.000000  99.990000      0          0        0.000000  0.000000  99.990000      0           0
   12755.300  0.011080  0.053880  99.9900000      0.000000     0.000000    0.037290  0.052620  99.9900000  0.001000   0.001000          0.     0.000     0.000     0.000     0.000         0      0      0      0.000000  0.000000  99.990000      0          0        0.000000  0.000000  99.990000      0           0
   12773.562  0.027080  0.029880  99.9900000      0.000000     0.000000    0.037290  0.052620  99.9900000  0.001000   0.001000          0.     0.000     0.000     0.000     0.000         0      0      0      0.000000  0.000000  99.990000      0          0        0.000000  0.000000  99.990000      0           0
   12791.824  0.027090 -0.001110  99.9900000      0.000000     0.000000    0.038460  0.053310  99.9900000  0.001000   0.001000          0.     0.000     0.000     0.000     0.000         0      0      0      0.000000  0.000000  99.990000      0          0        0.000000  0.000000  99.990000      0           0
   12810.086  0.007100 -0.032100  99.9900000      0.000000     0.000000    0.038460  0.053310  99.9900000  0.001000   0.001000          0.     0.000     0.000     0.000     0.000         0      0      0      0.000000  0.000000  99.990000      0          0        0.000000  0.000000  99.990000      0           0
   12828.348  0.004100 -0.036100  99.9900000      0.000000     0.000000    0.036000  0.053310  99.9900000  0.001000   0.001000          0.     0.000     0.000     0.000     0.000         0      0      0      0.000000  0.000000  99.990000      0          0        0.000000  0.000000  99.990000      0           0
   12846.610 -0.006900 -0.040100  99.9900000      0.000000     0.000000    0.036000  0.053310  99.9900000  0.001000   0.001000          0.     0.000     0.000     0.000     0.000         0      0      0      0.000000  0.000000  99.990000      0          0        0.000000  0.000000  99.990000      0           0
   12864.872 -0.004890 -0.044090  99.9900000      0.000000     0.000000    0.036000  0.053310  99.9900000  0.001000   0.001000          0.     0.000     0.000     0.000     0.000         0      0      0      0.000000  0.000000  99.990000      0          0        0.000000  0.000000  99.990000      0           0
   12883.134 -0.004880 -0.048080  99.9900000      0.000000     0.000000    0.036000  0.053310  99.9900000  0.001000   0.001000          0.     0.000     0.000     0.000     0.000         0      0      0      0.000000  0.000000  99.990000      0          0        0.000000  0.000000  99.990000      0           0
   12901.396  0.027120 -0.070080  99.9900000      0.000000     0.000000    0.037050  0.052620  99.9900000  0.001000   0.001000          0.     0.000     0.000     0.000     0.000         0      0      0      0.000000  0.000000  99.990000      0          0        0.000000  0.000000  99.990000      0           0
   12919.658  0.020120 -0.089080  99.9900000      0.000000     0.000000    0.037050  0.052620  99.9900000  0.001000   0.001000          0.     0.000     0.000     0.000     0.000         0      0      0      0.000000  0.000000  99.990000      0          0        0.000000  0.000000  99.990000      0           0
   12937.921 -0.001870 -0.113070  99.9900000      0.000000     0.000000    0.036740  0.050710  99.9900000  0.001000   0.001000          0.     0.000     0.000     0.000     0.000         0      0      0      0.000000  0.000000  99.990000      0          0        0.000000  0.000000  99.990000      0           0
   12956.183 -0.026870 -0.137070  99.9900000      0.000000     0.000000    0.038120  0.051530  99.9900000  0.001000   0.001000          0.     0.000     0.000     0.000     0.000         0      0      0      0.000000  0.000000  99.990000      0          0        0.000000  0.000000  99.990000      0           0
   12974.445 -0.042860 -0.160060  99.9900000      0.000000     0.000000    0.038120  0.051530  99.9900000  0.001000   0.001000          0.     0.000     0.000     0.000     0.000         0      0      0      0.000000  0.000000  99.990000      0          0        0.000000  0.000000  99.990000      0           0
   12992.707 -0.065860 -0.173060  99.9900000      0.000000     0.000000    0.038120  0.051530  99.9900000  0.001000   0.001000          0.     0.000     0.000     0.000     0.000         0      0      0      0.000000  0.000000  99.990000      0          0        0.000000  0.000000  99.990000      0           0
   13010.969 -0.090850 -0.180050  99.9900000      0.000000     0.000000    0.043030  0.051750  99.9900000  0.001000   0.001000          0.     0.000     0.000     0.000     0.000         0      0      0      0.000000  0.000000  99.990000      0          0        0.000000  0.000000  99.990000      0           0
   13029.231 -0.111850 -0.185050  99.9900000      0.000000     0.000000    0.043030  0.051750  99.9900000  0.001000   0.001000          0.     0.000     0.000     0.000     0.000         0      0      0      0.000000  0.000000  99.990000      0          0        0.000000  0.000000  99.990000      0           0
   13047.493 -0.117840 -0.155040  99.9900000      0.000000     0.000000    0.043030  0.051750  99.9900000  0.001000   0.001000          0.     0.000     0.000     0.000     0.000         0      0      0      0.000000  0.000000  99.990000      0          0        0.000000  0.000000  99.990000      0           0
   13065.755 -0.110840 -0.128030  99.9900000      0.000000     0.000000    0.043030  0.051750  99.9900000  0.001000   0.001000          0.     0.000     0.000     0.000     0.000         0      0      0      0.000000  0.000000  99.990000      0          0        0.000000  0.000000  99.990000      0           0
   13084.017 -0.102830 -0.097030  99.9900000      0.000000     0.000000    0.043030  0.051750  99.9900000  0.001000   0.001000          0.     0.000     0.000     0.000     0.000         0      0      0      0.000000  0.000000  99.990000      0          0        0.000000  0.000000  99.990000      0           0
   13102.280 -0.093830 -0.062030  99.9900000      0.000000     0.000000    0.043030  0.051750  99.9900000  0.001000   0.001000          0.     0.000     0.000     0.000     0.000         0      0      0      0.000000  0.000000  99.990000      0          0        0.000000  0.000000  99.990000      0           0
   13120.542 -0.087820 -0.023020  99.9900000      0.000000     0.000000    0.043030  0.051750  99.9900000  0.001000   0.001000          0.     0.000     0.000     0.000     0.000         0      0      0      0.000000  0.000000  99.990000      0          0        0.000000  0.000000  99.990000      0           0
   13138.804 -0.079820 -0.002020  99.9900000      0.000000     0.000000    0.043030  0.051750  99.9900000  0.001000   0.001000          0.     0.000     0.000     0.000     0.000         0      0      0      0.000000  0.000000  99.990000      0          0        0.000000  0.000000  99.990000      0           0
   13157.066 -0.064810  0.015990  99.9900000      0.000000     0.000000    0.043030  0.051750  99.9900000  0.001000   0.001000          0.     0.000     0.000     0.000     0.000         0      0      0      0.000000  0.000000  99.990000      0          0        0.000000  0.000000  99.990000      0           0
   13175.328 -0.052800  0.036000  99.9900000      0.000000     0.000000    0.043030  0.051750  99.9900000  0.001000   0.001000          0.     0.000     0.000     0.000     0.000         0      0      0      0.000000  0.000000  99.990000      0          0        0.000000  0.000000  99.990000      0           0
   13193.590 -0.045800  0.043000  99.9900000      0.000000     0.000000    0.043030  0.051750  99.9900000  0.001000   0.001000          0.     0.000     0.000     0.000     0.000         0      0      0      0.000000  0.000000  99.990000      0          0        0.000000  0.000000  99.990000      0           0
   13211.852 -0.041800  0.058010  99.9900000      0.000000     0.000000    0.043030  0.051750  99.9900000  0.001000   0.001000          0.     0.000     0.000     0.000     0.000         0      0      0      0.000000  0.000000  99.990000      0          0        0.000000  0.000000  99.990000      0           0
   13230.114 -0.045790  0.069010  99.9900000      0.000000     0.000000    0.043030  0.051750  99.9900000  0.001000   0.001000          0.     0.000     0.000     0.000     0.000         0      0      0      0.000000  0.000000  99.990000      0          0        0.000000  0.000000  99.990000      0           0
   13248.376 -0.045780  0.059020  99.9900000      0.000000     0.000000    0.043030  0.051750  99.9900000  0.001000   0.001000          0.     0.000     0.000     0.000     0.000         0      0      0      0.000000  0.000000  99.990000      0          0        0.000000  0.000000  99.990000      0           0
   13266.638 -0.040780  0.028020  99.9900000      0.000000     0.000000    0.043030  0.051750  99.9900000  0.001000   0.001000          0.     0.000     0.000     0.000     0.000         0      0      0      0.000000  0.000000  99.990000      0          0        0.000000  0.000000  99.990000      0           0
   13284.900 -0.038780 -0.006980  99.9900000      0.000000     0.000000    0.041190  0.051750  99.9900000  0.001000   0.001000          0.     0.000     0.000     0.000     0.000         0      0      0      0.000000  0.000000  99.990000      0          0        0.000000  0.000000  99.990000      0           0
   13303.163 -0.035770 -0.052970  99.9900000      0.000000     0.000000    0.041190  0.051750  99.9900000  0.001000   0.001000          0.     0.000     0.000     0.000     0.000         0      0      0      0.000000  0.000000  99.990000      0          0        0.000000  0.000000  99.990000      0           0
   13321.425 -0.032770 -0.108970  99.9900000      0.000000     0.000000    0.041190  0.051750  99.9900000  0.001000   0.001000          0.     0.000     0.000     0.000     0.000         0      0      0      0.000000  0.000000  99.990000      0          0        0.000000  0.000000  99.990000      0           0
   13339.687 -0.025760 -0.146960  99.9900000      0.000000     0.000000    0.041190  0.051750  99.9900000  0.001000   0.001000          0.     0.000     0.000     0.000     0.000         0      0      0      0.000000  0.000000  99.990000      0          0        0.000000  0.000000  99.990000      0           0
   13357.949 -0.016750 -0.180950  99.9900000      0.000000     0.000000    0.041190  0.051750  99.9900000  0.001000   0.001000          0.     0.000     0.000     0.000     0.000         0      0      0      0.000000  0.000000  99.990000      0          0        0.000000  0.000000  99.990000      0           0
   13376.211 -0.005750 -0.197950  99.9900000      0.000000     0.000000    0.041190  0.051750  99.9900000  0.001000   0.001000          0.     0.000     0.000     0.000     0.000         0      0      0      0.000000  0.000000  99.990000      0          0        0.000000  0.000000  99.990000      0           0
   13394.473  0.018250 -0.205950  99.9900000      0.000000     0.000000    0.043920  0.042080  99.9900000  0.001000   0.001000          0.     0.000     0.000     0.000     0.000         0      0      0      0.000000  0.000000  99.990000      0          0        0.000000  0.000000  99.990000      0           0
   13412.735  0.022260 -0.183940  99.9900000      0.000000     0.000000    0.040550  0.039280  99.9900000  0.001000   0.001000          0.     0.000     0.000     0.000     0.000         0      0      0      0.000000  0.000000  99.990000      0          0        0.000000  0.000000  99.990000      0           0
   13430.997  0.000270 -0.179940  99.9900000      0.000000     0.000000    0.040550  0.039280  99.9900000  0.001000   0.001000          0.     0.000     0.000     0.000     0.000         0      0      0      0.000000  0.000000  99.990000      0          0        0.000000  0.000000  99.990000      0           0
   13449.259 -0.029730 -0.166930  99.9900000      0.000000     0.000000    0.040550  0.039280  99.9900000  0.001000   0.001000          0.     0.000     0.000     0.000     0.000         0      0      0      0.000000  0.000000  99.990000      0          0        0.000000  0.000000  99.990000      0           0
   13467.522 -0.064730 -0.137930  99.9900000      0.000000     0.000000    0.040550  0.039280  99.9900000  0.001000   0.001000          0.     0.000     0.000     0.000     0.000         0      0      0      0.000000  0.000000  99.990000      0          0        0.000000  0.000000  99.990000      0           0
   13485.784 -0.096720 -0.098920  99.9900000      0.000000     0.000000    0.040550  0.039280  99.9900000  0.001000   0.001000          0.     0.000     0.000     0.000     0.000         0      0      0      0.000000  0.000000  99.990000      0          0        0.000000  0.000000  99.990000      0           0
   13504.046 -0.114720 -0.067920  99.9900000      0.000000     0.000000    0.040550  0.039280  99.9900000  0.001000   0.001000          0.     0.000     0.000     0.000     0.000         0      0      0      0.000000  0.000000  99.990000      0          0        0.000000  0.000000  99.990000      0           0
   13522.308 -0.128710 -0.047910  99.9900000      0.000000     0.000000    0.040550  0.039280  99.9900000  0.001000   0.001000          0.     0.000     0.000     0.000     0.000         0      0      0      0.000000  0.000000  99.990000      0          0        0.000000  0.000000  99.990000      0           0
   13540.570 -0.136710 -0.014900  99.9900000      0.000000     0.000000    0.040550  0.039280  99.9900000  0.001000   0.001000          0.     0.000     0.000     0.000     0.000         0      0      0      0.000000  0.000000  99.990000      0          0        0.000000  0.000000  99.990000      0           0
   13558.832 -0.137700  0.010100  99.9900000      0.000000     0.000000    0.040550  0.039280  99.9900000  0.001000   0.001000          0.     0.000     0.000     0.000     0.000         0      0      0      0.000000  0.000000  99.990000      0          0        0.000000  0.000000  99.990000      0           0
   13577.094 -0.140700  0.040100  99.9900000      0.000000     0.000000    0.040550  0.039280  99.9900000  0.001000   0.001000          0.     0.000     0.000     0.000     0.000         0      0      0      0.000000  0.000000  99.990000      0          0        0.000000  0.000000  99.990000      0           0
   13595.356 -0.155690  0.049110  99.9900000      0.000000     0.000000    0.040550  0.039280  99.9900000  0.001000   0.001000          0.     0.000     0.000     0.000     0.000         0      0      0      0.000000  0.000000  99.990000      0          0        0.000000  0.000000  99.990000      0           0
   13613.618 -0.153680  0.056120  99.9900000      0.000000     0.000000    0.040550  0.039280  99.9900000  0.001000   0.001000          0.     0.000     0.000     0.000     0.000         0      0      0      0.000000  0.000000  99.990000      0          0        0.000000  0.000000  99.990000      0           0
   13631.880 -0.154680  0.064120  99.9900000      0.000000     0.000000    0.039090  0.039190  99.9900000  0.001000   0.001000          0.     0.000     0.000     0.000     0.000         0      0      0      0.000000  0.000000  99.990000      0          0        0.000000  0.000000  99.990000      0           0
   13650.142 -0.125680  0.067120  99.9900000      0.000000     0.000000    0.039090  0.039190  99.9900000  0.001000   0.001000          0.     0.000     0.000     0.000     0.000         0      0      0      0.000000  0.000000  99.990000      0          0        0.000000  0.000000  99.990000      0           0
   13668.405 -0.082670  0.062130  99.9900000      0.000000     0.000000    0.039090  0.039190  99.9900000  0.001000   0.001000          0.     0.000     0.000     0.000     0.000         0      0      0      0.000000  0.000000  99.990000      0          0        0.000000  0.000000  99.990000      0           0
   13686.667 -0.032670  0.044130  99.9900000      0.000000     0.000000    0.039090  0.039190  99.9900000  0.001000   0.001000          0.     0.000     0.000     0.000     0.000         0      0      0      0.000000  0.000000  99.990000      0          0        0.000000  0.000000  99.990000      0           0
   13704.929  0.009340  0.034140  99.9900000      0.000000     0.000000    0.039090  0.039190  99.9900000  0.001000   0.001000          0.     0.000     0.000     0.000     0.000         0      0      0      0.000000  0.000000  99.990000      0          0        0.000000  0.000000  99.990000      0           0
   13723.191  0.056350  0.017150  99.9900000      0.000000     0.000000    0.039090  0.039190  99.9900000  0.001000   0.001000          0.     0.000     0.000     0.000     0.000         0      0      0      0.000000  0.000000  99.990000      0          0        0.000000  0.000000  99.990000      0           0
   13741.453  0.095350 -0.010850  99.9900000      0.000000     0.000000    0.040660  0.039370  99.9900000  0.001000   0.001000          0.     0.000     0.000     0.000     0.000         0      0      0      0.000000  0.000000  99.990000      0          0        0.000000  0.000000  99.990000      0           0
   13759.715  0.122360 -0.056850  99.9900000      0.000000     0.000000    0.040660  0.039370  99.9900000  0.001000   0.001000          0.     0.000     0.000     0.000     0.000         0      0      0      0.000000  0.000000  99.990000      0          0        0.000000  0.000000  99.990000      0           0
   13777.977  0.149360 -0.106840  99.9900000      0.000000     0.000000    0.040660  0.039370  99.9900000  0.001000   0.001000          0.     0.000     0.000     0.000     0.000         0      0      0      0.000000  0.000000  99.990000      0          0        0.000000  0.000000  99.990000      0           0
   13796.239  0.144370 -0.155830  99.9900000      0.000000     0.000000    0.040660  0.039370  99.9900000  0.001000   0.001000          0.     0.000     0.000     0.000     0.000         0      0      0      0.000000  0.000000  99.990000      0          0        0.000000  0.000000  99.990000      0           0
   13814.501  0.113370 -0.199830  99.9900000      0.000000     0.000000    0.040760  0.065730  99.9900000  0.001000   0.001000          0.     0.000     0.000     0.000     0.000         0      0      0      0.000000  0.000000  99.990000      0          0        0.000000  0.000000  99.990000      0           0
   13832.763  0.072370 -0.239830  99.9900000      0.000000     0.000000    0.040760  0.065730  99.9900000  0.001000   0.001000          0.     0.000     0.000     0.000     0.000         0      0      0      0.000000  0.000000  99.990000      0          0        0.000000  0.000000  99.990000      0           0
   13851.026  0.037380 -0.258820  99.9900000      0.000000     0.000000    0.040760  0.065730  99.9900000  0.001000   0.001000          0.     0.000     0.000     0.000     0.000         0      0      0      0.000000  0.000000  99.990000      0          0        0.000000  0.000000  99.990000      0           0
   13869.288  0.002380 -0.267820  99.9900000      0.000000     0.000000    0.040760  0.065730  99.9900000  0.001000   0.001000          0.     0.000     0.000     0.000     0.000         0      0      0      0.000000  0.000000  99.990000      0          0        0.000000  0.000000  99.990000      0           0
   13887.550 -0.044610 -0.258810  99.9900000      0.000000     0.000000    0.040760  0.065730  99.9900000  0.001000   0.001000          0.     0.000     0.000     0.000     0.000         0      0      0      0.000000  0.000000  99.990000      0          0        0.000000  0.000000  99.990000      0           0
   13905.812 -0.097610 -0.234810  99.9900000      0.000000     0.000000    0.040760  0.065730  99.9900000  0.001000   0.001000          0.     0.000     0.000     0.000     0.000         0      0      0      0.000000  0.000000  99.990000      0          0        0.000000  0.000000  99.990000      0           0
   13924.074 -0.152600 -0.173800  99.9900000      0.000000     0.000000    0.037950  0.043790  99.9900000  0.001000   0.001000          0.     0.000     0.000     0.000     0.000         0      0      0      0.000000  0.000000  99.990000      0          0        0.000000  0.000000  99.990000      0           0
   13942.336 -0.213590 -0.143800  99.9900000      0.000000     0.000000    0.037950  0.043790  99.9900000  0.001000   0.001000          0.     0.000     0.000     0.000     0.000         0      0      0      0.000000  0.000000  99.990000      0          0        0.000000  0.000000  99.990000      0           0
   13960.598 -0.262590 -0.105790  99.9900000      0.000000     0.000000    0.037950  0.043790  99.9900000  0.001000   0.001000          0.     0.000     0.000     0.000     0.000         0      0      0      0.000000  0.000000  99.990000      0          0        0.000000  0.000000  99.990000      0           0
   13978.860 -0.291590 -0.070780  99.9900000      0.000000     0.000000    0.037950  0.043790  99.9900000  0.001000   0.001000          0.     0.000     0.000     0.000     0.000         0      0      0      0.000000  0.000000  99.990000      0          0        0.000000  0.000000  99.990000      0           0
   13997.122 -0.282580 -0.024780  99.9900000      0.000000     0.000000    0.037950  0.043790  99.9900000  0.001000   0.001000          0.     0.000     0.000     0.000     0.000         0      0      0      0.000000  0.000000  99.990000      0          0        0.000000  0.000000  99.990000      0           0
   14015.385 -0.265580  0.015220  99.9900000      0.000000     0.000000    0.037950  0.043790  99.9900000  0.001000   0.001000          0.     0.000     0.000     0.000     0.000         0      0      0      0.000000  0.000000  99.990000      0          0        0.000000  0.000000  99.990000      0           0
   14033.647 -0.242570  0.046230  99.9900000      0.000000     0.000000    0.037950  0.043790  99.9900000  0.001000   0.001000          0.     0.000     0.000     0.000     0.000         0      0      0      0.000000  0.000000  99.990000      0          0        0.000000  0.000000  99.990000      0           0
   14051.909 -0.184570  0.074240  99.9900000      0.000000     0.000000    0.037950  0.043790  99.9900000  0.001000   0.001000          0.     0.000     0.000     0.000     0.000         0      0      0      0.000000  0.000000  99.990000      0          0        0.000000  0.000000  99.990000      0           0
   14070.171 -0.131560  0.076240  99.9900000      0.000000     0.000000    0.037950  0.043790  99.9900000  0.001000   0.001000          0.     0.000     0.000     0.000     0.000         0      0      0      0.000000  0.000000  99.990000      0          0        0.000000  0.000000  99.990000      0           0
   14088.433 -0.077560  0.074250  99.9900000      0.000000     0.000000    0.037950  0.043790  99.9900000  0.001000   0.001000          0.     0.000     0.000     0.000     0.000         0      0      0      0.000000  0.000000  99.990000      0          0        0.000000  0.000000  99.990000      0           0
   14106.695 -0.017550  0.061250  99.9900000      0.000000     0.000000    0.036290  0.043530  99.9900000  0.001000   0.001000          0.     0.000     0.000     0.000     0.000         0      0      0      0.000000  0.000000  99.990000      0          0        0.000000  0.000000  99.990000      0           0
   14124.957  0.038450  0.042250  99.9900000      0.000000     0.000000    0.036290  0.043530  99.9900000  0.001000   0.001000          0.     0.000     0.000     0.000     0.000         0      0      0      0.000000  0.000000  99.990000      0          0        0.000000  0.000000  99.990000      0           0
   14143.219  0.088460  0.022260  99.9900000      0.000000     0.000000    0.036290  0.043530  99.9900000  0.001000   0.001000          0.     0.000     0.000     0.000     0.000         0      0      0      0.000000  0.000000  99.990000      0          0        0.000000  0.000000  99.990000      0           0
   14161.481  0.132470  0.001270  99.9900000      0.000000     0.000000    0.036290  0.043530  99.9900000  0.001000   0.001000          0.     0.000     0.000     0.000     0.000         0      0      0      0.000000  0.000000  99.990000      0          0        0.000000  0.000000  99.990000      0           0
   14179.743  0.173470 -0.012730  99.9900000      0.000000     0.000000    0.036290  0.043530  99.9900000  0.001000   0.001000          0.     0.000     0.000     0.000     0.000         0      0      0      0.000000  0.000000  99.990000      0          0        0.000000  0.000000  99.990000      0           0
   14198.005  0.195480 -0.044730  99.9900000      0.000000     0.000000    0.038820  0.045720  99.9900000  0.001000   0.001000          0.     0.000     0.000     0.000     0.000         0      0      0      0.000000  0.000000  99.990000      0          0        0.000000  0.000000  99.990000      0           0
   14216.268  0.186480 -0.103720  99.9900000      0.000000     0.000000    0.038820  0.045720  99.9900000  0.001000   0.001000          0.     0.000     0.000     0.000     0.000         0      0      0      0.000000  0.000000  99.990000      0          0        0.000000  0.000000  99.990000      0           0
   14234.530  0.166480 -0.145720  99.9900000      0.000000     0.000000    0.038820  0.045720  99.9900000  0.001000   0.001000          0.     0.000     0.000     0.000     0.000         0      0      0      0.000000  0.000000  99.990000      0          0        0.000000  0.000000  99.990000      0           0
   14252.792  0.121490 -0.192710  99.9900000      0.000000     0.000000    0.039760  0.045870  99.9900000  0.001000   0.001000          0.     0.000     0.000     0.000     0.000         0      0      0      0.000000  0.000000  99.990000      0          0        0.000000  0.000000  99.990000      0           0
   14271.054  0.061490 -0.248710  99.9900000      0.000000     0.000000    0.039760  0.045870  99.9900000  0.001000   0.001000          0.     0.000     0.000     0.000     0.000         0      0      0      0.000000  0.000000  99.990000      0          0        0.000000  0.000000  99.990000      0           0
   14289.316 -0.037500 -0.237700  99.9900000      0.000000     0.000000    0.044450  0.045870  99.9900000  0.001000   0.001000          0.     0.000     0.000     0.000     0.000         0      0      0      0.000000  0.000000  99.990000      0          0        0.000000  0.000000  99.990000      0           0
   14307.578 -0.094500 -0.208700  99.9900000      0.000000     0.000000    0.044450  0.045870  99.9900000  0.001000   0.001000          0.     0.000     0.000     0.000     0.000         0      0      0      0.000000  0.000000  99.990000      0          0        0.000000  0.000000  99.990000      0           0
   14325.840 -0.148490 -0.179690  99.9900000      0.000000     0.000000    0.044450  0.045870  99.9900000  0.001000   0.001000          0.     0.000     0.000     0.000     0.000         0      0      0      0.000000  0.000000  99.990000      0          0        0.000000  0.000000  99.990000      0           0
   14344.102 -0.202490 -0.167690  99.9900000      0.000000     0.000000    0.044450  0.045870  99.9900000  0.001000   0.001000          0.     0.000     0.000     0.000     0.000         0      0      0      0.000000  0.000000  99.990000      0          0        0.000000  0.000000  99.990000      0           0
   14362.364 -0.253480 -0.156680  99.9900000      0.000000     0.000000    0.044450  0.045870  99.9900000  0.001000   0.001000          0.     0.000     0.000     0.000     0.000         0      0      0      0.000000  0.000000  99.990000      0          0        0.000000  0.000000  99.990000      0           0
   14380.627 -0.262480 -0.108680  99.9900000      0.000000     0.000000    0.044450  0.045870  99.9900000  0.001000   0.001000          0.     0.000     0.000     0.000     0.000         0      0      0      0.000000  0.000000  99.990000      0          0        0.000000  0.000000  99.990000      0           0
   14398.889 -0.262470 -0.053670  99.9900000      0.000000     0.000000    0.044450  0.045870  99.9900000  0.001000   0.001000          0.     0.000     0.000     0.000     0.000         0      0      0      0.000000  0.000000  99.990000      0          0        0.000000  0.000000  99.990000      0           0
   14417.151 -0.242470 -0.015670  99.9900000      0.000000     0.000000    0.042540  0.045720  99.9900000  0.001000   0.001000          0.     0.000     0.000     0.000     0.000         0      0      0      0.000000  0.000000  99.990000      0          0        0.000000  0.000000  99.990000      0           0
   14435.413 -0.220460  0.031340  99.9900000      0.000000     0.000000    0.042540  0.045720  99.9900000  0.001000   0.001000          0.     0.000     0.000     0.000     0.000         0      0      0      0.000000  0.000000  99.990000      0          0        0.000000  0.000000  99.990000      0           0
   14453.675 -0.190460  0.069350  99.9900000      0.000000     0.000000    0.042540  0.045720  99.9900000  0.001000   0.001000          0.     0.000     0.000     0.000     0.000         0      0      0      0.000000  0.000000  99.990000      0          0        0.000000  0.000000  99.990000      0           0
   14471.937 -0.147450  0.092350  99.9900000      0.000000     0.000000    0.042540  0.045720  99.9900000  0.001000   0.001000          0.     0.000     0.000     0.000     0.000         0      0      0      0.000000  0.000000  99.990000      0          0        0.000000  0.000000  99.990000      0           0
   14490.199 -0.085450  0.104360  99.9900000      0.000000     0.000000    0.042540  0.045720  99.9900000  0.001000   0.001000          0.     0.000     0.000     0.000     0.000         0      0      0      0.000000  0.000000  99.990000      0          0        0.000000  0.000000  99.990000      0           0
   14508.461 -0.017440  0.104360  99.9900000      0.000000     0.000000    0.042540  0.045720  99.9900000  0.001000   0.001000          0.     0.000     0.000     0.000     0.000         0      0      0      0.000000  0.000000  99.990000      0          0        0.000000  0.000000  99.990000      0           0
   14526.723  0.043570  0.090370  99.9900000      0.000000     0.000000    0.042540  0.045720  99.9900000  0.001000   0.001000          0.     0.000     0.000     0.000     0.000         0      0      0      0.000000  0.000000  99.990000      0          0        0.000000  0.000000  99.990000      0           0
   14544.985  0.106570  0.069370  99.9900000      0.000000     0.000000    0.042540  0.045720  99.9900000  0.001000   0.001000          0.     0.000     0.000     0.000     0.000         0      0      0      0.000000  0.000000  99.990000      0          0        0.000000  0.000000  99.990000      0           0
   14563.247  0.135580  0.035370  99.9900000      0.000000     0.000000    0.042540  0.045720  99.9900000  0.001000   0.001000          0.     0.000     0.000     0.000     0.000         0      0      0      0.000000  0.000000  99.990000      0          0        0.000000  0.000000  99.990000      0           0
   14581.510  0.146580 -0.010620  99.9900000      0.000000     0.000000    0.041960  0.043790  99.9900000  0.001000   0.001000          0.     0.000     0.000     0.000     0.000         0      0      0      0.000000  0.000000  99.990000      0          0        0.000000  0.000000  99.990000      0           0
   14599.772  0.132580 -0.060620  99.9900000      0.000000     0.000000    0.041960  0.043790  99.9900000  0.001000   0.001000          0.     0.000     0.000     0.000     0.000         0      0      0      0.000000  0.000000  99.990000      0          0        0.000000  0.000000  99.990000      0           0
   14618.034  0.106590 -0.116610  99.9900000      0.000000     0.000000    0.041960  0.043790  99.9900000  0.001000   0.001000          0.     0.000     0.000     0.000     0.000         0      0      0      0.000000  0.000000  99.990000      0          0        0.000000  0.000000  99.990000      0           0
   14636.296  0.074600 -0.165610  99.9900000      0.000000     0.000000    0.041960  0.043790  99.9900000  0.001000   0.001000          0.     0.000     0.000     0.000     0.000         0      0      0      0.000000  0.000000  99.990000      0          0        0.000000  0.000000  99.990000      0           0
   14654.558  0.040600 -0.189600  99.9900000      0.000000     0.000000    0.041960  0.043790  99.9900000  0.001000   0.001000          0.     0.000     0.000     0.000     0.000         0      0      0      0.000000  0.000000  99.990000      0          0        0.000000  0.000000  99.990000      0           0
   14672.820 -0.000400 -0.224600  99.9900000      0.000000     0.000000    0.041960  0.043790  99.9900000  0.001000   0.001000          0.     0.000     0.000     0.000     0.000         0      0      0      0.000000  0.000000  99.990000      0          0        0.000000  0.000000  99.990000      0           0
   14691.082 -0.048390 -0.257590  99.9900000      0.000000     0.000000    0.041960  0.043790  99.9900000  0.001000   0.001000          0.     0.000     0.000     0.000     0.000         0      0      0      0.000000  0.000000  99.990000      0          0        0.000000  0.000000  99.990000      0           0
   14709.344 -0.095380 -0.270590  99.9900000      0.000000     0.000000    0.041960  0.043790  99.9900000  0.001000   0.001000          0.     0.000     0.000     0.000     0.000         0      0      0      0.000000  0.000000  99.990000      0          0        0.000000  0.000000  99.990000      0           0
   14727.606 -0.136380 -0.263580  99.9900000      0.000000     0.000000    0.041960  0.043790  99.9900000  0.001000   0.001000          0.     0.000     0.000     0.000     0.000         0      0      0      0.000000  0.000000  99.990000      0          0        0.000000  0.000000  99.990000      0           0
   14745.869 -0.163380 -0.242580  99.9900000      0.000000     0.000000    0.041960  0.043790  99.9900000  0.001000   0.001000          0.     0.000     0.000     0.000     0.000         0      0      0      0.000000  0.000000  99.990000      0          0        0.000000  0.000000  99.990000      0           0
   14764.131 -0.178370 -0.203570  99.9900000      0.000000     0.000000    0.041960  0.043790  99.9900000  0.001000   0.001000          0.     0.000     0.000     0.000     0.000         0      0      0      0.000000  0.000000  99.990000      0          0        0.000000  0.000000  99.990000      0           0
   14782.393 -0.182370 -0.151570  99.9900000      0.000000     0.000000    0.041960  0.043790  99.9900000  0.001000   0.001000          0.     0.000     0.000     0.000     0.000         0      0      0      0.000000  0.000000  99.990000      0          0        0.000000  0.000000  99.990000      0           0
   14800.655 -0.190360 -0.107560  99.9900000      0.000000     0.000000    0.041960  0.043790  99.9900000  0.001000   0.001000          0.     0.000     0.000     0.000     0.000         0      0      0      0.000000  0.000000  99.990000      0          0        0.000000  0.000000  99.990000      0           0
   14818.917 -0.181360 -0.062560  99.9900000      0.000000     0.000000    0.041960  0.043790  99.9900000  0.001000   0.001000          0.     0.000     0.000     0.000     0.000         0      0      0      0.000000  0.000000  99.990000      0          0        0.000000  0.000000  99.990000      0           0
   14837.179 -0.209350 -0.013550  99.9900000      0.000000     0.000000    0.035100  0.043790  99.9900000  0.001000   0.001000          0.     0.000     0.000     0.000     0.000         0      0      0      0.000000  0.000000  99.990000      0          0        0.000000  0.000000  99.990000      0           0
   14855.441 -0.173350  0.018450  99.9900000      0.000000     0.000000    0.035100  0.043790  99.9900000  0.001000   0.001000          0.     0.000     0.000     0.000     0.000         0      0      0      0.000000  0.000000  99.990000      0          0        0.000000  0.000000  99.990000      0           0
   14873.703 -0.125340  0.042460  99.9900000      0.000000     0.000000    0.035100  0.043790  99.9900000  0.001000   0.001000          0.     0.000     0.000     0.000     0.000         0      0      0      0.000000  0.000000  99.990000      0          0        0.000000  0.000000  99.990000      0           0
   14891.965 -0.079340  0.058470  99.9900000      0.000000     0.000000    0.035100  0.043790  99.9900000  0.001000   0.001000          0.     0.000     0.000     0.000     0.000         0      0      0      0.000000  0.000000  99.990000      0          0        0.000000  0.000000  99.990000      0           0
   14910.227 -0.030330  0.061470  99.9900000      0.000000     0.000000    0.035100  0.043790  99.9900000  0.001000   0.001000          0.     0.000     0.000     0.000     0.000         0      0      0      0.000000  0.000000  99.990000      0          0        0.000000  0.000000  99.990000      0           0
   14928.489  0.006670  0.057480  99.9900000      0.000000     0.000000    0.035100  0.043790  99.9900000  0.001000   0.001000          0.     0.000     0.000     0.000     0.000         0      0      0      0.000000  0.000000  99.990000      0          0        0.000000  0.000000  99.990000      0           0
   14946.752  0.028680  0.046480  99.9900000      0.000000     0.000000    0.035100  0.043790  99.9900000  0.001000   0.001000          0.     0.000     0.000     0.000     0.000         0      0      0      0.000000  0.000000  99.990000      0          0        0.000000  0.000000  99.990000      0           0
   14965.014  0.045680  0.042480  99.9900000      0.000000     0.000000    0.036440  0.045000  99.9900000  0.001000   0.001000          0.     0.000     0.000     0.000     0.000         0      0      0      0.000000  0.000000  99.990000      0          0        0.000000  0.000000  99.990000      0           0
   14983.276  0.049690  0.046490  99.9900000      0.000000     0.000000    0.043030  0.049360  99.9900000  0.001000   0.001000          0.     0.000     0.000     0.000     0.000         0      0      0      0.000000  0.000000  99.990000      0          0        0.000000  0.000000  99.990000      0           0
   15001.538  0.067700  0.021500  99.9900000      0.000000     0.000000    0.043030  0.049360  99.9900000  0.001000   0.001000          0.     0.000     0.000     0.000     0.000         0      0      0      0.000000  0.000000  99.990000      0          0        0.000000  0.000000  99.990000      0           0
   15019.800 -0.008438  0.074476  99.9900000      0.000000     0.000000    0.030855  0.023037  99.9900000  0.001000   0.001000          0.     0.000     0.000     0.000     0.000         0      0      0      0.000000  0.000000  99.990000      0          0        0.000000  0.000000  99.990000      0           0
   15038.062  0.036993  0.023100  99.9900000      0.000000     0.000000    0.028124  0.020420  99.9900000  0.001000   0.001000          0.     0.000     0.000     0.000     0.000         0      0      0      0.000000  0.000000  99.990000      0          0        0.000000  0.000000  99.990000      0           0
   15056.324  0.048623  0.012217  99.9900000      0.000000     0.000000    0.030576  0.023906  99.9900000  0.001000   0.001000          0.     0.000     0.000     0.000     0.000         0      0      0      0.000000  0.000000  99.990000      0          0        0.000000  0.000000  99.990000      0           0
   15074.586  0.030073  0.001770  99.9900000      0.000000     0.000000    0.021694  0.021700  99.9900000  0.001000   0.001000          0.     0.000     0.000     0.000     0.000         0      0      0      0.000000  0.000000  99.990000      0          0        0.000000  0.000000  99.990000      0           0
   15092.848  0.028207 -0.001647  99.9900000      0.000000     0.000000    0.022859  0.021844  99.9900000  0.001000   0.001000          0.     0.000     0.000     0.000     0.000         0      0      0      0.000000  0.000000  99.990000      0          0        0.000000  0.000000  99.990000      0           0
   15111.111 -0.002479 -0.018518  99.9900000      0.000000     0.000000    0.028016  0.023078  99.9900000  0.001000   0.001000          0.     0.000     0.000     0.000     0.000         0      0      0      0.000000  0.000000  99.990000      0          0        0.000000  0.000000  99.990000      0           0
   15129.373 -0.007920 -0.026509  99.9900000      0.000000     0.000000    0.019961  0.020746  99.9900000  0.001000   0.001000          0.     0.000     0.000     0.000     0.000         0      0      0      0.000000  0.000000  99.990000      0          0        0.000000  0.000000  99.990000      0           0
   15147.635 -0.058431 -0.040651  99.9900000      0.000000     0.000000    0.021341  0.020615  99.9900000  0.001000   0.001000          0.     0.000     0.000     0.000     0.000         0      0      0      0.000000  0.000000  99.990000      0          0        0.000000  0.000000  99.990000      0           0
   15165.897 -0.064145 -0.058530  99.9900000      0.000000     0.000000    0.020576  0.018254  99.9900000  0.001000   0.001000          0.     0.000     0.000     0.000     0.000         0      0      0      0.000000  0.000000  99.990000      0          0        0.000000  0.000000  99.990000      0           0
   15184.159 -0.072239 -0.078067  99.9900000      0.000000     0.000000    0.018513  0.019852  99.9900000  0.001000   0.001000          0.     0.000     0.000     0.000     0.000         0      0      0      0.000000  0.000000  99.990000      0          0        0.000000  0.000000  99.990000      0           0
   15202.421 -0.034599 -0.035060  99.9900000      0.000000     0.000000    0.019188  0.017407  99.9900000  0.001000   0.001000          0.     0.000     0.000     0.000     0.000         0      0      0      0.000000  0.000000  99.990000      0          0        0.000000  0.000000  99.990000      0           0
   15220.683 -0.038472 -0.048312  99.9900000      0.000000     0.000000    0.016901  0.019406  99.9900000  0.001000   0.001000          0.     0.000     0.000     0.000     0.000         0      0      0      0.000000  0.000000  99.990000      0          0        0.000000  0.000000  99.990000      0           0
   15238.945 -0.062507 -0.008461  99.9900000      0.000000     0.000000    0.021674  0.019699  99.9900000  0.001000   0.001000          0.     0.000     0.000     0.000     0.000         0      0      0      0.000000  0.000000  99.990000      0          0        0.000000  0.000000  99.990000      0           0
   15257.207 -0.081645 -0.025999  99.9900000      0.000000     0.000000    0.022412  0.021047  99.9900000  0.001000   0.001000          0.     0.000     0.000     0.000     0.000         0      0      0      0.000000  0.000000  99.990000      0          0        0.000000  0.000000  99.990000      0           0
   15275.469 -0.080291  0.003031  99.9900000      0.000000     0.000000    0.019375  0.019943  99.9900000  0.001000   0.001000          0.     0.000     0.000     0.000     0.000         0      0      0      0.000000  0.000000  99.990000      0          0        0.000000  0.000000  99.990000      0           0
   15293.731 -0.072807  0.052569  99.9900000      0.000000     0.000000    0.020453  0.020008  99.9900000  0.001000   0.001000          0.     0.000     0.000     0.000     0.000         0      0      0      0.000000  0.000000  99.990000      0          0        0.000000  0.000000  99.990000      0           0
   15311.994 -0.083562  0.052081  99.9900000      0.000000     0.000000    0.021643  0.018457  99.9900000  0.001000   0.001000          0.     0.000     0.000     0.000     0.000         0      0      0      0.000000  0.000000  99.990000      0          0        0.000000  0.000000  99.990000      0           0
   15330.256 -0.091353  0.106135  99.9900000      0.000000     0.000000    0.028257  0.022972  99.9900000  0.001000   0.001000          0.     0.000     0.000     0.000     0.000         0      0      0      0.000000  0.000000  99.990000      0          0        0.000000  0.000000  99.990000      0           0
   15348.518 -0.072929  0.122015  99.9900000      0.000000     0.000000    0.026387  0.023363  99.9900000  0.001000   0.001000          0.     0.000     0.000     0.000     0.000         0      0      0      0.000000  0.000000  99.990000      0          0        0.000000  0.000000  99.990000      0           0
   15366.780 -0.003280  0.110756  99.9900000      0.000000     0.000000    0.022091  0.022656  99.9900000  0.001000   0.001000          0.     0.000     0.000     0.000     0.000         0      0      0      0.000000  0.000000  99.990000      0          0        0.000000  0.000000  99.990000      0           0
   15385.042 -0.008981  0.106027  99.9900000      0.000000     0.000000    0.025487  0.024579  99.9900000  0.001000   0.001000          0.     0.000     0.000     0.000     0.000         0      0      0      0.000000  0.000000  99.990000      0          0        0.000000  0.000000  99.990000      0           0
   15403.304 -0.002092  0.132371  99.9900000      0.000000     0.000000    0.022844  0.025587  99.9900000  0.001000   0.001000          0.     0.000     0.000     0.000     0.000         0      0      0      0.000000  0.000000  99.990000      0          0        0.000000  0.000000  99.990000      0           0
   15421.566  0.020828  0.092646  99.9900000      0.000000     0.000000    0.028310  0.024089  99.9900000  0.001000   0.001000          0.     0.000     0.000     0.000     0.000         0      0      0      0.000000  0.000000  99.990000      0          0        0.000000  0.000000  99.990000      0           0
   15439.828  0.018426  0.103667  99.9900000      0.000000     0.000000    0.027950  0.021510  99.9900000  0.001000   0.001000          0.     0.000     0.000     0.000     0.000         0      0      0      0.000000  0.000000  99.990000      0          0        0.000000  0.000000  99.990000      0           0
   15458.090  0.056908  0.110357  99.9900000      0.000000     0.000000    0.023553  0.021225  99.9900000  0.001000   0.001000          0.     0.000     0.000     0.000     0.000         0      0      0      0.000000  0.000000  99.990000      0          0        0.000000  0.000000  99.990000      0           0
   15476.353  0.043558  0.065088  99.9900000      0.000000     0.000000    0.022003  0.021955  99.9900000  0.001000   0.001000          0.     0.000     0.000     0.000     0.000         0      0      0      0.000000  0.000000  99.990000      0          0        0.000000  0.000000  99.990000      0           0
   15494.615  0.061394  0.062928  99.9900000      0.000000     0.000000    0.018373  0.019516  99.9900000  0.001000   0.001000          0.     0.000     0.000     0.000     0.000         0      0      0      0.000000  0.000000  99.990000      0          0        0.000000  0.000000  99.990000      0           0
   15512.877  0.102771  0.037838  99.9900000      0.000000     0.000000    0.019187  0.019404  99.9900000  0.001000   0.001000          0.     0.000     0.000     0.000     0.000         0      0      0      0.000000  0.000000  99.990000      0          0        0.000000  0.000000  99.990000      0           0
   15531.139  0.082114 -0.035239  99.9900000      0.000000     0.000000    0.018703  0.021213  99.9900000  0.001000   0.001000          0.     0.000     0.000     0.000     0.000         0      0      0      0.000000  0.000000  99.990000      0          0        0.000000  0.000000  99.990000      0           0
   15549.401  0.122448 -0.030937  99.9900000      0.000000     0.000000    0.017648  0.017569  99.9900000  0.001000   0.001000          0.     0.000     0.000     0.000     0.000         0      0      0      0.000000  0.000000  99.990000      0          0        0.000000  0.000000  99.990000      0           0
   15567.663  0.137987 -0.028145  99.9900000      0.000000     0.000000    0.019364  0.019464  99.9900000  0.001000   0.001000          0.     0.000     0.000     0.000     0.000         0      0      0      0.000000  0.000000  99.990000      0          0        0.000000  0.000000  99.990000      0           0
   15585.925  0.092864 -0.106334  99.9900000      0.000000     0.000000    0.020716  0.018839  99.9900000  0.001000   0.001000          0.     0.000     0.000     0.000     0.000         0      0      0      0.000000  0.000000  99.990000      0          0        0.000000  0.000000  99.990000      0           0
   15604.187  0.069680 -0.154103  99.9900000      0.000000     0.000000    0.018275  0.017689  99.9900000  0.001000   0.001000          0.     0.000     0.000     0.000     0.000         0      0      0      0.000000  0.000000  99.990000      0          0        0.000000  0.000000  99.990000      0           0
   15622.449  0.090670 -0.123320  99.9900000      0.000000     0.000000    0.016238  0.016975  99.9900000  0.001000   0.001000          0.     0.000     0.000     0.000     0.000         0      0      0      0.000000  0.000000  99.990000      0          0        0.000000  0.000000  99.990000      0           0
   15640.711  0.057069 -0.113048  99.9900000      0.000000     0.000000    0.017378  0.016998  99.9900000  0.001000   0.001000          0.     0.000     0.000     0.000     0.000         0      0      0      0.000000  0.000000  99.990000      0          0        0.000000  0.000000  99.990000      0           0
   15658.974  0.004756 -0.085656  99.9900000      0.000000     0.000000    0.021671  0.018247  99.9900000  0.001000   0.001000          0.     0.000     0.000     0.000     0.000         0      0      0      0.000000  0.000000  99.990000      0          0        0.000000  0.000000  99.990000      0           0
   15677.236 -0.045592 -0.083700  99.9900000      0.000000     0.000000    0.022499  0.018287  99.9900000  0.001000   0.001000          0.     0.000     0.000     0.000     0.000         0      0      0      0.000000  0.000000  99.990000      0          0        0.000000  0.000000  99.990000      0           0
   15695.498 -0.069168 -0.071887  99.9900000      0.000000     0.000000    0.022239  0.019941  99.9900000  0.001000   0.001000          0.     0.000     0.000     0.000     0.000         0      0      0      0.000000  0.000000  99.990000      0          0        0.000000  0.000000  99.990000      0           0
   15713.760 -0.058890 -0.026233  99.9900000      0.000000     0.000000    0.026216  0.021411  99.9900000  0.001000   0.001000          0.     0.000     0.000     0.000     0.000         0      0      0      0.000000  0.000000  99.990000      0          0        0.000000  0.000000  99.990000      0           0
   15732.022 -0.118162  0.004235  99.9900000      0.000000     0.000000    0.022409  0.020284  99.9900000  0.001000   0.001000          0.     0.000     0.000     0.000     0.000         0      0      0      0.000000  0.000000  99.990000      0          0        0.000000  0.000000  99.990000      0           0
   15750.284 -0.136084  0.029247  99.9900000      0.000000     0.000000    0.024326  0.022265  99.9900000  0.001000   0.001000          0.     0.000     0.000     0.000     0.000         0      0      0      0.000000  0.000000  99.990000      0          0        0.000000  0.000000  99.990000      0           0
   15768.546 -0.139198  0.065122  99.9900000      0.000000     0.000000    0.022636  0.025459  99.9900000  0.001000   0.001000          0.     0.000     0.000     0.000     0.000         0      0      0      0.000000  0.000000  99.990000      0          0        0.000000  0.000000  99.990000      0           0
   15786.808 -0.130709  0.128534  99.9900000      0.000000     0.000000    0.027285  0.023984  99.9900000  0.001000   0.001000          0.     0.000     0.000     0.000     0.000         0      0      0      0.000000  0.000000  99.990000      0          0        0.000000  0.000000  99.990000      0           0
   15805.070 -0.128053  0.182799  99.9900000      0.000000     0.000000    0.028352  0.026511  99.9900000  0.001000   0.001000          0.     0.000     0.000     0.000     0.000         0      0      0      0.000000  0.000000  99.990000      0          0        0.000000  0.000000  99.990000      0           0
   15823.332 -0.079926  0.204053  99.9900000      0.000000     0.000000    0.018755  0.020452  99.9900000  0.001000   0.001000          0.     0.000     0.000     0.000     0.000         0      0      0      0.000000  0.000000  99.990000      0          0        0.000000  0.000000  99.990000      0           0
   15841.594 -0.067496  0.222193  99.9900000      0.000000     0.000000    0.021564  0.023069  99.9900000  0.001000   0.001000          0.     0.000     0.000     0.000     0.000         0      0      0      0.000000  0.000000  99.990000      0          0        0.000000  0.000000  99.990000      0           0
   15859.857 -0.014044  0.203455  99.9900000      0.000000     0.000000    0.017197  0.017866  99.9900000  0.001000   0.001000          0.     0.000     0.000     0.000     0.000         0      0      0      0.000000  0.000000  99.990000      0          0        0.000000  0.000000  99.990000      0           0
   15878.119  0.034242  0.232747  99.9900000      0.000000     0.000000    0.018373  0.018376  99.9900000  0.001000   0.001000          0.     0.000     0.000     0.000     0.000         0      0      0      0.000000  0.000000  99.990000      0          0        0.000000  0.000000  99.990000      0           0
   15896.381  0.093350  0.205106  99.9900000      0.000000     0.000000    0.016869  0.018734  99.9900000  0.001000   0.001000          0.     0.000     0.000     0.000     0.000         0      0      0      0.000000  0.000000  99.990000      0          0        0.000000  0.000000  99.990000      0           0
   15914.643  0.150645  0.166573  99.9900000      0.000000     0.000000    0.017297  0.018510  99.9900000  0.001000   0.001000          0.     0.000     0.000     0.000     0.000         0      0      0      0.000000  0.000000  99.990000      0          0        0.000000  0.000000  99.990000      0           0
   15932.905  0.192443  0.126471  99.9900000      0.000000     0.000000    0.017216  0.018423  99.9900000  0.001000   0.001000          0.     0.000     0.000     0.000     0.000         0      0      0      0.000000  0.000000  99.990000      0          0        0.000000  0.000000  99.990000      0           0
   15951.167  0.205540  0.077256  99.9900000      0.000000     0.000000    0.018394  0.018483  99.9900000  0.001000   0.001000          0.     0.000     0.000     0.000     0.000         0      0      0      0.000000  0.000000  99.990000      0          0        0.000000  0.000000  99.990000      0           0
   15969.429  0.199852  0.028351  99.9900000      0.000000     0.000000    0.019686  0.019202  99.9900000  0.001000   0.001000          0.     0.000     0.000     0.000     0.000         0      0      0      0.000000  0.000000  99.990000      0          0        0.000000  0.000000  99.990000      0           0
   15987.691  0.171532 -0.005916  99.9900000      0.000000     0.000000    0.019637  0.016472  99.9900000  0.001000   0.001000          0.     0.000     0.000     0.000     0.000         0      0      0      0.000000  0.000000  99.990000      0          0        0.000000  0.000000  99.990000      0           0
   16005.953  0.157277 -0.046217  99.9900000      0.000000     0.000000    0.018025  0.019243  99.9900000  0.001000   0.001000          0.     0.000     0.000     0.000     0.000         0      0      0      0.000000  0.000000  99.990000      0          0        0.000000  0.000000  99.990000      0           0
   16024.216  0.085595 -0.091043  99.9900000      0.000000     0.000000    0.020988  0.022612  99.9900000  0.001000   0.001000          0.     0.000     0.000     0.000     0.000         0      0      0      0.000000  0.000000  99.990000      0          0        0.000000  0.000000  99.990000      0           0
   16042.478  0.034254 -0.108949  99.9900000      0.000000     0.000000    0.018246  0.016407  99.9900000  0.001000   0.001000          0.     0.000     0.000     0.000     0.000         0      0      0      0.000000  0.000000  99.990000      0          0        0.000000  0.000000  99.990000      0           0
   16060.740 -0.023211 -0.094570  99.9900000      0.000000     0.000000    0.019349  0.020113  99.9900000  0.001000   0.001000          0.     0.000     0.000     0.000     0.000         0      0      0      0.000000  0.000000  99.990000      0          0        0.000000  0.000000  99.990000      0           0
   16079.002 -0.068782 -0.091314  99.9900000      0.000000     0.000000    0.023287  0.020621  99.9900000  0.001000   0.001000          0.     0.000     0.000     0.000     0.000         0      0      0      0.000000  0.000000  99.990000      0          0        0.000000  0.000000  99.990000      0           0
   16097.264 -0.132426 -0.035286  99.9900000      0.000000     0.000000    0.023714  0.023615  99.9900000  0.001000   0.001000          0.     0.000     0.000     0.000     0.000         0      0      0      0.000000  0.000000  99.990000      0          0        0.000000  0.000000  99.990000      0           0
   16115.526 -0.185210  0.006082  99.9900000      0.000000     0.000000    0.023739  0.023273  99.9900000  0.001000   0.001000          0.     0.000     0.000     0.000     0.000         0      0      0      0.000000  0.000000  99.990000      0          0        0.000000  0.000000  99.990000      0           0
   16133.788 -0.222603  0.044117  99.9900000      0.000000     0.000000    0.024836  0.022837  99.9900000  0.001000   0.001000          0.     0.000     0.000     0.000     0.000         0      0      0      0.000000  0.000000  99.990000      0          0        0.000000  0.000000  99.990000      0           0
   16152.050 -0.234223  0.065902  99.9900000      0.000000     0.000000    0.019917  0.021462  99.9900000  0.001000   0.001000          0.     0.000     0.000     0.000     0.000         0      0      0      0.000000  0.000000  99.990000      0          0        0.000000  0.000000  99.990000      0           0
   16170.312 -0.212105  0.129953  99.9900000      0.000000     0.000000    0.022849  0.023477  99.9900000  0.001000   0.001000          0.     0.000     0.000     0.000     0.000         0      0      0      0.000000  0.000000  99.990000      0          0        0.000000  0.000000  99.990000      0           0
   16188.574 -0.175180  0.192062  99.9900000      0.000000     0.000000    0.023818  0.022820  99.9900000  0.001000   0.001000          0.     0.000     0.000     0.000     0.000         0      0      0      0.000000  0.000000  99.990000      0          0        0.000000  0.000000  99.990000      0           0
   16206.836 -0.171297  0.183939  99.9900000      0.000000     0.000000    0.020151  0.020685  99.9900000  0.001000   0.001000          0.     0.000     0.000     0.000     0.000         0      0      0      0.000000  0.000000  99.990000      0          0        0.000000  0.000000  99.990000      0           0
   16225.099 -0.137974  0.226352  99.9900000      0.000000     0.000000    0.021335  0.018842  99.9900000  0.001000   0.001000          0.     0.000     0.000     0.000     0.000         0      0      0      0.000000  0.000000  99.990000      0          0        0.000000  0.000000  99.990000      0           0
   16243.361 -0.049089  0.282006  99.9900000      0.000000     0.000000    0.019382  0.017313  99.9900000  0.001000   0.001000          0.     0.000     0.000     0.000     0.000         0      0      0      0.000000  0.000000  99.990000      0          0        0.000000  0.000000  99.990000      0           0
   16261.623  0.001304  0.249521  99.9900000      0.000000     0.000000    0.019150  0.021017  99.9900000  0.001000   0.001000          0.     0.000     0.000     0.000     0.000         0      0      0      0.000000  0.000000  99.990000      0          0        0.000000  0.000000  99.990000      0           0
   16279.885  0.052730  0.270632  99.9900000      0.000000     0.000000    0.018422  0.019675  99.9900000  0.001000   0.001000          0.     0.000     0.000     0.000     0.000         0      0      0      0.000000  0.000000  99.990000      0          0        0.000000  0.000000  99.990000      0           0
   16298.147  0.081350  0.254466  99.9900000      0.000000     0.000000    0.016141  0.017309  99.9900000  0.001000   0.001000          0.     0.000     0.000     0.000     0.000         0      0      0      0.000000  0.000000  99.990000      0          0        0.000000  0.000000  99.990000      0           0
   16316.409  0.148559  0.236572  99.9900000      0.000000     0.000000    0.017920  0.018800  99.9900000  0.001000   0.001000          0.     0.000     0.000     0.000     0.000         0      0      0      0.000000  0.000000  99.990000      0          0        0.000000  0.000000  99.990000      0           0
   16334.671  0.183174  0.188942  99.9900000      0.000000     0.000000    0.015992  0.018210  99.9900000  0.001000   0.001000          0.     0.000     0.000     0.000     0.000         0      0      0      0.000000  0.000000  99.990000      0          0        0.000000  0.000000  99.990000      0           0
   16352.933  0.219339  0.104104  99.9900000      0.000000     0.000000    0.015089  0.017664  99.9900000  0.001000   0.001000          0.     0.000     0.000     0.000     0.000         0      0      0      0.000000  0.000000  99.990000      0          0        0.000000  0.000000  99.990000      0           0
   16371.195  0.213330  0.081432  99.9900000      0.000000     0.000000    0.020294  0.021653  99.9900000  0.001000   0.001000          0.     0.000     0.000     0.000     0.000         0      0      0      0.000000  0.000000  99.990000      0          0        0.000000  0.000000  99.990000      0           0
   16389.458  0.184991 -0.008817  99.9900000      0.000000     0.000000    0.018184  0.021903  99.9900000  0.001000   0.001000          0.     0.000     0.000     0.000     0.000         0      0      0      0.000000  0.000000  99.990000      0          0        0.000000  0.000000  99.990000      0           0
   16407.720  0.148830 -0.061875  99.9900000      0.000000     0.000000    0.021928  0.017136  99.9900000  0.001000   0.001000          0.     0.000     0.000     0.000     0.000         0      0      0      0.000000  0.000000  99.990000      0          0        0.000000  0.000000  99.990000      0           0
   16425.982  0.127521 -0.108013  99.9900000      0.000000     0.000000    0.024646  0.022880  99.9900000  0.001000   0.001000          0.     0.000     0.000     0.000     0.000         0      0      0      0.000000  0.000000  99.990000      0          0        0.000000  0.000000  99.990000      0           0
   16444.244  0.089262 -0.098473  99.9900000      0.000000     0.000000    0.027673  0.021130  99.9900000  0.001000   0.001000          0.     0.000     0.000     0.000     0.000         0      0      0      0.000000  0.000000  99.990000      0          0        0.000000  0.000000  99.990000      0           0
   16462.506  0.011717 -0.093744  99.9900000      0.000000     0.000000    0.029407  0.023477  99.9900000  0.001000   0.001000          0.     0.000     0.000     0.000     0.000         0      0      0      0.000000  0.000000  99.990000      0          0        0.000000  0.000000  99.990000      0           0
   16480.768 -0.076563 -0.075343  99.9900000      0.000000     0.000000    0.029459  0.026063  99.9900000  0.001000   0.001000          0.     0.000     0.000     0.000     0.000         0      0      0      0.000000  0.000000  99.990000      0          0        0.000000  0.000000  99.990000      0           0
   16499.030 -0.134475 -0.079088  99.9900000      0.000000     0.000000    0.026088  0.023428  99.9900000  0.001000   0.001000          0.     0.000     0.000     0.000     0.000         0      0      0      0.000000  0.000000  99.990000      0          0        0.000000  0.000000  99.990000      0           0
   16517.292 -0.172232 -0.026516  99.9900000      0.000000     0.000000    0.024190  0.021365  99.9900000  0.001000   0.001000          0.     0.000     0.000     0.000     0.000         0      0      0      0.000000  0.000000  99.990000      0          0        0.000000  0.000000  99.990000      0           0
   16535.554 -0.193201  0.021542  99.9900000      0.000000     0.000000    0.031512  0.032841  99.9900000  0.001000   0.001000          0.     0.000     0.000     0.000     0.000         0      0      0      0.000000  0.000000  99.990000      0          0        0.000000  0.000000  99.990000      0           0
   16553.816 -0.219814  0.005904  99.9900000      0.000000     0.000000    0.022249  0.028896  99.9900000  0.001000   0.001000          0.     0.000     0.000     0.000     0.000         0      0      0      0.000000  0.000000  99.990000      0          0        0.000000  0.000000  99.990000      0           0
   16572.078 -0.202032  0.076981  99.9900000      0.000000     0.000000    0.023393  0.021594  99.9900000  0.001000   0.001000          0.     0.000     0.000     0.000     0.000         0      0      0      0.000000  0.000000  99.990000      0          0        0.000000  0.000000  99.990000      0           0
   16590.341 -0.184636  0.127942  99.9900000      0.000000     0.000000    0.031973  0.024810  99.9900000  0.001000   0.001000          0.     0.000     0.000     0.000     0.000         0      0      0      0.000000  0.000000  99.990000      0          0        0.000000  0.000000  99.990000      0           0
   16608.603 -0.159023  0.153558  99.9900000      0.000000     0.000000    0.019069  0.021067  99.9900000  0.001000   0.001000          0.     0.000     0.000     0.000     0.000         0      0      0      0.000000  0.000000  99.990000      0          0        0.000000  0.000000  99.990000      0           0
   16626.865 -0.120099  0.233650  99.9900000      0.000000     0.000000    0.022921  0.021684  99.9900000  0.001000   0.001000          0.     0.000     0.000     0.000     0.000         0      0      0      0.000000  0.000000  99.990000      0          0        0.000000  0.000000  99.990000      0           0
   16645.127 -0.057939  0.243996  99.9900000      0.000000     0.000000    0.017005  0.017526  99.9900000  0.001000   0.001000          0.     0.000     0.000     0.000     0.000         0      0      0      0.000000  0.000000  99.990000      0          0        0.000000  0.000000  99.990000      0           0
   16663.389  0.000689  0.249475  99.9900000      0.000000     0.000000    0.015360  0.016864  99.9900000  0.001000   0.001000          0.     0.000     0.000     0.000     0.000         0      0      0      0.000000  0.000000  99.990000      0          0        0.000000  0.000000  99.990000      0           0
   16681.651  0.064124  0.250064  99.9900000      0.000000     0.000000    0.017528  0.019405  99.9900000  0.001000   0.001000          0.     0.000     0.000     0.000     0.000         0      0      0      0.000000  0.000000  99.990000      0          0        0.000000  0.000000  99.990000      0           0
   16699.913  0.100771  0.206089  99.9900000      0.000000     0.000000    0.014000  0.016496  99.9900000  0.001000   0.001000          0.     0.000     0.000     0.000     0.000         0      0      0      0.000000  0.000000  99.990000      0          0        0.000000  0.000000  99.990000      0           0
   16718.175  0.123776  0.177174  99.9900000      0.000000     0.000000    0.014809  0.014584  99.9900000  0.001000   0.001000          0.     0.000     0.000     0.000     0.000         0      0      0      0.000000  0.000000  99.990000      0          0        0.000000  0.000000  99.990000      0           0
   16736.437  0.156434  0.139221  99.9900000      0.000000     0.000000    0.016344  0.016715  99.9900000  0.001000   0.001000          0.     0.000     0.000     0.000     0.000         0      0      0      0.000000  0.000000  99.990000      0          0        0.000000  0.000000  99.990000      0           0
   16754.699  0.167451  0.118562  99.9900000      0.000000     0.000000    0.020979  0.021577  99.9900000  0.001000   0.001000          0.     0.000     0.000     0.000     0.000         0      0      0      0.000000  0.000000  99.990000      0          0        0.000000  0.000000  99.990000      0           0
   16772.962  0.155271  0.071110  99.9900000      0.000000     0.000000    0.019605  0.018017  99.9900000  0.001000   0.001000          0.     0.000     0.000     0.000     0.000         0      0      0      0.000000  0.000000  99.990000      0          0        0.000000  0.000000  99.990000      0           0
   16791.224  0.148926  0.033462  99.9900000      0.000000     0.000000    0.021607  0.018512  99.9900000  0.001000   0.001000          0.     0.000     0.000     0.000     0.000         0      0      0      0.000000  0.000000  99.990000      0          0        0.000000  0.000000  99.990000      0           0
   16809.486  0.107813  0.024369  99.9900000      0.000000     0.000000    0.028144  0.025401  99.9900000  0.001000   0.001000          0.     0.000     0.000     0.000     0.000         0      0      0      0.000000  0.000000  99.990000      0          0        0.000000  0.000000  99.990000      0           0
   16827.748  0.118641 -0.006885  99.9900000      0.000000     0.000000    0.026885  0.026266  99.9900000  0.001000   0.001000          0.     0.000     0.000     0.000     0.000         0      0      0      0.000000  0.000000  99.990000      0          0        0.000000  0.000000  99.990000      0           0
   16846.010  0.064382 -0.053584  99.9900000      0.000000     0.000000    0.022414  0.025720  99.9900000  0.001000   0.001000          0.     0.000     0.000     0.000     0.000         0      0      0      0.000000  0.000000  99.990000      0          0        0.000000  0.000000  99.990000      0           0
   16864.272  0.009194 -0.103050  99.9900000      0.000000     0.000000    0.024035  0.026634  99.9900000  0.001000   0.001000          0.     0.000     0.000     0.000     0.000         0      0      0      0.000000  0.000000  99.990000      0          0        0.000000  0.000000  99.990000      0           0
   16882.534 -0.031133 -0.117571  99.9900000      0.000000     0.000000    0.026420  0.022507  99.9900000  0.001000   0.001000          0.     0.000     0.000     0.000     0.000         0      0      0      0.000000  0.000000  99.990000      0          0        0.000000  0.000000  99.990000      0           0
   16900.796 -0.080057 -0.055271  99.9900000      0.000000     0.000000    0.027294  0.023467  99.9900000  0.001000   0.001000          0.     0.000     0.000     0.000     0.000         0      0      0      0.000000  0.000000  99.990000      0          0        0.000000  0.000000  99.990000      0           0
   16919.058 -0.170805 -0.070725  99.9900000      0.000000     0.000000    0.023011  0.022129  99.9900000  0.001000   0.001000          0.     0.000     0.000     0.000     0.000         0      0      0      0.000000  0.000000  99.990000      0          0        0.000000  0.000000  99.990000      0           0
   16937.321 -0.180590 -0.062134  99.9900000      0.000000     0.000000    0.018237  0.018218  99.9900000  0.001000   0.001000          0.     0.000     0.000     0.000     0.000         0      0      0      0.000000  0.000000  99.990000      0          0        0.000000  0.000000  99.990000      0           0
   16955.583 -0.171631 -0.023483  99.9900000      0.000000     0.000000    0.023227  0.023522  99.9900000  0.001000   0.001000          0.     0.000     0.000     0.000     0.000         0      0      0      0.000000  0.000000  99.990000      0          0        0.000000  0.000000  99.990000      0           0
   16973.845 -0.195961  0.044229  99.9900000      0.000000     0.000000    0.019239  0.019694  99.9900000  0.001000   0.001000          0.     0.000     0.000     0.000     0.000         0      0      0      0.000000  0.000000  99.990000      0          0        0.000000  0.000000  99.990000      0           0
   16992.107 -0.160012  0.077391  99.9900000      0.000000     0.000000    0.019621  0.020540  99.9900000  0.001000   0.001000          0.     0.000     0.000     0.000     0.000         0      0      0      0.000000  0.000000  99.990000      0          0        0.000000  0.000000  99.990000      0           0
   17010.369 -0.152887  0.123586  99.9900000      0.000000     0.000000    0.020040  0.021428  99.9900000  0.001000   0.001000          0.     0.000     0.000     0.000     0.000         0      0      0      0.000000  0.000000  99.990000      0          0        0.000000  0.000000  99.990000      0           0
   17028.631 -0.110415  0.156559  99.9900000      0.000000     0.000000    0.018161  0.021269  99.9900000  0.001000   0.001000          0.     0.000     0.000     0.000     0.000         0      0      0      0.000000  0.000000  99.990000      0          0        0.000000  0.000000  99.990000      0           0
   17046.893 -0.056555  0.176999  99.9900000      0.000000     0.000000    0.017775  0.018966  99.9900000  0.001000   0.001000          0.     0.000     0.000     0.000     0.000         0      0      0      0.000000  0.000000  99.990000      0          0        0.000000  0.000000  99.990000      0           0
   17065.155 -0.004122  0.204639  99.9900000      0.000000     0.000000    0.018399  0.019326  99.9900000  0.001000   0.001000          0.     0.000     0.000     0.000     0.000         0      0      0      0.000000  0.000000  99.990000      0          0        0.000000  0.000000  99.990000      0           0
   17083.417  0.038218  0.194054  99.9900000      0.000000     0.000000    0.017985  0.018145  99.9900000  0.001000   0.001000          0.     0.000     0.000     0.000     0.000         0      0      0      0.000000  0.000000  99.990000      0          0        0.000000  0.000000  99.990000      0           0
   17101.679  0.075157  0.177160  99.9900000      0.000000     0.000000    0.017613  0.018660  99.9900000  0.001000   0.001000          0.     0.000     0.000     0.000     0.000         0      0      0      0.000000  0.000000  99.990000      0          0        0.000000  0.000000  99.990000      0           0
   17119.942  0.089664  0.174317  99.9900000      0.000000     0.000000    0.022704  0.017073  99.9900000  0.001000   0.001000          0.     0.000     0.000     0.000     0.000         0      0      0      0.000000  0.000000  99.990000      0          0        0.000000  0.000000  99.990000      0           0
   17138.204  0.108815  0.144321  99.9900000      0.000000     0.000000    0.025743  0.025070  99.9900000  0.001000   0.001000          0.     0.000     0.000     0.000     0.000         0      0      0      0.000000  0.000000  99.990000      0          0        0.000000  0.000000  99.990000      0           0
   17156.466  0.149458  0.120543  99.9900000      0.000000     0.000000    0.023282  0.020280  99.9900000  0.001000   0.001000          0.     0.000     0.000     0.000     0.000         0      0      0      0.000000  0.000000  99.990000      0          0        0.000000  0.000000  99.990000      0           0
   17174.728  0.142813  0.083261  99.9900000      0.000000     0.000000    0.024965  0.020217  99.9900000  0.001000   0.001000          0.     0.000     0.000     0.000     0.000         0      0      0      0.000000  0.000000  99.990000      0          0        0.000000  0.000000  99.990000      0           0
   17192.990  0.133346  0.061631  99.9900000      0.000000     0.000000    0.024033  0.025289  99.9900000  0.001000   0.001000          0.     0.000     0.000     0.000     0.000         0      0      0      0.000000  0.000000  99.990000      0          0        0.000000  0.000000  99.990000      0           0
   17211.252  0.098668  0.013464  99.9900000      0.000000     0.000000    0.023865  0.019710  99.9900000  0.001000   0.001000          0.     0.000     0.000     0.000     0.000         0      0      0      0.000000  0.000000  99.990000      0          0        0.000000  0.000000  99.990000      0           0
   17229.514  0.030006 -0.031330  99.9900000      0.000000     0.000000    0.021667  0.020337  99.9900000  0.001000   0.001000          0.     0.000     0.000     0.000     0.000         0      0      0      0.000000  0.000000  99.990000      0          0        0.000000  0.000000  99.990000      0           0
   17247.776 -0.022485 -0.051174  99.9900000      0.000000     0.000000    0.024572  0.015712  99.9900000  0.001000   0.001000          0.     0.000     0.000     0.000     0.000         0      0      0      0.000000  0.000000  99.990000      0          0        0.000000  0.000000  99.990000      0           0
   17266.038 -0.048586 -0.033055  99.9900000      0.000000     0.000000    0.018042  0.019086  99.9900000  0.001000   0.001000          0.     0.000     0.000     0.000     0.000         0      0      0      0.000000  0.000000  99.990000      0          0        0.000000  0.000000  99.990000      0           0
   17284.300 -0.083747 -0.021409  99.9900000      0.000000     0.000000    0.021684  0.021083  99.9900000  0.001000   0.001000          0.     0.000     0.000     0.000     0.000         0      0      0      0.000000  0.000000  99.990000      0          0        0.000000  0.000000  99.990000      0           0
   17302.562 -0.100185 -0.019666  99.9900000      0.000000     0.000000    0.021441  0.019109  99.9900000  0.001000   0.001000          0.     0.000     0.000     0.000     0.000         0      0      0      0.000000  0.000000  99.990000      0          0        0.000000  0.000000  99.990000      0           0
   17320.825 -0.116468 -0.026496  99.9900000      0.000000     0.000000    0.016746  0.016043  99.9900000  0.001000   0.001000          0.     0.000     0.000     0.000     0.000         0      0      0      0.000000  0.000000  99.990000      0          0        0.000000  0.000000  99.990000      0           0
   17339.087 -0.135300  0.005498  99.9900000      0.000000     0.000000    0.020511  0.017997  99.9900000  0.001000   0.001000          0.     0.000     0.000     0.000     0.000         0      0      0      0.000000  0.000000  99.990000      0          0        0.000000  0.000000  99.990000      0           0
   17357.349 -0.152377  0.033512  99.9900000      0.000000     0.000000    0.015691  0.016190  99.9900000  0.001000   0.001000          0.     0.000     0.000     0.000     0.000         0      0      0      0.000000  0.000000  99.990000      0          0        0.000000  0.000000  99.990000      0           0
   17375.611 -0.141173  0.081079  99.9900000      0.000000     0.000000    0.014321  0.015550  99.9900000  0.001000   0.001000          0.     0.000     0.000     0.000     0.000         0      0      0      0.000000  0.000000  99.990000      0          0        0.000000  0.000000  99.990000      0           0
   17393.873 -0.120165  0.105339  99.9900000      0.000000     0.000000    0.017451  0.016687  99.9900000  0.001000   0.001000          0.     0.000     0.000     0.000     0.000         0      0      0      0.000000  0.000000  99.990000      0          0        0.000000  0.000000  99.990000      0           0
   17412.135 -0.106461  0.115381  99.9900000      0.000000     0.000000    0.014692  0.015385  99.9900000  0.001000   0.001000          0.     0.000     0.000     0.000     0.000         0      0      0      0.000000  0.000000  99.990000      0          0        0.000000  0.000000  99.990000      0           0
   17430.397 -0.096283  0.130469  99.9900000      0.000000     0.000000    0.013221  0.016953  99.9900000  0.001000   0.001000          0.     0.000     0.000     0.000     0.000         0      0      0      0.000000  0.000000  99.990000      0          0        0.000000  0.000000  99.990000      0           0
   17448.659 -0.057934  0.114906  99.9900000      0.000000     0.000000    0.014696  0.015205  99.9900000  0.001000   0.001000          0.     0.000     0.000     0.000     0.000         0      0      0      0.000000  0.000000  99.990000      0          0        0.000000  0.000000  99.990000      0           0
   17466.921 -0.034591  0.135219  99.9900000      0.000000     0.000000    0.015443  0.014292  99.9900000  0.001000   0.001000          0.     0.000     0.000     0.000     0.000         0      0      0      0.000000  0.000000  99.990000      0          0        0.000000  0.000000  99.990000      0           0
   17485.183 -0.030754  0.140282  99.9900000      0.000000     0.000000    0.017743  0.019008  99.9900000  0.001000   0.001000          0.     0.000     0.000     0.000     0.000         0      0      0      0.000000  0.000000  99.990000      0          0        0.000000  0.000000  99.990000      0           0
   17503.446 -0.026611  0.123493  99.9900000      0.000000     0.000000    0.017646  0.016319  99.9900000  0.001000   0.001000          0.     0.000     0.000     0.000     0.000         0      0      0      0.000000  0.000000  99.990000      0          0        0.000000  0.000000  99.990000      0           0
   17521.708  0.029030  0.189333  99.9900000      0.000000     0.000000    0.025952  0.019874  99.9900000  0.001000   0.001000          0.     0.000     0.000     0.000     0.000         0      0      0      0.000000  0.000000  99.990000      0          0        0.000000  0.000000  99.990000      0           0
   17539.970 -0.000044  0.169114  99.9900000      0.000000     0.000000    0.019468  0.016968  99.9900000  0.001000   0.001000          0.     0.000     0.000     0.000     0.000         0      0      0      0.000000  0.000000  99.990000      0          0        0.000000  0.000000  99.990000      0           0
   17558.232  0.007462  0.178262  99.9900000      0.000000     0.000000    0.021174  0.022804  99.9900000  0.001000   0.001000          0.     0.000     0.000     0.000     0.000         0      0      0      0.000000  0.000000  99.990000      0          0        0.000000  0.000000  99.990000      0           0
   17576.494  0.028827  0.195506  99.9900000      0.000000     0.000000    0.026169  0.021839  99.9900000  0.001000   0.001000          0.     0.000     0.000     0.000     0.000         0      0      0      0.000000  0.000000  99.990000      0          0        0.000000  0.000000  99.990000      0           0
   17594.756  0.030692  0.122670  99.9900000      0.000000     0.000000    0.023348  0.025647  99.9900000  0.001000   0.001000          0.     0.000     0.000     0.000     0.000         0      0      0      0.000000  0.000000  99.990000      0          0        0.000000  0.000000  99.990000      0           0
   17613.018  0.005771  0.059154  99.9900000      0.000000     0.000000    0.022989  0.025094  99.9900000  0.001000   0.001000          0.     0.000     0.000     0.000     0.000         0      0      0      0.000000  0.000000  99.990000      0          0        0.000000  0.000000  99.990000      0           0
   17631.280  0.011313  0.085843  99.9900000      0.000000     0.000000    0.017754  0.018133  99.9900000  0.001000   0.001000          0.     0.000     0.000     0.000     0.000         0      0      0      0.000000  0.000000  99.990000      0          0        0.000000  0.000000  99.990000      0           0
   17649.542  0.025804  0.045549  99.9900000      0.000000     0.000000    0.019138  0.018840  99.9900000  0.001000   0.001000          0.     0.000     0.000     0.000     0.000         0      0      0      0.000000  0.000000  99.990000      0          0        0.000000  0.000000  99.990000      0           0
   17667.804  0.010212  0.033971  99.9900000      0.000000     0.000000    0.017943  0.018046  99.9900000  0.001000   0.001000          0.     0.000     0.000     0.000     0.000         0      0      0      0.000000  0.000000  99.990000      0          0        0.000000  0.000000  99.990000      0           0
   17686.067  0.037444 -0.010184  99.9900000      0.000000     0.000000    0.017414  0.018285  99.9900000  0.001000   0.001000          0.     0.000     0.000     0.000     0.000         0      0      0      0.000000  0.000000  99.990000      0          0        0.000000  0.000000  99.990000      0           0
   17704.329 -0.004524 -0.015790  99.9900000      0.000000     0.000000    0.016076  0.017200  99.9900000  0.001000   0.001000          0.     0.000     0.000     0.000     0.000         0      0      0      0.000000  0.000000  99.990000      0          0        0.000000  0.000000  99.990000      0           0
   17722.591 -0.018263 -0.015201  99.9900000      0.000000     0.000000    0.016876  0.016663  99.9900000  0.001000   0.001000          0.     0.000     0.000     0.000     0.000         0      0      0      0.000000  0.000000  99.990000      0          0        0.000000  0.000000  99.990000      0           0
   17740.853 -0.007166 -0.040936  99.9900000      0.000000     0.000000    0.015864  0.017095  99.9900000  0.001000   0.001000          0.     0.000     0.000     0.000     0.000         0      0      0      0.000000  0.000000  99.990000      0          0        0.000000  0.000000  99.990000      0           0
   17759.115 -0.041819 -0.054284  99.9900000      0.000000     0.000000    0.014405  0.013672  99.9900000  0.001000   0.001000          0.     0.000     0.000     0.000     0.000         0      0      0      0.000000  0.000000  99.990000      0          0        0.000000  0.000000  99.990000      0           0
   17777.377 -0.039622 -0.066689  99.9900000      0.000000     0.000000    0.013423  0.013738  99.9900000  0.001000   0.001000          0.     0.000     0.000     0.000     0.000         0      0      0      0.000000  0.000000  99.990000      0          0        0.000000  0.000000  99.990000      0           0
   17795.639 -0.062691 -0.045606  99.9900000      0.000000     0.000000    0.013801  0.013719  99.9900000  0.001000   0.001000          0.     0.000     0.000     0.000     0.000         0      0      0      0.000000  0.000000  99.990000      0          0        0.000000  0.000000  99.990000      0           0
   17813.901 -0.084820 -0.037971  99.9900000      0.000000     0.000000    0.012082  0.012721  99.9900000  0.001000   0.001000          0.     0.000     0.000     0.000     0.000         0      0      0      0.000000  0.000000  99.990000      0          0        0.000000  0.000000  99.990000      0           0
   17832.163 -0.117707 -0.015021  99.9900000      0.000000     0.000000    0.012938  0.013833  99.9900000  0.001000   0.001000          0.     0.000     0.000     0.000     0.000         0      0      0      0.000000  0.000000  99.990000      0          0        0.000000  0.000000  99.990000      0           0
   17850.426 -0.156773  0.021301  99.9900000      0.000000     0.000000    0.015287  0.013668  99.9900000  0.001000   0.001000          0.     0.000     0.000     0.000     0.000         0      0      0      0.000000  0.000000  99.990000      0          0        0.000000  0.000000  99.990000      0           0
   17868.688 -0.189011  0.063261  99.9900000      0.000000     0.000000    0.018052  0.014980  99.9900000  0.001000   0.001000          0.     0.000     0.000     0.000     0.000         0      0      0      0.000000  0.000000  99.990000      0          0        0.000000  0.000000  99.990000      0           0
   17886.950 -0.160481  0.122326  99.9900000      0.000000     0.000000    0.019448  0.020610  99.9900000  0.001000   0.001000          0.     0.000     0.000     0.000     0.000         0      0      0      0.000000  0.000000  99.990000      0          0        0.000000  0.000000  99.990000      0           0
   17905.212 -0.174361  0.161478  99.9900000      0.000000     0.000000    0.021270  0.016975  99.9900000  0.001000   0.001000          0.     0.000     0.000     0.000     0.000         0      0      0      0.000000  0.000000  99.990000      0          0        0.000000  0.000000  99.990000      0           0
   17923.474 -0.175589  0.206644  99.9900000      0.000000     0.000000    0.024540  0.023971  99.9900000  0.001000   0.001000          0.     0.000     0.000     0.000     0.000         0      0      0      0.000000  0.000000  99.990000      0          0        0.000000  0.000000  99.990000      0           0
   17941.736 -0.097385  0.248558  99.9900000      0.000000     0.000000    0.020961  0.019253  99.9900000  0.001000   0.001000          0.     0.000     0.000     0.000     0.000         0      0      0      0.000000  0.000000  99.990000      0          0        0.000000  0.000000  99.990000      0           0
   17959.998 -0.103227  0.239579  99.9900000      0.000000     0.000000    0.023340  0.021683  99.9900000  0.001000   0.001000          0.     0.000     0.000     0.000     0.000         0      0      0      0.000000  0.000000  99.990000      0          0        0.000000  0.000000  99.990000      0           0
   17978.260 -0.059164  0.273633  99.9900000      0.000000     0.000000    0.021127  0.020809  99.9900000  0.001000   0.001000          0.     0.000     0.000     0.000     0.000         0      0      0      0.000000  0.000000  99.990000      0          0        0.000000  0.000000  99.990000      0           0
   17996.522  0.009760  0.247694  99.9900000      0.000000     0.000000    0.021141  0.016435  99.9900000  0.001000   0.001000          0.     0.000     0.000     0.000     0.000         0      0      0      0.000000  0.000000  99.990000      0          0        0.000000  0.000000  99.990000      0           0
   18014.784  0.090160  0.235707  99.9900000      0.000000     0.000000    0.026733  0.018505  99.9900000  0.001000   0.001000          0.     0.000     0.000     0.000     0.000         0      0      0      0.000000  0.000000  99.990000      0          0        0.000000  0.000000  99.990000      0           0
   18033.047  0.080950  0.218255  99.9900000      0.000000     0.000000    0.018248  0.021368  99.9900000  0.001000   0.001000          0.     0.000     0.000     0.000     0.000         0      0      0      0.000000  0.000000  99.990000      0          0        0.000000  0.000000  99.990000      0           0
   18051.309  0.155683  0.162122  99.9900000      0.000000     0.000000    0.018784  0.016718  99.9900000  0.001000   0.001000          0.     0.000     0.000     0.000     0.000         0      0      0      0.000000  0.000000  99.990000      0          0        0.000000  0.000000  99.990000      0           0
   18069.571  0.153134  0.112437  99.9900000      0.000000     0.000000    0.016740  0.018822  99.9900000  0.001000   0.001000          0.     0.000     0.000     0.000     0.000         0      0      0      0.000000  0.000000  99.990000      0          0        0.000000  0.000000  99.990000      0           0
   18087.833  0.174019  0.039821  99.9900000      0.000000     0.000000    0.016326  0.016382  99.9900000  0.001000   0.001000          0.     0.000     0.000     0.000     0.000         0      0      0      0.000000  0.000000  99.990000      0          0        0.000000  0.000000  99.990000      0           0
   18106.095  0.193431  0.020724  99.9900000      0.000000     0.000000    0.015327  0.015654  99.9900000  0.001000   0.001000          0.     0.000     0.000     0.000     0.000         0      0      0      0.000000  0.000000  99.990000      0          0        0.000000  0.000000  99.990000      0           0
   18124.357  0.183451 -0.054405  99.9900000      0.000000     0.000000    0.014047  0.015257  99.9900000  0.001000   0.001000          0.     0.000     0.000     0.000     0.000         0      0      0      0.000000  0.000000  99.990000      0          0        0.000000  0.000000  99.990000      0           0
   18142.619  0.151233 -0.109321  99.9900000      0.000000     0.000000    0.015399  0.015740  99.9900000  0.001000   0.001000          0.     0.000     0.000     0.000     0.000         0      0      0      0.000000  0.000000  99.990000      0          0        0.000000  0.000000  99.990000      0           0
   18160.881  0.107888 -0.142600  99.9900000      0.000000     0.000000    0.014252  0.017718  99.9900000  0.001000   0.001000          0.     0.000     0.000     0.000     0.000         0      0      0      0.000000  0.000000  99.990000      0          0        0.000000  0.000000  99.990000      0           0
   18179.143  0.055427 -0.182094  99.9900000      0.000000     0.000000    0.013924  0.015615  99.9900000  0.001000   0.001000          0.     0.000     0.000     0.000     0.000         0      0      0      0.000000  0.000000  99.990000      0          0        0.000000  0.000000  99.990000      0           0
   18197.405 -0.006800 -0.171820  99.9900000      0.000000     0.000000    0.014573  0.013947  99.9900000  0.001000   0.001000          0.     0.000     0.000     0.000     0.000         0      0      0      0.000000  0.000000  99.990000      0          0        0.000000  0.000000  99.990000      0           0
   18215.667 -0.062119 -0.178721  99.9900000      0.000000     0.000000    0.013912  0.014405  99.9900000  0.001000   0.001000          0.     0.000     0.000     0.000     0.000         0      0      0      0.000000  0.000000  99.990000      0          0        0.000000  0.000000  99.990000      0           0
   18233.930 -0.121185 -0.143223  99.9900000      0.000000     0.000000    0.013590  0.015108  99.9900000  0.001000   0.001000          0.     0.000     0.000     0.000     0.000         0      0      0      0.000000  0.000000  99.990000      0          0        0.000000  0.000000  99.990000      0           0
   18252.192 -0.198871 -0.118731  99.9900000      0.000000     0.000000    0.020548  0.017931  99.9900000  0.001000   0.001000          0.     0.000     0.000     0.000     0.000         0      0      0      0.000000  0.000000  99.990000      0          0        0.000000  0.000000  99.990000      0           0
   18270.454 -0.257314 -0.059753  99.9900000      0.000000     0.000000    0.018707  0.017971  99.9900000  0.001000   0.001000          0.     0.000     0.000     0.000     0.000         0      0      0      0.000000  0.000000  99.990000      0          0        0.000000  0.000000  99.990000      0           0
   18288.716 -0.280118 -0.002825  99.9900000      0.000000     0.000000    0.025855  0.018202  99.9900000  0.001000   0.001000          0.     0.000     0.000     0.000     0.000         0      0      0      0.000000  0.000000  99.990000      0          0        0.000000  0.000000  99.990000      0           0
   18306.978 -0.308640  0.086926  99.9900000      0.000000     0.000000    0.026388  0.022223  99.9900000  0.001000   0.001000          0.     0.000     0.000     0.000     0.000         0      0      0      0.000000  0.000000  99.990000      0          0        0.000000  0.000000  99.990000      0           0
   18325.240 -0.341559  0.134832  99.9900000      0.000000     0.000000    0.019605  0.020709  99.9900000  0.001000   0.001000          0.     0.000     0.000     0.000     0.000         0      0      0      0.000000  0.000000  99.990000      0          0        0.000000  0.000000  99.990000      0           0
   18343.502 -0.251438  0.177551  99.9900000      0.000000     0.000000    0.031068  0.021237  99.9900000  0.001000   0.001000          0.     0.000     0.000     0.000     0.000         0      0      0      0.000000  0.000000  99.990000      0          0        0.000000  0.000000  99.990000      0           0
   18361.764 -0.246471  0.259099  99.9900000      0.000000     0.000000    0.026761  0.023858  99.9900000  0.001000   0.001000          0.     0.000     0.000     0.000     0.000         0      0      0      0.000000  0.000000  99.990000      0          0        0.000000  0.000000  99.990000      0           0
   18380.026 -0.210259  0.316640  99.9900000      0.000000     0.000000    0.025756  0.021166  99.9900000  0.001000   0.001000          0.     0.000     0.000     0.000     0.000         0      0      0      0.000000  0.000000  99.990000      0          0        0.000000  0.000000  99.990000      0           0
   18398.288 -0.112023  0.334651  99.9900000      0.000000     0.000000    0.020249  0.014938  99.9900000  0.001000   0.001000          0.     0.000     0.000     0.000     0.000         0      0      0      0.000000  0.000000  99.990000      0          0        0.000000  0.000000  99.990000      0           0
   18416.551 -0.048996  0.365456  99.9900000      0.000000     0.000000    0.016897  0.016347  99.9900000  0.001000   0.001000          0.     0.000     0.000     0.000     0.000         0      0      0      0.000000  0.000000  99.990000      0          0        0.000000  0.000000  99.990000      0           0
   18434.813  0.031806  0.354466  99.9900000      0.000000     0.000000    0.016586  0.015843  99.9900000  0.001000   0.001000          0.     0.000     0.000     0.000     0.000         0      0      0      0.000000  0.000000  99.990000      0          0        0.000000  0.000000  99.990000      0           0
   18453.075  0.150454  0.323004  99.9900000      0.000000     0.000000    0.017705  0.018759  99.9900000  0.001000   0.001000          0.     0.000     0.000     0.000     0.000         0      0      0      0.000000  0.000000  99.990000      0          0        0.000000  0.000000  99.990000      0           0
   18471.337  0.204113  0.289641  99.9900000      0.000000     0.000000    0.015513  0.016422  99.9900000  0.001000   0.001000          0.     0.000     0.000     0.000     0.000         0      0      0      0.000000  0.000000  99.990000      0          0        0.000000  0.000000  99.990000      0           0
   18489.599  0.260625  0.206491  99.9900000      0.000000     0.000000    0.016201  0.015493  99.9900000  0.001000   0.001000          0.     0.000     0.000     0.000     0.000         0      0      0      0.000000  0.000000  99.990000      0          0        0.000000  0.000000  99.990000      0           0
   18507.861  0.287874  0.107929  99.9900000      0.000000     0.000000    0.013789  0.015216  99.9900000  0.001000   0.001000          0.     0.000     0.000     0.000     0.000         0      0      0      0.000000  0.000000  99.990000      0          0        0.000000  0.000000  99.990000      0           0
   18526.123  0.317579  0.078484  99.9900000      0.000000     0.000000    0.014351  0.016307  99.9900000  0.001000   0.001000          0.     0.000     0.000     0.000     0.000         0      0      0      0.000000  0.000000  99.990000      0          0        0.000000  0.000000  99.990000      0           0
   18544.385  0.297719 -0.000144  99.9900000      0.000000     0.000000    0.016020  0.016593  99.9900000  0.001000   0.001000          0.     0.000     0.000     0.000     0.000         0      0      0      0.000000  0.000000  99.990000      0          0        0.000000  0.000000  99.990000      0           0
   18562.647  0.230518 -0.081294  99.9900000      0.000000     0.000000    0.020027  0.016219  99.9900000  0.001000   0.001000          0.     0.000     0.000     0.000     0.000         0      0      0      0.000000  0.000000  99.990000      0          0        0.000000  0.000000  99.990000      0           0
   18580.910  0.189309 -0.138500  99.9900000      0.000000     0.000000    0.017795  0.014605  99.9900000  0.001000   0.001000          0.     0.000     0.000     0.000     0.000         0      0      0      0.000000  0.000000  99.990000      0          0        0.000000  0.000000  99.990000      0           0
   18599.172  0.086894 -0.192032  99.9900000      0.000000     0.000000    0.016837  0.016198  99.9900000  0.001000   0.001000          0.     0.000     0.000     0.000     0.000         0      0      0      0.000000  0.000000  99.990000      0          0        0.000000  0.000000  99.990000      0           0
   18617.434  0.011895 -0.230745  99.9900000      0.000000     0.000000    0.025034  0.018865  99.9900000  0.001000   0.001000          0.     0.000     0.000     0.000     0.000         0      0      0      0.000000  0.000000  99.990000      0          0        0.000000  0.000000  99.990000      0           0
   18635.696 -0.099765 -0.199002  99.9900000      0.000000     0.000000    0.019601  0.015529  99.9900000  0.001000   0.001000          0.     0.000     0.000     0.000     0.000         0      0      0      0.000000  0.000000  99.990000      0          0        0.000000  0.000000  99.990000      0           0
   18653.958 -0.183731 -0.173338  99.9900000      0.000000     0.000000    0.019603  0.021466  99.9900000  0.001000   0.001000          0.     0.000     0.000     0.000     0.000         0      0      0      0.000000  0.000000  99.990000      0          0        0.000000  0.000000  99.990000      0           0
   18672.220 -0.230126 -0.132309  99.9900000      0.000000     0.000000    0.017880  0.023835  99.9900000  0.001000   0.001000          0.     0.000     0.000     0.000     0.000         0      0      0      0.000000  0.000000  99.990000      0          0        0.000000  0.000000  99.990000      0           0
   18690.482 -0.308988 -0.077610  99.9900000      0.000000     0.000000    0.024313  0.022971  99.9900000  0.001000   0.001000          0.     0.000     0.000     0.000     0.000         0      0      0      0.000000  0.000000  99.990000      0          0        0.000000  0.000000  99.990000      0           0
   18708.744 -0.333643 -0.017590  99.9900000      0.000000     0.000000    0.029320  0.021886  99.9900000  0.001000   0.001000          0.     0.000     0.000     0.000     0.000         0      0      0      0.000000  0.000000  99.990000      0          0        0.000000  0.000000  99.990000      0           0
   18727.006 -0.330264  0.092870  99.9900000      0.000000     0.000000    0.018683  0.021525  99.9900000  0.001000   0.001000          0.     0.000     0.000     0.000     0.000         0      0      0      0.000000  0.000000  99.990000      0          0        0.000000  0.000000  99.990000      0           0
   18745.268 -0.355022  0.105329  99.9900000      0.000000     0.000000    0.020030  0.017392  99.9900000  0.001000   0.001000          0.     0.000     0.000     0.000     0.000         0      0      0      0.000000  0.000000  99.990000      0          0        0.000000  0.000000  99.990000      0           0
   18763.531 -0.347451  0.227450  99.9900000      0.000000     0.000000    0.018222  0.020874  99.9900000  0.001000   0.001000          0.     0.000     0.000     0.000     0.000         0      0      0      0.000000  0.000000  99.990000      0          0        0.000000  0.000000  99.990000      0           0
   18781.793 -0.310541  0.324089  99.9900000      0.000000     0.000000    0.015627  0.017839  99.9900000  0.001000   0.001000          0.     0.000     0.000     0.000     0.000         0      0      0      0.000000  0.000000  99.990000      0          0        0.000000  0.000000  99.990000      0           0
   18800.055 -0.214794  0.362010  99.9900000      0.000000     0.000000    0.017857  0.017204  99.9900000  0.001000   0.001000          0.     0.000     0.000     0.000     0.000         0      0      0      0.000000  0.000000  99.990000      0          0        0.000000  0.000000  99.990000      0           0
   18818.317 -0.111046  0.383592  99.9900000      0.000000     0.000000    0.024300  0.022430  99.9900000  0.001000   0.001000          0.     0.000     0.000     0.000     0.000         0      0      0      0.000000  0.000000  99.990000      0          0        0.000000  0.000000  99.990000      0           0
   18836.579 -0.041794  0.411913  99.9900000      0.000000     0.000000    0.017913  0.019908  99.9900000  0.001000   0.001000          0.     0.000     0.000     0.000     0.000         0      0      0      0.000000  0.000000  99.990000      0          0        0.000000  0.000000  99.990000      0           0
   18854.841  0.080261  0.428774  99.9900000      0.000000     0.000000    0.014926  0.018870  99.9900000  0.001000   0.001000          0.     0.000     0.000     0.000     0.000         0      0      0      0.000000  0.000000  99.990000      0          0        0.000000  0.000000  99.990000      0           0
   18873.103  0.180614  0.392751  99.9900000      0.000000     0.000000    0.015937  0.016707  99.9900000  0.001000   0.001000          0.     0.000     0.000     0.000     0.000         0      0      0      0.000000  0.000000  99.990000      0          0        0.000000  0.000000  99.990000      0           0
   18891.365  0.248589  0.340587  99.9900000      0.000000     0.000000    0.015738  0.017810  99.9900000  0.001000   0.001000          0.     0.000     0.000     0.000     0.000         0      0      0      0.000000  0.000000  99.990000      0          0        0.000000  0.000000  99.990000      0           0
   18909.627  0.297403  0.263046  99.9900000      0.000000     0.000000    0.022535  0.020169  99.9900000  0.001000   0.001000          0.     0.000     0.000     0.000     0.000         0      0      0      0.000000  0.000000  99.990000      0          0        0.000000  0.000000  99.990000      0           0
   18927.889  0.312767  0.157901  99.9900000      0.000000     0.000000    0.016778  0.017296  99.9900000  0.001000   0.001000          0.     0.000     0.000     0.000     0.000         0      0      0      0.000000  0.000000  99.990000      0          0        0.000000  0.000000  99.990000      0           0
   18946.151  0.310464  0.055354  99.9900000      0.000000     0.000000    0.016237  0.017013  99.9900000  0.001000   0.001000          0.     0.000     0.000     0.000     0.000         0      0      0      0.000000  0.000000  99.990000      0          0        0.000000  0.000000  99.990000      0           0
   18964.414  0.286508 -0.049456  99.9900000      0.000000     0.000000    0.016683  0.015754  99.9900000  0.001000   0.001000          0.     0.000     0.000     0.000     0.000         0      0      0      0.000000  0.000000  99.990000      0          0        0.000000  0.000000  99.990000      0           0
   18982.676  0.216583 -0.064905  99.9900000      0.000000     0.000000    0.019999  0.020207  99.9900000  0.001000   0.001000          0.     0.000     0.000     0.000     0.000         0      0      0      0.000000  0.000000  99.990000      0          0        0.000000  0.000000  99.990000      0           0
   19000.938  0.179043 -0.136294  99.9900000      0.000000     0.000000    0.022276  0.023697  99.9900000  0.001000   0.001000          0.     0.000     0.000     0.000     0.000         0      0      0      0.000000  0.000000  99.990000      0          0        0.000000  0.000000  99.990000      0           0
   19019.200  0.072993 -0.192541  99.9900000      0.000000     0.000000    0.024667  0.021671  99.9900000  0.001000   0.001000          0.     0.000     0.000     0.000     0.000         0      0      0      0.000000  0.000000  99.990000      0          0        0.000000  0.000000  99.990000      0           0
   19037.462  0.001785 -0.195222  99.9900000      0.000000     0.000000    0.025921  0.027218  99.9900000  0.001000   0.001000          0.     0.000     0.000     0.000     0.000         0      0      0      0.000000  0.000000  99.990000      0          0        0.000000  0.000000  99.990000      0           0
   19055.724 -0.135521 -0.169172  99.9900000      0.000000     0.000000    0.022581  0.026689  99.9900000  0.001000   0.001000          0.     0.000     0.000     0.000     0.000         0      0      0      0.000000  0.000000  99.990000      0          0        0.000000  0.000000  99.990000      0           0
   19073.986 -0.169938 -0.175494  99.9900000      0.000000     0.000000    0.022117  0.019639  99.9900000  0.001000   0.001000          0.     0.000     0.000     0.000     0.000         0      0      0      0.000000  0.000000  99.990000      0          0        0.000000  0.000000  99.990000      0           0
   19092.248 -0.235028 -0.101024  99.9900000      0.000000     0.000000    0.026277  0.022511  99.9900000  0.001000   0.001000          0.     0.000     0.000     0.000     0.000         0      0      0      0.000000  0.000000  99.990000      0          0        0.000000  0.000000  99.990000      0           0
   19110.510 -0.269030 -0.028679  99.9900000      0.000000     0.000000    0.037106  0.032014  99.9900000  0.001000   0.001000          0.     0.000     0.000     0.000     0.000         0      0      0      0.000000  0.000000  99.990000      0          0        0.000000  0.000000  99.990000      0           0
   19128.772 -0.301607  0.043086  99.9900000      0.000000     0.000000    0.018680  0.016951  99.9900000  0.001000   0.001000          0.     0.000     0.000     0.000     0.000         0      0      0      0.000000  0.000000  99.990000      0          0        0.000000  0.000000  99.990000      0           0
   19147.035 -0.312160  0.110259  99.9900000      0.000000     0.000000    0.020220  0.018544  99.9900000  0.001000   0.001000          0.     0.000     0.000     0.000     0.000         0      0      0      0.000000  0.000000  99.990000      0          0        0.000000  0.000000  99.990000      0           0
   19165.297 -0.292913  0.205614  99.9900000      0.000000     0.000000    0.020120  0.017817  99.9900000  0.001000   0.001000          0.     0.000     0.000     0.000     0.000         0      0      0      0.000000  0.000000  99.990000      0          0        0.000000  0.000000  99.990000      0           0
   19183.559 -0.212925  0.261405  99.9900000      0.000000     0.000000    0.023216  0.018055  99.9900000  0.001000   0.001000          0.     0.000     0.000     0.000     0.000         0      0      0      0.000000  0.000000  99.990000      0          0        0.000000  0.000000  99.990000      0           0
   19201.821 -0.202642  0.367039  99.9900000      0.000000     0.000000    0.019365  0.017792  99.9900000  0.001000   0.001000          0.     0.000     0.000     0.000     0.000         0      0      0      0.000000  0.000000  99.990000      0          0        0.000000  0.000000  99.990000      0           0
   19220.083 -0.123930  0.414700  99.9900000      0.000000     0.000000    0.015347  0.017910  99.9900000  0.001000   0.001000          0.     0.000     0.000     0.000     0.000         0      0      0      0.000000  0.000000  99.990000      0          0        0.000000  0.000000  99.990000      0           0
   19238.345 -0.058961  0.426132  99.9900000      0.000000     0.000000    0.015217  0.017394  99.9900000  0.001000   0.001000          0.     0.000     0.000     0.000     0.000         0      0      0      0.000000  0.000000  99.990000      0          0        0.000000  0.000000  99.990000      0           0
   19256.607  0.029364  0.380441  99.9900000      0.000000     0.000000    0.015034  0.016748  99.9900000  0.001000   0.001000          0.     0.000     0.000     0.000     0.000         0      0      0      0.000000  0.000000  99.990000      0          0        0.000000  0.000000  99.990000      0           0
   19274.869  0.096333  0.378861  99.9900000      0.000000     0.000000    0.016138  0.020620  99.9900000  0.001000   0.001000          0.     0.000     0.000     0.000     0.000         0      0      0      0.000000  0.000000  99.990000      0          0        0.000000  0.000000  99.990000      0           0
   19293.131  0.149694  0.356646  99.9900000      0.000000     0.000000    0.018064  0.017807  99.9900000  0.001000   0.001000          0.     0.000     0.000     0.000     0.000         0      0      0      0.000000  0.000000  99.990000      0          0        0.000000  0.000000  99.990000      0           0
   19311.393  0.199257  0.317502  99.9900000      0.000000     0.000000    0.019088  0.021330  99.9900000  0.001000   0.001000          0.     0.000     0.000     0.000     0.000         0      0      0      0.000000  0.000000  99.990000      0          0        0.000000  0.000000  99.990000      0           0
   19329.656  0.221208  0.218185  99.9900000      0.000000     0.000000    0.019386  0.017677  99.9900000  0.001000   0.001000          0.     0.000     0.000     0.000     0.000         0      0      0      0.000000  0.000000  99.990000      0          0        0.000000  0.000000  99.990000      0           0
   19347.918  0.252764  0.174218  99.9900000      0.000000     0.000000    0.019814  0.022719  99.9900000  0.001000   0.001000          0.     0.000     0.000     0.000     0.000         0      0      0      0.000000  0.000000  99.990000      0          0        0.000000  0.000000  99.990000      0           0
   19366.180  0.250611  0.080177  99.9900000      0.000000     0.000000    0.026224  0.023301  99.9900000  0.001000   0.001000          0.     0.000     0.000     0.000     0.000         0      0      0      0.000000  0.000000  99.990000      0          0        0.000000  0.000000  99.990000      0           0
   19384.442  0.210251  0.048773  99.9900000      0.000000     0.000000    0.025246  0.028381  99.9900000  0.001000   0.001000          0.     0.000     0.000     0.000     0.000         0      0      0      0.000000  0.000000  99.990000      0          0        0.000000  0.000000  99.990000      0           0
   19402.704  0.169326  0.055889  99.9900000      0.000000     0.000000    0.022640  0.031723  99.9900000  0.001000   0.001000          0.     0.000     0.000     0.000     0.000         0      0      0      0.000000  0.000000  99.990000      0          0        0.000000  0.000000  99.990000      0           0
   19420.966  0.079741 -0.001249  99.9900000      0.000000     0.000000    0.024733  0.024406  99.9900000  0.001000   0.001000          0.     0.000     0.000     0.000     0.000         0      0      0      0.000000  0.000000  99.990000      0          0        0.000000  0.000000  99.990000      0           0
   19439.228  0.084360 -0.090466  99.9900000      0.000000     0.000000    0.027021  0.024964  99.9900000  0.001000   0.001000          0.     0.000     0.000     0.000     0.000         0      0      0      0.000000  0.000000  99.990000      0          0        0.000000  0.000000  99.990000      0           0
   19457.490 -0.018715 -0.096139  99.9900000      0.000000     0.000000    0.025121  0.023701  99.9900000  0.001000   0.001000          0.     0.000     0.000     0.000     0.000         0      0      0      0.000000  0.000000  99.990000      0          0        0.000000  0.000000  99.990000      0           0
   19475.752 -0.068782 -0.038467  99.9900000      0.000000     0.000000    0.021502  0.021967  99.9900000  0.001000   0.001000          0.     0.000     0.000     0.000     0.000         0      0      0      0.000000  0.000000  99.990000      0          0        0.000000  0.000000  99.990000      0           0
   19494.015 -0.125556 -0.108251  99.9900000      0.000000     0.000000    0.017623  0.020064  99.9900000  0.001000   0.001000          0.     0.000     0.000     0.000     0.000         0      0      0      0.000000  0.000000  99.990000      0          0        0.000000  0.000000  99.990000      0           0
   19512.277 -0.161083 -0.041485  99.9900000      0.000000     0.000000    0.018695  0.021587  99.9900000  0.001000   0.001000          0.     0.000     0.000     0.000     0.000         0      0      0      0.000000  0.000000  99.990000      0          0        0.000000  0.000000  99.990000      0           0
   19530.539 -0.196208  0.006498  99.9900000      0.000000     0.000000    0.016051  0.019944  99.9900000  0.001000   0.001000          0.     0.000     0.000     0.000     0.000         0      0      0      0.000000  0.000000  99.990000      0          0        0.000000  0.000000  99.990000      0           0
   19548.801 -0.196406  0.043507  99.9900000      0.000000     0.000000    0.016135  0.017633  99.9900000  0.001000   0.001000          0.     0.000     0.000     0.000     0.000         0      0      0      0.000000  0.000000  99.990000      0          0        0.000000  0.000000  99.990000      0           0
   19567.063 -0.198743  0.124224  99.9900000      0.000000     0.000000    0.018725  0.024786  99.9900000  0.001000   0.001000          0.     0.000     0.000     0.000     0.000         0      0      0      0.000000  0.000000  99.990000      0          0        0.000000  0.000000  99.990000      0           0
   19585.325 -0.181713  0.124491  99.9900000      0.000000     0.000000    0.016865  0.020935  99.9900000  0.001000   0.001000          0.     0.000     0.000     0.000     0.000         0      0      0      0.000000  0.000000  99.990000      0          0        0.000000  0.000000  99.990000      0           0
   19603.587 -0.129605  0.190823  99.9900000      0.000000     0.000000    0.017843  0.020710  99.9900000  0.001000   0.001000          0.     0.000     0.000     0.000     0.000         0      0      0      0.000000  0.000000  99.990000      0          0        0.000000  0.000000  99.990000      0           0
   19621.849 -0.136834  0.207485  99.9900000      0.000000     0.000000    0.016595  0.018753  99.9900000  0.001000   0.001000          0.     0.000     0.000     0.000     0.000         0      0      0      0.000000  0.000000  99.990000      0          0        0.000000  0.000000  99.990000      0           0
   19640.111 -0.121198  0.182153  99.9900000      0.000000     0.000000    0.017415  0.019237  99.9900000  0.001000   0.001000          0.     0.000     0.000     0.000     0.000         0      0      0      0.000000  0.000000  99.990000      0          0        0.000000  0.000000  99.990000      0           0
   19658.373 -0.090781  0.241077  99.9900000      0.000000     0.000000    0.019504  0.018458  99.9900000  0.001000   0.001000          0.     0.000     0.000     0.000     0.000         0      0      0      0.000000  0.000000  99.990000      0          0        0.000000  0.000000  99.990000      0           0
   19676.636 -0.055788  0.254141  99.9900000      0.000000     0.000000    0.022075  0.019782  99.9900000  0.001000   0.001000          0.     0.000     0.000     0.000     0.000         0      0      0      0.000000  0.000000  99.990000      0          0        0.000000  0.000000  99.990000      0           0
   19694.898 -0.034981  0.265343  99.9900000      0.000000     0.000000    0.018114  0.017553  99.9900000  0.001000   0.001000          0.     0.000     0.000     0.000     0.000         0      0      0      0.000000  0.000000  99.990000      0          0        0.000000  0.000000  99.990000      0           0
   19713.160 -0.023059  0.271527  99.9900000      0.000000     0.000000    0.025645  0.020367  99.9900000  0.001000   0.001000          0.     0.000     0.000     0.000     0.000         0      0      0      0.000000  0.000000  99.990000      0          0        0.000000  0.000000  99.990000      0           0
   19731.422  0.021450  0.286379  99.9900000      0.000000     0.000000    0.026199  0.021257  99.9900000  0.001000   0.001000          0.     0.000     0.000     0.000     0.000         0      0      0      0.000000  0.000000  99.990000      0          0        0.000000  0.000000  99.990000      0           0
   19749.684  0.076263  0.243548  99.9900000      0.000000     0.000000    0.027241  0.020969  99.9900000  0.001000   0.001000          0.     0.000     0.000     0.000     0.000         0      0      0      0.000000  0.000000  99.990000      0          0        0.000000  0.000000  99.990000      0           0
   19767.946  0.062118  0.195199  99.9900000      0.000000     0.000000    0.025511  0.025212  99.9900000  0.001000   0.001000          0.     0.000     0.000     0.000     0.000         0      0      0      0.000000  0.000000  99.990000      0          0        0.000000  0.000000  99.990000      0           0
   19786.208  0.048165  0.193903  99.9900000      0.000000     0.000000    0.019928  0.021708  99.9900000  0.001000   0.001000          0.     0.000     0.000     0.000     0.000         0      0      0      0.000000  0.000000  99.990000      0          0        0.000000  0.000000  99.990000      0           0
   19804.470  0.089503  0.184600  99.9900000      0.000000     0.000000    0.019314  0.020319  99.9900000  0.001000   0.001000          0.     0.000     0.000     0.000     0.000         0      0      0      0.000000  0.000000  99.990000      0          0        0.000000  0.000000  99.990000      0           0
   19822.732  0.089690  0.121407  99.9900000      0.000000     0.000000    0.018668  0.019706  99.9900000  0.001000   0.001000          0.     0.000     0.000     0.000     0.000         0      0      0      0.000000  0.000000  99.990000      0          0        0.000000  0.000000  99.990000      0           0
   19840.994  0.091945  0.103177  99.9900000      0.000000     0.000000    0.019504  0.020025  99.9900000  0.001000   0.001000          0.     0.000     0.000     0.000     0.000         0      0      0      0.000000  0.000000  99.990000      0          0        0.000000  0.000000  99.990000      0           0
   19859.256  0.087761  0.033486  99.9900000      0.000000     0.000000    0.023044  0.020503  99.9900000  0.001000   0.001000          0.     0.000     0.000     0.000     0.000         0      0      0      0.000000  0.000000  99.990000      0          0        0.000000  0.000000  99.990000      0           0
   19877.519  0.072323  0.052542  99.9900000      0.000000     0.000000    0.024081  0.018154  99.9900000  0.001000   0.001000          0.     0.000     0.000     0.000     0.000         0      0      0      0.000000  0.000000  99.990000      0          0        0.000000  0.000000  99.990000      0           0
   19895.781  0.087103  0.018966  99.9900000      0.000000     0.000000    0.018432  0.019359  99.9900000  0.001000   0.001000          0.     0.000     0.000     0.000     0.000         0      0      0      0.000000  0.000000  99.990000      0          0        0.000000  0.000000  99.990000      0           0
   19914.043  0.073720 -0.003915  99.9900000      0.000000     0.000000    0.016403  0.020637  99.9900000  0.001000   0.001000          0.     0.000     0.000     0.000     0.000         0      0      0      0.000000  0.000000  99.990000      0          0        0.000000  0.000000  99.990000      0           0
   19932.305  0.082474  0.006847  99.9900000      0.000000     0.000000    0.016731  0.017734  99.9900000  0.001000   0.001000          0.     0.000     0.000     0.000     0.000         0      0      0      0.000000  0.000000  99.990000      0          0        0.000000  0.000000  99.990000      0           0
   19950.567  0.020206  0.035117  99.9900000      0.000000     0.000000    0.016978  0.019517  99.9900000  0.001000   0.001000          0.     0.000     0.000     0.000     0.000         0      0      0      0.000000  0.000000  99.990000      0          0        0.000000  0.000000  99.990000      0           0
   19968.829 -0.018198  0.001433  99.9900000      0.000000     0.000000    0.019040  0.017305  99.9900000  0.001000   0.001000          0.     0.000     0.000     0.000     0.000         0      0      0      0.000000  0.000000  99.990000      0          0        0.000000  0.000000  99.990000      0           0
   19987.091 -0.034213 -0.030126  99.9900000      0.000000     0.000000    0.016475  0.017034  99.9900000  0.001000   0.001000          0.     0.000     0.000     0.000     0.000         0      0      0      0.000000  0.000000  99.990000      0          0        0.000000  0.000000  99.990000      0           0
   20005.353 -0.067898 -0.027988  99.9900000      0.000000     0.000000    0.019004  0.017169  99.9900000  0.001000   0.001000          0.     0.000     0.000     0.000     0.000         0      0      0      0.000000  0.000000  99.990000      0          0        0.000000  0.000000  99.990000      0           0
   20023.615 -0.100857 -0.028949  99.9900000      0.000000     0.000000    0.018582  0.021541  99.9900000  0.001000   0.001000          0.     0.000     0.000     0.000     0.000         0      0      0      0.000000  0.000000  99.990000      0          0        0.000000  0.000000  99.990000      0           0
   20041.877 -0.141936  0.023129  99.9900000      0.000000     0.000000    0.016752  0.017007  99.9900000  0.001000   0.001000          0.     0.000     0.000     0.000     0.000         0      0      0      0.000000  0.000000  99.990000      0          0        0.000000  0.000000  99.990000      0           0
   20060.140 -0.149655  0.076861  99.9900000      0.000000     0.000000    0.017623  0.019731  99.9900000  0.001000   0.001000          0.     0.000     0.000     0.000     0.000         0      0      0      0.000000  0.000000  99.990000      0          0        0.000000  0.000000  99.990000      0           0
   20078.402 -0.144507  0.120132  99.9900000      0.000000     0.000000    0.020222  0.021000  99.9900000  0.001000   0.001000          0.     0.000     0.000     0.000     0.000         0      0      0      0.000000  0.000000  99.990000      0          0        0.000000  0.000000  99.990000      0           0
   20096.664 -0.123713  0.150170  99.9900000      0.000000     0.000000    0.021227  0.021376  99.9900000  0.001000   0.001000          0.     0.000     0.000     0.000     0.000         0      0      0      0.000000  0.000000  99.990000      0          0        0.000000  0.000000  99.990000      0           0
   20114.926 -0.133815  0.202914  99.9900000      0.000000     0.000000    0.024843  0.020518  99.9900000  0.001000   0.001000          0.     0.000     0.000     0.000     0.000         0      0      0      0.000000  0.000000  99.990000      0          0        0.000000  0.000000  99.990000      0           0
   20133.188 -0.130954  0.230386  99.9900000      0.000000     0.000000    0.033319  0.031443  99.9900000  0.001000   0.001000          0.     0.000     0.000     0.000     0.000         0      0      0      0.000000  0.000000  99.990000      0          0        0.000000  0.000000  99.990000      0           0
   20151.450 -0.172722  0.296790  99.9900000      0.000000     0.000000    0.035757  0.034520  99.9900000  0.001000   0.001000          0.     0.000     0.000     0.000     0.000         0      0      0      0.000000  0.000000  99.990000      0          0        0.000000  0.000000  99.990000      0           0
   20169.712 -0.100968  0.221052  99.9900000      0.000000     0.000000    0.018964  0.020698  99.9900000  0.001000   0.001000          0.     0.000     0.000     0.000     0.000         0      0      0      0.000000  0.000000  99.990000      0          0        0.000000  0.000000  99.990000      0           0
   20187.974 -0.020978  0.253885  99.9900000      0.000000     0.000000    0.022444  0.022511  99.9900000  0.001000   0.001000          0.     0.000     0.000     0.000     0.000         0      0      0      0.000000  0.000000  99.990000      0          0        0.000000  0.000000  99.990000      0           0
   20206.236  0.036895  0.252496  99.9900000      0.000000     0.000000    0.021351  0.022400  99.9900000  0.001000   0.001000          0.     0.000     0.000     0.000     0.000         0      0      0      0.000000  0.000000  99.990000      0          0        0.000000  0.000000  99.990000      0           0
   20224.499  0.062221  0.197041  99.9900000      0.000000     0.000000    0.016919  0.021647  99.9900000  0.001000   0.001000          0.     0.000     0.000     0.000     0.000         0      0      0      0.000000  0.000000  99.990000      0          0        0.000000  0.000000  99.990000      0           0
   20242.761  0.129032  0.231030  99.9900000      0.000000     0.000000    0.017167  0.017585  99.9900000  0.001000   0.001000          0.     0.000     0.000     0.000     0.000         0      0      0      0.000000  0.000000  99.990000      0          0        0.000000  0.000000  99.990000      0           0
   20261.023  0.128589  0.182811  99.9900000      0.000000     0.000000    0.016430  0.017538  99.9900000  0.001000   0.001000          0.     0.000     0.000     0.000     0.000         0      0      0      0.000000  0.000000  99.990000      0          0        0.000000  0.000000  99.990000      0           0
   20279.285  0.126857  0.164961  99.9900000      0.000000     0.000000    0.015627  0.015828  99.9900000  0.001000   0.001000          0.     0.000     0.000     0.000     0.000         0      0      0      0.000000  0.000000  99.990000      0          0        0.000000  0.000000  99.990000      0           0
   20297.547  0.171946  0.134859  99.9900000      0.000000     0.000000    0.022563  0.019747  99.9900000  0.001000   0.001000          0.     0.000     0.000     0.000     0.000         0      0      0      0.000000  0.000000  99.990000      0          0        0.000000  0.000000  99.990000      0           0
   20315.809  0.182901  0.095292  99.9900000      0.000000     0.000000    0.015141  0.019493  99.9900000  0.001000   0.001000          0.     0.000     0.000     0.000     0.000         0      0      0      0.000000  0.000000  99.990000      0          0        0.000000  0.000000  99.990000      0           0
   20334.071  0.150456  0.040025  99.9900000      0.000000     0.000000    0.014125  0.017455  99.9900000  0.001000   0.001000          0.     0.000     0.000     0.000     0.000         0      0      0      0.000000  0.000000  99.990000      0          0        0.000000  0.000000  99.990000      0           0
   20352.333  0.123598  0.014818  99.9900000      0.000000     0.000000    0.015299  0.018665  99.9900000  0.001000   0.001000          0.     0.000     0.000     0.000     0.000         0      0      0      0.000000  0.000000  99.990000      0          0        0.000000  0.000000  99.990000      0           0
   20370.595  0.082587 -0.024801  99.9900000      0.000000     0.000000    0.016221  0.017297  99.9900000  0.001000   0.001000          0.     0.000     0.000     0.000     0.000         0      0      0      0.000000  0.000000  99.990000      0          0        0.000000  0.000000  99.990000      0           0
   20388.857  0.047540 -0.063347  99.9900000      0.000000     0.000000    0.016064  0.015007  99.9900000  0.001000   0.001000          0.     0.000     0.000     0.000     0.000         0      0      0      0.000000  0.000000  99.990000      0          0        0.000000  0.000000  99.990000      0           0
   20407.120  0.009952 -0.094934  99.9900000      0.000000     0.000000    0.017296  0.017527  99.9900000  0.001000   0.001000          0.     0.000     0.000     0.000     0.000         0      0      0      0.000000  0.000000  99.990000      0          0        0.000000  0.000000  99.990000      0           0
   20425.382 -0.088259 -0.121056  99.9900000      0.000000     0.000000    0.023376  0.018145  99.9900000  0.001000   0.001000          0.     0.000     0.000     0.000     0.000         0      0      0      0.000000  0.000000  99.990000      0          0        0.000000  0.000000  99.990000      0           0
   20443.644 -0.167404 -0.048250  99.9900000      0.000000     0.000000    0.025395  0.018218  99.9900000  0.001000   0.001000          0.     0.000     0.000     0.000     0.000         0      0      0      0.000000  0.000000  99.990000      0          0        0.000000  0.000000  99.990000      0           0
   20461.906 -0.167097  0.019404  99.9900000      0.000000     0.000000    0.021061  0.032464  99.9900000  0.001000   0.001000          0.     0.000     0.000     0.000     0.000         0      0      0      0.000000  0.000000  99.990000      0          0        0.000000  0.000000  99.990000      0           0
   20480.168 -0.184028  0.086420  99.9900000      0.000000     0.000000    0.029735  0.033573  99.9900000  0.001000   0.001000          0.     0.000     0.000     0.000     0.000         0      0      0      0.000000  0.000000  99.990000      0          0        0.000000  0.000000  99.990000      0           0
   20498.430 -0.249958  0.104587  99.9900000      0.000000     0.000000    0.028622  0.023917  99.9900000  0.001000   0.001000          0.     0.000     0.000     0.000     0.000         0      0      0      0.000000  0.000000  99.990000      0          0        0.000000  0.000000  99.990000      0           0
   20516.692 -0.252223  0.093342  99.9900000      0.000000     0.000000    0.033632  0.032933  99.9900000  0.001000   0.001000          0.     0.000     0.000     0.000     0.000         0      0      0      0.000000  0.000000  99.990000      0          0        0.000000  0.000000  99.990000      0           0
   20534.954 -0.244415  0.191882  99.9900000      0.000000     0.000000    0.023317  0.029009  99.9900000  0.001000   0.001000          0.     0.000     0.000     0.000     0.000         0      0      0      0.000000  0.000000  99.990000      0          0        0.000000  0.000000  99.990000      0           0
   20553.216 -0.162126  0.212968  99.9900000      0.000000     0.000000    0.023896  0.023561  99.9900000  0.001000   0.001000          0.     0.000     0.000     0.000     0.000         0      0      0      0.000000  0.000000  99.990000      0          0        0.000000  0.000000  99.990000      0           0
   20571.478 -0.181666  0.311130  99.9900000      0.000000     0.000000    0.022899  0.027068  99.9900000  0.001000   0.001000          0.     0.000     0.000     0.000     0.000         0      0      0      0.000000  0.000000  99.990000      0          0        0.000000  0.000000  99.990000      0           0
   20589.740 -0.122178  0.400236  99.9900000      0.000000     0.000000    0.025308  0.031992  99.9900000  0.001000   0.001000          0.     0.000     0.000     0.000     0.000         0      0      0      0.000000  0.000000  99.990000      0          0        0.000000  0.000000  99.990000      0           0
   20608.003 -0.056442  0.378641  99.9900000      0.000000     0.000000    0.018786  0.024249  99.9900000  0.001000   0.001000          0.     0.000     0.000     0.000     0.000         0      0      0      0.000000  0.000000  99.990000      0          0        0.000000  0.000000  99.990000      0           0
   20626.265 -0.000664  0.356841  99.9900000      0.000000     0.000000    0.017970  0.024234  99.9900000  0.001000   0.001000          0.     0.000     0.000     0.000     0.000         0      0      0      0.000000  0.000000  99.990000      0          0        0.000000  0.000000  99.990000      0           0
   20644.527  0.055639  0.302149  99.9900000      0.000000     0.000000    0.018607  0.023422  99.9900000  0.001000   0.001000          0.     0.000     0.000     0.000     0.000         0      0      0      0.000000  0.000000  99.990000      0          0        0.000000  0.000000  99.990000      0           0
   20662.789  0.138770  0.308631  99.9900000      0.000000     0.000000    0.018423  0.022510  99.9900000  0.001000   0.001000          0.     0.000     0.000     0.000     0.000         0      0      0      0.000000  0.000000  99.990000      0          0        0.000000  0.000000  99.990000      0           0
   20681.051  0.191350  0.290262  99.9900000      0.000000     0.000000    0.016185  0.021074  99.9900000  0.001000   0.001000          0.     0.000     0.000     0.000     0.000         0      0      0      0.000000  0.000000  99.990000      0          0        0.000000  0.000000  99.990000      0           0
   20699.313  0.214899  0.171061  99.9900000      0.000000     0.000000    0.018416  0.025432  99.9900000  0.001000   0.001000          0.     0.000     0.000     0.000     0.000         0      0      0      0.000000  0.000000  99.990000      0          0        0.000000  0.000000  99.990000      0           0
   20717.575  0.220184  0.035449  99.9900000      0.000000     0.000000    0.017427  0.026270  99.9900000  0.001000   0.001000          0.     0.000     0.000     0.000     0.000         0      0      0      0.000000  0.000000  99.990000      0          0        0.000000  0.000000  99.990000      0           0
   20735.837  0.230146  0.069058  99.9900000      0.000000     0.000000    0.018869  0.023941  99.9900000  0.001000   0.001000          0.     0.000     0.000     0.000     0.000         0      0      0      0.000000  0.000000  99.990000      0          0        0.000000  0.000000  99.990000      0           0
   20754.099  0.233762  0.010824  99.9900000      0.000000     0.000000    0.020060  0.022362  99.9900000  0.001000   0.001000          0.     0.000     0.000     0.000     0.000         0      0      0      0.000000  0.000000  99.990000      0          0        0.000000  0.000000  99.990000      0           0
   20772.361  0.180691 -0.106374  99.9900000      0.000000     0.000000    0.024273  0.026021  99.9900000  0.001000   0.001000          0.     0.000     0.000     0.000     0.000         0      0      0      0.000000  0.000000  99.990000      0          0        0.000000  0.000000  99.990000      0           0
   20790.624  0.102786 -0.168226  99.9900000      0.000000     0.000000    0.022657  0.025759  99.9900000  0.001000   0.001000          0.     0.000     0.000     0.000     0.000         0      0      0      0.000000  0.000000  99.990000      0          0        0.000000  0.000000  99.990000      0           0
   20808.886  0.057649 -0.191352  99.9900000      0.000000     0.000000    0.025476  0.020827  99.9900000  0.001000   0.001000          0.     0.000     0.000     0.000     0.000         0      0      0      0.000000  0.000000  99.990000      0          0        0.000000  0.000000  99.990000      0           0
   20827.148  0.012692 -0.185706  99.9900000      0.000000     0.000000    0.025584  0.026500  99.9900000  0.001000   0.001000          0.     0.000     0.000     0.000     0.000         0      0      0      0.000000  0.000000  99.990000      0          0        0.000000  0.000000  99.990000      0           0
   20845.410 -0.043576 -0.144331  99.9900000      0.000000     0.000000    0.026020  0.026806  99.9900000  0.001000   0.001000          0.     0.000     0.000     0.000     0.000         0      0      0      0.000000  0.000000  99.990000      0          0        0.000000  0.000000  99.990000      0           0
   20863.672 -0.165155 -0.075480  99.9900000      0.000000     0.000000    0.021108  0.021090  99.9900000  0.001000   0.001000          0.     0.000     0.000     0.000     0.000         0      0      0      0.000000  0.000000  99.990000      0          0        0.000000  0.000000  99.990000      0           0
   20881.934 -0.219344 -0.126488  99.9900000      0.000000     0.000000    0.020930  0.032019  99.9900000  0.001000   0.001000          0.     0.000     0.000     0.000     0.000         0      0      0      0.000000  0.000000  99.990000      0          0        0.000000  0.000000  99.990000      0           0
   20900.196 -0.259513 -0.072699  99.9900000      0.000000     0.000000    0.032763  0.036018  99.9900000  0.001000   0.001000          0.     0.000     0.000     0.000     0.000         0      0      0      0.000000  0.000000  99.990000      0          0        0.000000  0.000000  99.990000      0           0
   20918.458 -0.263627  0.038895  99.9900000      0.000000     0.000000    0.023203  0.024989  99.9900000  0.001000   0.001000          0.     0.000     0.000     0.000     0.000         0      0      0      0.000000  0.000000  99.990000      0          0        0.000000  0.000000  99.990000      0           0
   20936.720 -0.254365  0.101159  99.9900000      0.000000     0.000000    0.019381  0.021118  99.9900000  0.001000   0.001000          0.     0.000     0.000     0.000     0.000         0      0      0      0.000000  0.000000  99.990000      0          0        0.000000  0.000000  99.990000      0           0
   20954.982 -0.232745  0.192726  99.9900000      0.000000     0.000000    0.018577  0.023071  99.9900000  0.001000   0.001000          0.     0.000     0.000     0.000     0.000         0      0      0      0.000000  0.000000  99.990000      0          0        0.000000  0.000000  99.990000      0           0
   20973.245 -0.198509  0.225790  99.9900000      0.000000     0.000000    0.017044  0.019845  99.9900000  0.001000   0.001000          0.     0.000     0.000     0.000     0.000         0      0      0      0.000000  0.000000  99.990000      0          0        0.000000  0.000000  99.990000      0           0
   20991.507 -0.158972  0.254871  99.9900000      0.000000     0.000000    0.016840  0.021142  99.9900000  0.001000   0.001000          0.     0.000     0.000     0.000     0.000         0      0      0      0.000000  0.000000  99.990000      0          0        0.000000  0.000000  99.990000      0           0
   21009.769 -0.078367  0.360260  99.9900000      0.000000     0.000000    0.016889  0.023971  99.9900000  0.001000   0.001000          0.     0.000     0.000     0.000     0.000         0      0      0      0.000000  0.000000  99.990000      0          0        0.000000  0.000000  99.990000      0           0
   21028.031 -0.006343  0.348476  99.9900000      0.000000     0.000000    0.022110  0.024661  99.9900000  0.001000   0.001000          0.     0.000     0.000     0.000     0.000         0      0      0      0.000000  0.000000  99.990000      0          0        0.000000  0.000000  99.990000      0           0
   21046.293  0.041252  0.346356  99.9900000      0.000000     0.000000    0.014835  0.018257  99.9900000  0.001000   0.001000          0.     0.000     0.000     0.000     0.000         0      0      0      0.000000  0.000000  99.990000      0          0        0.000000  0.000000  99.990000      0           0
   21064.555  0.104364  0.297125  99.9900000      0.000000     0.000000    0.015848  0.019903  99.9900000  0.001000   0.001000          0.     0.000     0.000     0.000     0.000         0      0      0      0.000000  0.000000  99.990000      0          0        0.000000  0.000000  99.990000      0           0
   21082.817  0.185119  0.235331  99.9900000      0.000000     0.000000    0.013532  0.016555  99.9900000  0.001000   0.001000          0.     0.000     0.000     0.000     0.000         0      0      0      0.000000  0.000000  99.990000      0          0        0.000000  0.000000  99.990000      0           0
   21101.079  0.235186  0.169315  99.9900000      0.000000     0.000000    0.014145  0.016363  99.9900000  0.001000   0.001000          0.     0.000     0.000     0.000     0.000         0      0      0      0.000000  0.000000  99.990000      0          0        0.000000  0.000000  99.990000      0           0
   21119.341  0.247388  0.079788  99.9900000      0.000000     0.000000    0.016351  0.020453  99.9900000  0.001000   0.001000          0.     0.000     0.000     0.000     0.000         0      0      0      0.000000  0.000000  99.990000      0          0        0.000000  0.000000  99.990000      0           0
   21137.604  0.244266  0.016042  99.9900000      0.000000     0.000000    0.018598  0.022270  99.9900000  0.001000   0.001000          0.     0.000     0.000     0.000     0.000         0      0      0      0.000000  0.000000  99.990000      0          0        0.000000  0.000000  99.990000      0           0
   21155.866  0.260460 -0.016545  99.9900000      0.000000     0.000000    0.019857  0.023331  99.9900000  0.001000   0.001000          0.     0.000     0.000     0.000     0.000         0      0      0      0.000000  0.000000  99.990000      0          0        0.000000  0.000000  99.990000      0           0
   21174.128  0.213533 -0.080451  99.9900000      0.000000     0.000000    0.020609  0.025170  99.9900000  0.001000   0.001000          0.     0.000     0.000     0.000     0.000         0      0      0      0.000000  0.000000  99.990000      0          0        0.000000  0.000000  99.990000      0           0
   21192.390  0.141139 -0.149290  99.9900000      0.000000     0.000000    0.022153  0.024895  99.9900000  0.001000   0.001000          0.     0.000     0.000     0.000     0.000         0      0      0      0.000000  0.000000  99.990000      0          0        0.000000  0.000000  99.990000      0           0
   21210.652  0.093296 -0.191385  99.9900000      0.000000     0.000000    0.028599  0.027262  99.9900000  0.001000   0.001000          0.     0.000     0.000     0.000     0.000         0      0      0      0.000000  0.000000  99.990000      0          0        0.000000  0.000000  99.990000      0           0
   21228.914  0.024967 -0.159030  99.9900000      0.000000     0.000000    0.027637  0.026847  99.9900000  0.001000   0.001000          0.     0.000     0.000     0.000     0.000         0      0      0      0.000000  0.000000  99.990000      0          0        0.000000  0.000000  99.990000      0           0
   21247.176 -0.058053 -0.142914  99.9900000      0.000000     0.000000    0.031984  0.029122  99.9900000  0.001000   0.001000          0.     0.000     0.000     0.000     0.000         0      0      0      0.000000  0.000000  99.990000      0          0        0.000000  0.000000  99.990000      0           0
   21265.438 -0.117343 -0.115602  99.9900000      0.000000     0.000000    0.020346  0.021042  99.9900000  0.001000   0.001000          0.     0.000     0.000     0.000     0.000         0      0      0      0.000000  0.000000  99.990000      0          0        0.000000  0.000000  99.990000      0           0
   21283.700 -0.173353 -0.131455  99.9900000      0.000000     0.000000    0.021101  0.026979  99.9900000  0.001000   0.001000          0.     0.000     0.000     0.000     0.000         0      0      0      0.000000  0.000000  99.990000      0          0        0.000000  0.000000  99.990000      0           0
   21301.962 -0.211255 -0.054183  99.9900000      0.000000     0.000000    0.021236  0.024840  99.9900000  0.001000   0.001000          0.     0.000     0.000     0.000     0.000         0      0      0      0.000000  0.000000  99.990000      0          0        0.000000  0.000000  99.990000      0           0
   21320.225 -0.224601 -0.032886  99.9900000      0.000000     0.000000    0.023056  0.022646  99.9900000  0.001000   0.001000          0.     0.000     0.000     0.000     0.000         0      0      0      0.000000  0.000000  99.990000      0          0        0.000000  0.000000  99.990000      0           0
   21338.487 -0.189036  0.042010  99.9900000      0.000000     0.000000    0.021115  0.026007  99.9900000  0.001000   0.001000          0.     0.000     0.000     0.000     0.000         0      0      0      0.000000  0.000000  99.990000      0          0        0.000000  0.000000  99.990000      0           0
   21356.749 -0.146600  0.170275  99.9900000      0.000000     0.000000    0.021973  0.028112  99.9900000  0.001000   0.001000          0.     0.000     0.000     0.000     0.000         0      0      0      0.000000  0.000000  99.990000      0          0        0.000000  0.000000  99.990000      0           0
   21375.011 -0.145229  0.168047  99.9900000      0.000000     0.000000    0.023720  0.023520  99.9900000  0.001000   0.001000          0.     0.000     0.000     0.000     0.000         0      0      0      0.000000  0.000000  99.990000      0          0        0.000000  0.000000  99.990000      0           0
   21393.273 -0.120570  0.214151  99.9900000      0.000000     0.000000    0.022428  0.026055  99.9900000  0.001000   0.001000          0.     0.000     0.000     0.000     0.000         0      0      0      0.000000  0.000000  99.990000      0          0        0.000000  0.000000  99.990000      0           0
   21411.535 -0.032303  0.307484  99.9900000      0.000000     0.000000    0.018955  0.024567  99.9900000  0.001000   0.001000          0.     0.000     0.000     0.000     0.000         0      0      0      0.000000  0.000000  99.990000      0          0        0.000000  0.000000  99.990000      0           0
   21429.797  0.011278  0.271137  99.9900000      0.000000     0.000000    0.015254  0.021877  99.9900000  0.001000   0.001000          0.     0.000     0.000     0.000     0.000         0      0      0      0.000000  0.000000  99.990000      0          0        0.000000  0.000000  99.990000      0           0
   21448.059  0.043837  0.249599  99.9900000      0.000000     0.000000    0.015957  0.017831  99.9900000  0.001000   0.001000          0.     0.000     0.000     0.000     0.000         0      0      0      0.000000  0.000000  99.990000      0          0        0.000000  0.000000  99.990000      0           0
   21466.321  0.096965  0.247993  99.9900000      0.000000     0.000000    0.018611  0.020416  99.9900000  0.001000   0.001000          0.     0.000     0.000     0.000     0.000         0      0      0      0.000000  0.000000  99.990000      0          0        0.000000  0.000000  99.990000      0           0
   21484.583  0.112287  0.236342  99.9900000      0.000000     0.000000    0.022368  0.020974  99.9900000  0.001000   0.001000          0.     0.000     0.000     0.000     0.000         0      0      0      0.000000  0.000000  99.990000      0          0        0.000000  0.000000  99.990000      0           0
   21502.845  0.143947  0.149977  99.9900000      0.000000     0.000000    0.021387  0.026192  99.9900000  0.001000   0.001000          0.     0.000     0.000     0.000     0.000         0      0      0      0.000000  0.000000  99.990000      0          0        0.000000  0.000000  99.990000      0           0
   21521.108  0.136419  0.094574  99.9900000      0.000000     0.000000    0.023060  0.020893  99.9900000  0.001000   0.001000          0.     0.000     0.000     0.000     0.000         0      0      0      0.000000  0.000000  99.990000      0          0        0.000000  0.000000  99.990000      0           0
   21539.370  0.123321  0.081794  99.9900000      0.000000     0.000000    0.024285  0.019864  99.9900000  0.001000   0.001000          0.     0.000     0.000     0.000     0.000         0      0      0      0.000000  0.000000  99.990000      0          0        0.000000  0.000000  99.990000      0           0
   21557.632  0.113936  0.068632  99.9900000      0.000000     0.000000    0.026322  0.026467  99.9900000  0.001000   0.001000          0.     0.000     0.000     0.000     0.000         0      0      0      0.000000  0.000000  99.990000      0          0        0.000000  0.000000  99.990000      0           0
   21575.894  0.115131  0.016286  99.9900000      0.000000     0.000000    0.023669  0.023934  99.9900000  0.001000   0.001000          0.     0.000     0.000     0.000     0.000         0      0      0      0.000000  0.000000  99.990000      0          0        0.000000  0.000000  99.990000      0           0
   21594.156  0.076741 -0.015256  99.9900000      0.000000     0.000000    0.026128  0.025970  99.9900000  0.001000   0.001000          0.     0.000     0.000     0.000     0.000         0      0      0      0.000000  0.000000  99.990000      0          0        0.000000  0.000000  99.990000      0           0
   21612.418  0.020647 -0.072770  99.9900000      0.000000     0.000000    0.026362  0.032867  99.9900000  0.001000   0.001000          0.     0.000     0.000     0.000     0.000         0      0      0      0.000000  0.000000  99.990000      0          0        0.000000  0.000000  99.990000      0           0
   21630.680 -0.037532 -0.025279  99.9900000      0.000000     0.000000    0.020204  0.029233  99.9900000  0.001000   0.001000          0.     0.000     0.000     0.000     0.000         0      0      0      0.000000  0.000000  99.990000      0          0        0.000000  0.000000  99.990000      0           0
   21648.942 -0.068471 -0.009474  99.9900000      0.000000     0.000000    0.021954  0.020534  99.9900000  0.001000   0.001000          0.     0.000     0.000     0.000     0.000         0      0      0      0.000000  0.000000  99.990000      0          0        0.000000  0.000000  99.990000      0           0
   21667.204 -0.100193  0.016394  99.9900000      0.000000     0.000000    0.016697  0.021279  99.9900000  0.001000   0.001000          0.     0.000     0.000     0.000     0.000         0      0      0      0.000000  0.000000  99.990000      0          0        0.000000  0.000000  99.990000      0           0
   21685.466 -0.124578  0.046425  99.9900000      0.000000     0.000000    0.019509  0.020966  99.9900000  0.001000   0.001000          0.     0.000     0.000     0.000     0.000         0      0      0      0.000000  0.000000  99.990000      0          0        0.000000  0.000000  99.990000      0           0
   21703.729 -0.113662  0.098709  99.9900000      0.000000     0.000000    0.018427  0.023441  99.9900000  0.001000   0.001000          0.     0.000     0.000     0.000     0.000         0      0      0      0.000000  0.000000  99.990000      0          0        0.000000  0.000000  99.990000      0           0
   21721.991 -0.125477  0.133572  99.9900000      0.000000     0.000000    0.019042  0.023019  99.9900000  0.001000   0.001000          0.     0.000     0.000     0.000     0.000         0      0      0      0.000000  0.000000  99.990000      0          0        0.000000  0.000000  99.990000      0           0
   21740.253 -0.130915  0.151256  99.9900000      0.000000     0.000000    0.018436  0.021473  99.9900000  0.001000   0.001000          0.     0.000     0.000     0.000     0.000         0      0      0      0.000000  0.000000  99.990000      0          0        0.000000  0.000000  99.990000      0           0
   21758.515 -0.121105  0.179931  99.9900000      0.000000     0.000000    0.018729  0.020124  99.9900000  0.001000   0.001000          0.     0.000     0.000     0.000     0.000         0      0      0      0.000000  0.000000  99.990000      0          0        0.000000  0.000000  99.990000      0           0
   21776.777 -0.087865  0.263931  99.9900000      0.000000     0.000000    0.019624  0.026180  99.9900000  0.001000   0.001000          0.     0.000     0.000     0.000     0.000         0      0      0      0.000000  0.000000  99.990000      0          0        0.000000  0.000000  99.990000      0           0
   21795.039 -0.068745  0.199919  99.9900000      0.000000     0.000000    0.019131  0.018526  99.9900000  0.001000   0.001000          0.     0.000     0.000     0.000     0.000         0      0      0      0.000000  0.000000  99.990000      0          0        0.000000  0.000000  99.990000      0           0
   21813.301 -0.011306  0.173754  99.9900000      0.000000     0.000000    0.016833  0.019441  99.9900000  0.001000   0.001000          0.     0.000     0.000     0.000     0.000         0      0      0      0.000000  0.000000  99.990000      0          0        0.000000  0.000000  99.990000      0           0
   21831.563  0.010350  0.212785  99.9900000      0.000000     0.000000    0.016686  0.021505  99.9900000  0.001000   0.001000          0.     0.000     0.000     0.000     0.000         0      0      0      0.000000  0.000000  99.990000      0          0        0.000000  0.000000  99.990000      0           0
   21849.825  0.014601  0.197788  99.9900000      0.000000     0.000000    0.015714  0.019012  99.9900000  0.001000   0.001000          0.     0.000     0.000     0.000     0.000         0      0      0      0.000000  0.000000  99.990000      0          0        0.000000  0.000000  99.990000      0           0
   21868.088  0.016129  0.154921  99.9900000      0.000000     0.000000    0.019908  0.020152  99.9900000  0.001000   0.001000          0.     0.000     0.000     0.000     0.000         0      0      0      0.000000  0.000000  99.990000      0          0        0.000000  0.000000  99.990000      0           0
   21886.350  0.062043  0.196801  99.9900000      0.000000     0.000000    0.021196  0.022071  99.9900000  0.001000   0.001000          0.     0.000     0.000     0.000     0.000         0      0      0      0.000000  0.000000  99.990000      0          0        0.000000  0.000000  99.990000      0           0
   21904.612  0.099442  0.185666  99.9900000      0.000000     0.000000    0.029948  0.025292  99.9900000  0.001000   0.001000          0.     0.000     0.000     0.000     0.000         0      0      0      0.000000  0.000000  99.990000      0          0        0.000000  0.000000  99.990000      0           0
   21922.874  0.051222  0.186693  99.9900000      0.000000     0.000000    0.028759  0.026444  99.9900000  0.001000   0.001000          0.     0.000     0.000     0.000     0.000         0      0      0      0.000000  0.000000  99.990000      0          0        0.000000  0.000000  99.990000      0           0
   21941.136  0.055037  0.179622  99.9900000      0.000000     0.000000    0.030360  0.029407  99.9900000  0.001000   0.001000          0.     0.000     0.000     0.000     0.000         0      0      0      0.000000  0.000000  99.990000      0          0        0.000000  0.000000  99.990000      0           0
   21959.398  0.043387  0.172463  99.9900000      0.000000     0.000000    0.034885  0.031447  99.9900000  0.001000   0.001000          0.     0.000     0.000     0.000     0.000         0      0      0      0.000000  0.000000  99.990000      0          0        0.000000  0.000000  99.990000      0           0
   21977.660  0.033756  0.168717  99.9900000      0.000000     0.000000    0.025180  0.024248  99.9900000  0.001000   0.001000          0.     0.000     0.000     0.000     0.000         0      0      0      0.000000  0.000000  99.990000      0          0        0.000000  0.000000  99.990000      0           0
   21995.922  0.011203  0.093973  99.9900000      0.000000     0.000000    0.025014  0.024081  99.9900000  0.001000   0.001000          0.     0.000     0.000     0.000     0.000         0      0      0      0.000000  0.000000  99.990000      0          0        0.000000  0.000000  99.990000      0           0
   22014.184  0.015408  0.101554  99.9900000      0.000000     0.000000    0.024160  0.025258  99.9900000  0.001000   0.001000          0.     0.000     0.000     0.000     0.000         0      0      0      0.000000  0.000000  99.990000      0          0        0.000000  0.000000  99.990000      0           0
   22032.446  0.002312  0.137906  99.9900000      0.000000     0.000000    0.020096  0.023224  99.9900000  0.001000   0.001000          0.     0.000     0.000     0.000     0.000         0      0      0      0.000000  0.000000  99.990000      0          0        0.000000  0.000000  99.990000      0           0
   22050.709  0.030525  0.130785  99.9900000      0.000000     0.000000    0.019973  0.024648  99.9900000  0.001000   0.001000          0.     0.000     0.000     0.000     0.000         0      0      0      0.000000  0.000000  99.990000      0          0        0.000000  0.000000  99.990000      0           0
   22068.971  0.019885  0.084715  99.9900000      0.000000     0.000000    0.018496  0.021382  99.9900000  0.001000   0.001000          0.     0.000     0.000     0.000     0.000         0      0      0      0.000000  0.000000  99.990000      0          0        0.000000  0.000000  99.990000      0           0
   22087.233  0.015997  0.111280  99.9900000      0.000000     0.000000    0.018301  0.025869  99.9900000  0.001000   0.001000          0.     0.000     0.000     0.000     0.000         0      0      0      0.000000  0.000000  99.990000      0          0        0.000000  0.000000  99.990000      0           0
   22105.495  0.007673  0.092368  99.9900000      0.000000     0.000000    0.019052  0.022960  99.9900000  0.001000   0.001000          0.     0.000     0.000     0.000     0.000         0      0      0      0.000000  0.000000  99.990000      0          0        0.000000  0.000000  99.990000      0           0
   22123.757  0.023227  0.019343  99.9900000      0.000000     0.000000    0.016500  0.026425  99.9900000  0.001000   0.001000          0.     0.000     0.000     0.000     0.000         0      0      0      0.000000  0.000000  99.990000      0          0        0.000000  0.000000  99.990000      0           0
   22142.019  0.014386  0.020376  99.9900000      0.000000     0.000000    0.017501  0.023671  99.9900000  0.001000   0.001000          0.     0.000     0.000     0.000     0.000         0      0      0      0.000000  0.000000  99.990000      0          0        0.000000  0.000000  99.990000      0           0
   22160.281 -0.000266  0.010917  99.9900000      0.000000     0.000000    0.015001  0.021089  99.9900000  0.001000   0.001000          0.     0.000     0.000     0.000     0.000         0      0      0      0.000000  0.000000  99.990000      0          0        0.000000  0.000000  99.990000      0           0
   22178.543 -0.009645 -0.011566  99.9900000      0.000000     0.000000    0.013829  0.017847  99.9900000  0.001000   0.001000          0.     0.000     0.000     0.000     0.000         0      0      0      0.000000  0.000000  99.990000      0          0        0.000000  0.000000  99.990000      0           0
   22196.805 -0.043064  0.013792  99.9900000      0.000000     0.000000    0.014113  0.020422  99.9900000  0.001000   0.001000          0.     0.000     0.000     0.000     0.000         0      0      0      0.000000  0.000000  99.990000      0          0        0.000000  0.000000  99.990000      0           0
   22215.067 -0.057938  0.016445  99.9900000      0.000000     0.000000    0.018129  0.025627  99.9900000  0.001000   0.001000          0.     0.000     0.000     0.000     0.000         0      0      0      0.000000  0.000000  99.990000      0          0        0.000000  0.000000  99.990000      0           0
   22233.329 -0.087026  0.058624  99.9900000      0.000000     0.000000    0.019796  0.021358  99.9900000  0.001000   0.001000          0.     0.000     0.000     0.000     0.000         0      0      0      0.000000  0.000000  99.990000      0          0        0.000000  0.000000  99.990000      0           0
   22251.592 -0.092682  0.067623  99.9900000      0.000000     0.000000    0.026340  0.029044  99.9900000  0.001000   0.001000          0.     0.000     0.000     0.000     0.000         0      0      0      0.000000  0.000000  99.990000      0          0        0.000000  0.000000  99.990000      0           0
   22269.854 -0.090444  0.104359  99.9900000      0.000000     0.000000    0.027289  0.025690  99.9900000  0.001000   0.001000          0.     0.000     0.000     0.000     0.000         0      0      0      0.000000  0.000000  99.990000      0          0        0.000000  0.000000  99.990000      0           0
   22288.116 -0.106048  0.106703  99.9900000      0.000000     0.000000    0.021215  0.033851  99.9900000  0.001000   0.001000          0.     0.000     0.000     0.000     0.000         0      0      0      0.000000  0.000000  99.990000      0          0        0.000000  0.000000  99.990000      0           0
   22306.378 -0.095455  0.169835  99.9900000      0.000000     0.000000    0.030418  0.032328  99.9900000  0.001000   0.001000          0.     0.000     0.000     0.000     0.000         0      0      0      0.000000  0.000000  99.990000      0          0        0.000000  0.000000  99.990000      0           0
   22324.640 -0.036519  0.176193  99.9900000      0.000000     0.000000    0.037319  0.048575  99.9900000  0.001000   0.001000          0.     0.000     0.000     0.000     0.000         0      0      0      0.000000  0.000000  99.990000      0          0        0.000000  0.000000  99.990000      0           0
   22342.902 -0.063353  0.220869  99.9900000      0.000000     0.000000    0.021605  0.030242  99.9900000  0.001000   0.001000          0.     0.000     0.000     0.000     0.000         0      0      0      0.000000  0.000000  99.990000      0          0        0.000000  0.000000  99.990000      0           0
   22361.164 -0.007104  0.212509  99.9900000      0.000000     0.000000    0.023358  0.031565  99.9900000  0.001000   0.001000          0.     0.000     0.000     0.000     0.000         0      0      0      0.000000  0.000000  99.990000      0          0        0.000000  0.000000  99.990000      0           0
   22379.426 -0.034362  0.209096  99.9900000      0.000000     0.000000    0.022150  0.026913  99.9900000  0.001000   0.001000          0.     0.000     0.000     0.000     0.000         0      0      0      0.000000  0.000000  99.990000      0          0        0.000000  0.000000  99.990000      0           0
   22397.688 -0.001584  0.248928  99.9900000      0.000000     0.000000    0.020940  0.026792  99.9900000  0.001000   0.001000          0.     0.000     0.000     0.000     0.000         0      0      0      0.000000  0.000000  99.990000      0          0        0.000000  0.000000  99.990000      0           0
   22415.950  0.044274  0.191080  99.9900000      0.000000     0.000000    0.028661  0.033409  99.9900000  0.001000   0.001000          0.     0.000     0.000     0.000     0.000         0      0      0      0.000000  0.000000  99.990000      0          0        0.000000  0.000000  99.990000      0           0
   22434.213  0.108946  0.212970  99.9900000      0.000000     0.000000    0.022143  0.025551  99.9900000  0.001000   0.001000          0.     0.000     0.000     0.000     0.000         0      0      0      0.000000  0.000000  99.990000      0          0        0.000000  0.000000  99.990000      0           0
   22452.475  0.097674  0.154302  99.9900000      0.000000     0.000000    0.021928  0.026073  99.9900000  0.001000   0.001000          0.     0.000     0.000     0.000     0.000         0      0      0      0.000000  0.000000  99.990000      0          0        0.000000  0.000000  99.990000      0           0
   22470.737  0.126892  0.154522  99.9900000      0.000000     0.000000    0.021359  0.024715  99.9900000  0.001000   0.001000          0.     0.000     0.000     0.000     0.000         0      0      0      0.000000  0.000000  99.990000      0          0        0.000000  0.000000  99.990000      0           0
   22488.999  0.183907  0.098772  99.9900000      0.000000     0.000000    0.021793  0.024684  99.9900000  0.001000   0.001000          0.     0.000     0.000     0.000     0.000         0      0      0      0.000000  0.000000  99.990000      0          0        0.000000  0.000000  99.990000      0           0
   22507.261  0.177640  0.092669  99.9900000      0.000000     0.000000    0.019648  0.027588  99.9900000  0.001000   0.001000          0.     0.000     0.000     0.000     0.000         0      0      0      0.000000  0.000000  99.990000      0          0        0.000000  0.000000  99.990000      0           0
   22525.523  0.154225  0.030568  99.9900000      0.000000     0.000000    0.017930  0.020476  99.9900000  0.001000   0.001000          0.     0.000     0.000     0.000     0.000         0      0      0      0.000000  0.000000  99.990000      0          0        0.000000  0.000000  99.990000      0           0
   22543.785  0.128470 -0.000602  99.9900000      0.000000     0.000000    0.021851  0.024719  99.9900000  0.001000   0.001000          0.     0.000     0.000     0.000     0.000         0      0      0      0.000000  0.000000  99.990000      0          0        0.000000  0.000000  99.990000      0           0
   22562.047  0.125529  0.003176  99.9900000      0.000000     0.000000    0.019865  0.027905  99.9900000  0.001000   0.001000          0.     0.000     0.000     0.000     0.000         0      0      0      0.000000  0.000000  99.990000      0          0        0.000000  0.000000  99.990000      0           0
   22580.309  0.098825 -0.047308  99.9900000      0.000000     0.000000    0.019639  0.021610  99.9900000  0.001000   0.001000          0.     0.000     0.000     0.000     0.000         0      0      0      0.000000  0.000000  99.990000      0          0        0.000000  0.000000  99.990000      0           0
   22598.571  0.019436 -0.047345  99.9900000      0.000000     0.000000    0.021185  0.023312  99.9900000  0.001000   0.001000          0.     0.000     0.000     0.000     0.000         0      0      0      0.000000  0.000000  99.990000      0          0        0.000000  0.000000  99.990000      0           0
   22616.834  0.012111 -0.036906  99.9900000      0.000000     0.000000    0.022459  0.023836  99.9900000  0.001000   0.001000          0.     0.000     0.000     0.000     0.000         0      0      0      0.000000  0.000000  99.990000      0          0        0.000000  0.000000  99.990000      0           0
   22635.096 -0.028550 -0.075095  99.9900000      0.000000     0.000000    0.022376  0.024847  99.9900000  0.001000   0.001000          0.     0.000     0.000     0.000     0.000         0      0      0      0.000000  0.000000  99.990000      0          0        0.000000  0.000000  99.990000      0           0
   22653.358 -0.030488 -0.024729  99.9900000      0.000000     0.000000    0.030004  0.037272  99.9900000  0.001000   0.001000          0.     0.000     0.000     0.000     0.000         0      0      0      0.000000  0.000000  99.990000      0          0        0.000000  0.000000  99.990000      0           0
   22671.620 -0.128276 -0.001061  99.9900000      0.000000     0.000000    0.027900  0.033561  99.9900000  0.001000   0.001000          0.     0.000     0.000     0.000     0.000         0      0      0      0.000000  0.000000  99.990000      0          0        0.000000  0.000000  99.990000      0           0
   22689.882 -0.168532  0.082267  99.9900000      0.000000     0.000000    0.024678  0.024964  99.9900000  0.001000   0.001000          0.     0.000     0.000     0.000     0.000         0      0      0      0.000000  0.000000  99.990000      0          0        0.000000  0.000000  99.990000      0           0
   22708.144 -0.155575  0.087596  99.9900000      0.000000     0.000000    0.023768  0.031891  99.9900000  0.001000   0.001000          0.     0.000     0.000     0.000     0.000         0      0      0      0.000000  0.000000  99.990000      0          0        0.000000  0.000000  99.990000      0           0
   22726.406 -0.183040  0.126520  99.9900000      0.000000     0.000000    0.027030  0.033579  99.9900000  0.001000   0.001000          0.     0.000     0.000     0.000     0.000         0      0      0      0.000000  0.000000  99.990000      0          0        0.000000  0.000000  99.990000      0           0
   22744.668 -0.157231  0.196460  99.9900000      0.000000     0.000000    0.032750  0.033922  99.9900000  0.001000   0.001000          0.     0.000     0.000     0.000     0.000         0      0      0      0.000000  0.000000  99.990000      0          0        0.000000  0.000000  99.990000      0           0
   22762.930 -0.130040  0.163057  99.9900000      0.000000     0.000000    0.020824  0.029156  99.9900000  0.001000   0.001000          0.     0.000     0.000     0.000     0.000         0      0      0      0.000000  0.000000  99.990000      0          0        0.000000  0.000000  99.990000      0           0
   22781.193 -0.056473  0.171467  99.9900000      0.000000     0.000000    0.022981  0.026894  99.9900000  0.001000   0.001000          0.     0.000     0.000     0.000     0.000         0      0      0      0.000000  0.000000  99.990000      0          0        0.000000  0.000000  99.990000      0           0
   22799.455 -0.021671  0.211509  99.9900000      0.000000     0.000000    0.021966  0.032813  99.9900000  0.001000   0.001000          0.     0.000     0.000     0.000     0.000         0      0      0      0.000000  0.000000  99.990000      0          0        0.000000  0.000000  99.990000      0           0
   22817.717  0.039241  0.225604  99.9900000      0.000000     0.000000    0.018782  0.026784  99.9900000  0.001000   0.001000          0.     0.000     0.000     0.000     0.000         0      0      0      0.000000  0.000000  99.990000      0          0        0.000000  0.000000  99.990000      0           0
   22835.979  0.088984  0.222163  99.9900000      0.000000     0.000000    0.025930  0.028115  99.9900000  0.001000   0.001000          0.     0.000     0.000     0.000     0.000         0      0      0      0.000000  0.000000  99.990000      0          0        0.000000  0.000000  99.990000      0           0
   22854.241  0.149024  0.150967  99.9900000      0.000000     0.000000    0.017851  0.022218  99.9900000  0.001000   0.001000          0.     0.000     0.000     0.000     0.000         0      0      0      0.000000  0.000000  99.990000      0          0        0.000000  0.000000  99.990000      0           0
   22872.503  0.151046  0.131292  99.9900000      0.000000     0.000000    0.026843  0.036659  99.9900000  0.001000   0.001000          0.     0.000     0.000     0.000     0.000         0      0      0      0.000000  0.000000  99.990000      0          0        0.000000  0.000000  99.990000      0           0
   22890.765  0.183181  0.099586  99.9900000      0.000000     0.000000    0.019908  0.023541  99.9900000  0.001000   0.001000          0.     0.000     0.000     0.000     0.000         0      0      0      0.000000  0.000000  99.990000      0          0        0.000000  0.000000  99.990000      0           0
   22909.027  0.182718  0.068354  99.9900000      0.000000     0.000000    0.013922  0.021694  99.9900000  0.001000   0.001000          0.     0.000     0.000     0.000     0.000         0      0      0      0.000000  0.000000  99.990000      0          0        0.000000  0.000000  99.990000      0           0
   22927.289  0.185561  0.022697  99.9900000      0.000000     0.000000    0.018335  0.025429  99.9900000  0.001000   0.001000          0.     0.000     0.000     0.000     0.000         0      0      0      0.000000  0.000000  99.990000      0          0        0.000000  0.000000  99.990000      0           0
   22945.551  0.150992 -0.039244  99.9900000      0.000000     0.000000    0.022865  0.029579  99.9900000  0.001000   0.001000          0.     0.000     0.000     0.000     0.000         0      0      0      0.000000  0.000000  99.990000      0          0        0.000000  0.000000  99.990000      0           0
   22963.814  0.126945 -0.088275  99.9900000      0.000000     0.000000    0.018243  0.021733  99.9900000  0.001000   0.001000          0.     0.000     0.000     0.000     0.000         0      0      0      0.000000  0.000000  99.990000      0          0        0.000000  0.000000  99.990000      0           0
   22982.076  0.074844 -0.075464  99.9900000      0.000000     0.000000    0.020496  0.022365  99.9900000  0.001000   0.001000          0.     0.000     0.000     0.000     0.000         0      0      0      0.000000  0.000000  99.990000      0          0        0.000000  0.000000  99.990000      0           0
   23000.338  0.059022 -0.071350  99.9900000      0.000000     0.000000    0.025479  0.025373  99.9900000  0.001000   0.001000          0.     0.000     0.000     0.000     0.000         0      0      0      0.000000  0.000000  99.990000      0          0        0.000000  0.000000  99.990000      0           0
   23018.600 -0.018626  0.037400  99.9900000      0.000000     0.000000    0.025332  0.037363  99.9900000  0.001000   0.001000          0.     0.000     0.000     0.000     0.000         0      0      0      0.000000  0.000000  99.990000      0          0        0.000000  0.000000  99.990000      0           0
   23036.862 -0.016823  0.009258  99.9900000      0.000000     0.000000    0.026168  0.032514  99.9900000  0.001000   0.001000          0.     0.000     0.000     0.000     0.000         0      0      0      0.000000  0.000000  99.990000      0          0        0.000000  0.000000  99.990000      0           0
   23055.124 -0.027263  0.021030  99.9900000      0.000000     0.000000    0.032743  0.025517  99.9900000  0.001000   0.001000          0.     0.000     0.000     0.000     0.000         0      0      0      0.000000  0.000000  99.990000      0          0        0.000000  0.000000  99.990000      0           0
   23073.386 -0.104550  0.005285  99.9900000      0.000000     0.000000    0.036219  0.034362  99.9900000  0.001000   0.001000          0.     0.000     0.000     0.000     0.000         0      0      0      0.000000  0.000000  99.990000      0          0        0.000000  0.000000  99.990000      0           0
   23091.648 -0.144649  0.063870  99.9900000      0.000000     0.000000    0.026680  0.028508  99.9900000  0.001000   0.001000          0.     0.000     0.000     0.000     0.000         0      0      0      0.000000  0.000000  99.990000      0          0        0.000000  0.000000  99.990000      0           0
   23109.910 -0.126598  0.102054  99.9900000      0.000000     0.000000    0.023404  0.028303  99.9900000  0.001000   0.001000          0.     0.000     0.000     0.000     0.000         0      0      0      0.000000  0.000000  99.990000      0          0        0.000000  0.000000  99.990000      0           0
   23128.172 -0.122526  0.178797  99.9900000      0.000000     0.000000    0.026756  0.027563  99.9900000  0.001000   0.001000          0.     0.000     0.000     0.000     0.000         0      0      0      0.000000  0.000000  99.990000      0          0        0.000000  0.000000  99.990000      0           0
   23146.434 -0.104065  0.257183  99.9900000      0.000000     0.000000    0.024921  0.034487  99.9900000  0.001000   0.001000          0.     0.000     0.000     0.000     0.000         0      0      0      0.000000  0.000000  99.990000      0          0        0.000000  0.000000  99.990000      0           0
   23164.697 -0.083242  0.275036  99.9900000      0.000000     0.000000    0.023392  0.024630  99.9900000  0.001000   0.001000          0.     0.000     0.000     0.000     0.000         0      0      0      0.000000  0.000000  99.990000      0          0        0.000000  0.000000  99.990000      0           0
   23182.959 -0.057101  0.275358  99.9900000      0.000000     0.000000    0.028565  0.026947  99.9900000  0.001000   0.001000          0.     0.000     0.000     0.000     0.000         0      0      0      0.000000  0.000000  99.990000      0          0        0.000000  0.000000  99.990000      0           0
   23201.221  0.023695  0.285546  99.9900000      0.000000     0.000000    0.019416  0.024017  99.9900000  0.001000   0.001000          0.     0.000     0.000     0.000     0.000         0      0      0      0.000000  0.000000  99.990000      0          0        0.000000  0.000000  99.990000      0           0
   23219.483  0.084172  0.269075  99.9900000      0.000000     0.000000    0.016989  0.023068  99.9900000  0.001000   0.001000          0.     0.000     0.000     0.000     0.000         0      0      0      0.000000  0.000000  99.990000      0          0        0.000000  0.000000  99.990000      0           0
   23237.745  0.109853  0.218671  99.9900000      0.000000     0.000000    0.018058  0.022068  99.9900000  0.001000   0.001000          0.     0.000     0.000     0.000     0.000         0      0      0      0.000000  0.000000  99.990000      0          0        0.000000  0.000000  99.990000      0           0
   23256.007  0.168304  0.150788  99.9900000      0.000000     0.000000    0.017014  0.024454  99.9900000  0.001000   0.001000          0.     0.000     0.000     0.000     0.000         0      0      0      0.000000  0.000000  99.990000      0          0        0.000000  0.000000  99.990000      0           0
   23274.269  0.218711  0.129274  99.9900000      0.000000     0.000000    0.016418  0.019423  99.9900000  0.001000   0.001000          0.     0.000     0.000     0.000     0.000         0      0      0      0.000000  0.000000  99.990000      0          0        0.000000  0.000000  99.990000      0           0
   23292.531  0.207546  0.094145  99.9900000      0.000000     0.000000    0.017543  0.021966  99.9900000  0.001000   0.001000          0.     0.000     0.000     0.000     0.000         0      0      0      0.000000  0.000000  99.990000      0          0        0.000000  0.000000  99.990000      0           0
   23310.793  0.218422  0.038677  99.9900000      0.000000     0.000000    0.020095  0.021396  99.9900000  0.001000   0.001000          0.     0.000     0.000     0.000     0.000         0      0      0      0.000000  0.000000  99.990000      0          0        0.000000  0.000000  99.990000      0           0
   23329.055  0.201614 -0.000383  99.9900000      0.000000     0.000000    0.023049  0.023136  99.9900000  0.001000   0.001000          0.     0.000     0.000     0.000     0.000         0      0      0      0.000000  0.000000  99.990000      0          0        0.000000  0.000000  99.990000      0           0
   23347.318  0.170933 -0.051083  99.9900000      0.000000     0.000000    0.019952  0.019177  99.9900000  0.001000   0.001000          0.     0.000     0.000     0.000     0.000         0      0      0      0.000000  0.000000  99.990000      0          0        0.000000  0.000000  99.990000      0           0
   23365.580  0.136185 -0.025988  99.9900000      0.000000     0.000000    0.025212  0.026328  99.9900000  0.001000   0.001000          0.     0.000     0.000     0.000     0.000         0      0      0      0.000000  0.000000  99.990000      0          0        0.000000  0.000000  99.990000      0           0
   23383.842  0.075093 -0.031559  99.9900000      0.000000     0.000000    0.025678  0.023983  99.9900000  0.001000   0.001000          0.     0.000     0.000     0.000     0.000         0      0      0      0.000000  0.000000  99.990000      0          0        0.000000  0.000000  99.990000      0           0
   23402.104  0.006989 -0.064826  99.9900000      0.000000     0.000000    0.038456  0.042179  99.9900000  0.001000   0.001000          0.     0.000     0.000     0.000     0.000         0      0      0      0.000000  0.000000  99.990000      0          0        0.000000  0.000000  99.990000      0           0
   23420.366 -0.041518 -0.023890  99.9900000      0.000000     0.000000    0.030189  0.034745  99.9900000  0.001000   0.001000          0.     0.000     0.000     0.000     0.000         0      0      0      0.000000  0.000000  99.990000      0          0        0.000000  0.000000  99.990000      0           0
   23438.628 -0.092650 -0.040539  99.9900000      0.000000     0.000000    0.025040  0.026612  99.9900000  0.001000   0.001000          0.     0.000     0.000     0.000     0.000         0      0      0      0.000000  0.000000  99.990000      0          0        0.000000  0.000000  99.990000      0           0
   23456.890 -0.152848 -0.000660  99.9900000      0.000000     0.000000    0.030782  0.028007  99.9900000  0.001000   0.001000          0.     0.000     0.000     0.000     0.000         0      0      0      0.000000  0.000000  99.990000      0          0        0.000000  0.000000  99.990000      0           0
   23475.152 -0.166655  0.050826  99.9900000      0.000000     0.000000    0.029331  0.027583  99.9900000  0.001000   0.001000          0.     0.000     0.000     0.000     0.000         0      0      0      0.000000  0.000000  99.990000      0          0        0.000000  0.000000  99.990000      0           0
   23493.414 -0.195193  0.104157  99.9900000      0.000000     0.000000    0.020561  0.021937  99.9900000  0.001000   0.001000          0.     0.000     0.000     0.000     0.000         0      0      0      0.000000  0.000000  99.990000      0          0        0.000000  0.000000  99.990000      0           0
   23511.677 -0.177559  0.173482  99.9900000      0.000000     0.000000    0.018508  0.023101  99.9900000  0.001000   0.001000          0.     0.000     0.000     0.000     0.000         0      0      0      0.000000  0.000000  99.990000      0          0        0.000000  0.000000  99.990000      0           0
   23529.939 -0.126551  0.212169  99.9900000      0.000000     0.000000    0.020166  0.025195  99.9900000  0.001000   0.001000          0.     0.000     0.000     0.000     0.000         0      0      0      0.000000  0.000000  99.990000      0          0        0.000000  0.000000  99.990000      0           0
   23548.201 -0.118399  0.245393  99.9900000      0.000000     0.000000    0.020115  0.025249  99.9900000  0.001000   0.001000          0.     0.000     0.000     0.000     0.000         0      0      0      0.000000  0.000000  99.990000      0          0        0.000000  0.000000  99.990000      0           0
   23566.463 -0.097342  0.288359  99.9900000      0.000000     0.000000    0.018623  0.024907  99.9900000  0.001000   0.001000          0.     0.000     0.000     0.000     0.000         0      0      0      0.000000  0.000000  99.990000      0          0        0.000000  0.000000  99.990000      0           0
   23584.725 -0.016357  0.303627  99.9900000      0.000000     0.000000    0.018635  0.025721  99.9900000  0.001000   0.001000          0.     0.000     0.000     0.000     0.000         0      0      0      0.000000  0.000000  99.990000      0          0        0.000000  0.000000  99.990000      0           0
   23602.987  0.035379  0.297574  99.9900000      0.000000     0.000000    0.014604  0.020817  99.9900000  0.001000   0.001000          0.     0.000     0.000     0.000     0.000         0      0      0      0.000000  0.000000  99.990000      0          0        0.000000  0.000000  99.990000      0           0
   23621.249  0.085202  0.263253  99.9900000      0.000000     0.000000    0.016993  0.022231  99.9900000  0.001000   0.001000          0.     0.000     0.000     0.000     0.000         0      0      0      0.000000  0.000000  99.990000      0          0        0.000000  0.000000  99.990000      0           0
   23639.511  0.165681  0.335807  99.9900000      0.000000     0.000000    0.014993  0.020825  99.9900000  0.001000   0.001000          0.     0.000     0.000     0.000     0.000         0      0      0      0.000000  0.000000  99.990000      0          0        0.000000  0.000000  99.990000      0           0
   23657.773  0.202595  0.301312  99.9900000      0.000000     0.000000    0.017887  0.022235  99.9900000  0.001000   0.001000          0.     0.000     0.000     0.000     0.000         0      0      0      0.000000  0.000000  99.990000      0          0        0.000000  0.000000  99.990000      0           0
   23676.035  0.231205  0.264589  99.9900000      0.000000     0.000000    0.018404  0.023151  99.9900000  0.001000   0.001000          0.     0.000     0.000     0.000     0.000         0      0      0      0.000000  0.000000  99.990000      0          0        0.000000  0.000000  99.990000      0           0
   23694.298  0.229336  0.192036  99.9900000      0.000000     0.000000    0.023074  0.021343  99.9900000  0.001000   0.001000          0.     0.000     0.000     0.000     0.000         0      0      0      0.000000  0.000000  99.990000      0          0        0.000000  0.000000  99.990000      0           0
   23712.560  0.178721  0.101614  99.9900000      0.000000     0.000000    0.023874  0.019301  99.9900000  0.001000   0.001000          0.     0.000     0.000     0.000     0.000         0      0      0      0.000000  0.000000  99.990000      0          0        0.000000  0.000000  99.990000      0           0
   23730.822  0.181438  0.098567  99.9900000      0.000000     0.000000    0.027991  0.027191  99.9900000  0.001000   0.001000          0.     0.000     0.000     0.000     0.000         0      0      0      0.000000  0.000000  99.990000      0          0        0.000000  0.000000  99.990000      0           0
   23749.084  0.148208  0.034002  99.9900000      0.000000     0.000000    0.024495  0.023200  99.9900000  0.001000   0.001000          0.     0.000     0.000     0.000     0.000         0      0      0      0.000000  0.000000  99.990000      0          0        0.000000  0.000000  99.990000      0           0
   23767.346  0.095906  0.006801  99.9900000      0.000000     0.000000    0.028778  0.026747  99.9900000  0.001000   0.001000          0.     0.000     0.000     0.000     0.000         0      0      0      0.000000  0.000000  99.990000      0          0        0.000000  0.000000  99.990000      0           0
   23785.608  0.033276  0.013321  99.9900000      0.000000     0.000000    0.030698  0.034041  99.9900000  0.001000   0.001000          0.     0.000     0.000     0.000     0.000         0      0      0      0.000000  0.000000  99.990000      0          0        0.000000  0.000000  99.990000      0           0
   23803.870 -0.014874  0.002919  99.9900000      0.000000     0.000000    0.023280  0.026101  99.9900000  0.001000   0.001000          0.     0.000     0.000     0.000     0.000         0      0      0      0.000000  0.000000  99.990000      0          0        0.000000  0.000000  99.990000      0           0
   23822.132 -0.034033  0.031779  99.9900000      0.000000     0.000000    0.029062  0.029072  99.9900000  0.001000   0.001000          0.     0.000     0.000     0.000     0.000         0      0      0      0.000000  0.000000  99.990000      0          0        0.000000  0.000000  99.990000      0           0
   23840.394 -0.124183  0.016217  99.9900000      0.000000     0.000000    0.034037  0.028290  99.9900000  0.001000   0.001000          0.     0.000     0.000     0.000     0.000         0      0      0      0.000000  0.000000  99.990000      0          0        0.000000  0.000000  99.990000      0           0
   23858.656 -0.110432  0.090283  99.9900000      0.000000     0.000000    0.021023  0.024398  99.9900000  0.001000   0.001000          0.     0.000     0.000     0.000     0.000         0      0      0      0.000000  0.000000  99.990000      0          0        0.000000  0.000000  99.990000      0           0
   23876.918 -0.132661  0.137220  99.9900000      0.000000     0.000000    0.024119  0.023961  99.9900000  0.001000   0.001000          0.     0.000     0.000     0.000     0.000         0      0      0      0.000000  0.000000  99.990000      0          0        0.000000  0.000000  99.990000      0           0
   23895.181 -0.105758  0.158315  99.9900000      0.000000     0.000000    0.016991  0.019451  99.9900000  0.001000   0.001000          0.     0.000     0.000     0.000     0.000         0      0      0      0.000000  0.000000  99.990000      0          0        0.000000  0.000000  99.990000      0           0
   23913.443 -0.087573  0.179906  99.9900000      0.000000     0.000000    0.025654  0.029843  99.9900000  0.001000   0.001000          0.     0.000     0.000     0.000     0.000         0      0      0      0.000000  0.000000  99.990000      0          0        0.000000  0.000000  99.990000      0           0
   23931.705 -0.119539  0.183093  99.9900000      0.000000     0.000000    0.024967  0.035098  99.9900000  0.001000   0.001000          0.     0.000     0.000     0.000     0.000         0      0      0      0.000000  0.000000  99.990000      0          0        0.000000  0.000000  99.990000      0           0
   23949.967 -0.079192  0.200603  99.9900000      0.000000     0.000000    0.017296  0.026756  99.9900000  0.001000   0.001000          0.     0.000     0.000     0.000     0.000         0      0      0      0.000000  0.000000  99.990000      0          0        0.000000  0.000000  99.990000      0           0
   23968.229 -0.039220  0.236359  99.9900000      0.000000     0.000000    0.019531  0.027164  99.9900000  0.001000   0.001000          0.     0.000     0.000     0.000     0.000         0      0      0      0.000000  0.000000  99.990000      0          0        0.000000  0.000000  99.990000      0           0
   23986.491 -0.006578  0.212128  99.9900000      0.000000     0.000000    0.014571  0.016259  99.9900000  0.001000   0.001000          0.     0.000     0.000     0.000     0.000         0      0      0      0.000000  0.000000  99.990000      0          0        0.000000  0.000000  99.990000      0           0
   24004.753  0.061191  0.212620  99.9900000      0.000000     0.000000    0.016351  0.017238  99.9900000  0.001000   0.001000          0.     0.000     0.000     0.000     0.000         0      0      0      0.000000  0.000000  99.990000      0          0        0.000000  0.000000  99.990000      0           0
   24023.015  0.085019  0.229668  99.9900000      0.000000     0.000000    0.027173  0.026887  99.9900000  0.001000   0.001000          0.     0.000     0.000     0.000     0.000         0      0      0      0.000000  0.000000  99.990000      0          0        0.000000  0.000000  99.990000      0           0
   24041.277  0.090280  0.204611  99.9900000      0.000000     0.000000    0.022390  0.029259  99.9900000  0.001000   0.001000          0.     0.000     0.000     0.000     0.000         0      0      0      0.000000  0.000000  99.990000      0          0        0.000000  0.000000  99.990000      0           0
   24059.539  0.093671  0.167238  99.9900000      0.000000     0.000000    0.017071  0.020805  99.9900000  0.001000   0.001000          0.     0.000     0.000     0.000     0.000         0      0      0      0.000000  0.000000  99.990000      0          0        0.000000  0.000000  99.990000      0           0
   24077.802  0.113242  0.135333  99.9900000      0.000000     0.000000    0.019992  0.021334  99.9900000  0.001000   0.001000          0.     0.000     0.000     0.000     0.000         0      0      0      0.000000  0.000000  99.990000      0          0        0.000000  0.000000  99.990000      0           0
   24096.064  0.061416  0.129669  99.9900000      0.000000     0.000000    0.027891  0.026155  99.9900000  0.001000   0.001000          0.     0.000     0.000     0.000     0.000         0      0      0      0.000000  0.000000  99.990000      0          0        0.000000  0.000000  99.990000      0           0
   24114.326  0.092694  0.100262  99.9900000      0.000000     0.000000    0.022659  0.023170  99.9900000  0.001000   0.001000          0.     0.000     0.000     0.000     0.000         0      0      0      0.000000  0.000000  99.990000      0          0        0.000000  0.000000  99.990000      0           0
   24132.588  0.063312  0.118783  99.9900000      0.000000     0.000000    0.025080  0.026438  99.9900000  0.001000   0.001000          0.     0.000     0.000     0.000     0.000         0      0      0      0.000000  0.000000  99.990000      0          0        0.000000  0.000000  99.990000      0           0
   24150.850  0.042316  0.041753  99.9900000      0.000000     0.000000    0.023758  0.029173  99.9900000  0.001000   0.001000          0.     0.000     0.000     0.000     0.000         0      0      0      0.000000  0.000000  99.990000      0          0        0.000000  0.000000  99.990000      0           0
   24169.112  0.024182  0.071128  99.9900000      0.000000     0.000000    0.022610  0.032958  99.9900000  0.001000   0.001000          0.     0.000     0.000     0.000     0.000         0      0      0      0.000000  0.000000  99.990000      0          0        0.000000  0.000000  99.990000      0           0
   24187.374 -0.011188  0.062040  99.9900000      0.000000     0.000000    0.024341  0.026723  99.9900000  0.001000   0.001000          0.     0.000     0.000     0.000     0.000         0      0      0      0.000000  0.000000  99.990000      0          0        0.000000  0.000000  99.990000      0           0
   24205.636 -0.056885  0.017241  99.9900000      0.000000     0.000000    0.027214  0.021886  99.9900000  0.001000   0.001000          0.     0.000     0.000     0.000     0.000         0      0      0      0.000000  0.000000  99.990000      0          0        0.000000  0.000000  99.990000      0           0
   24223.898 -0.048839  0.023200  99.9900000      0.000000     0.000000    0.026860  0.023189  99.9900000  0.001000   0.001000          0.     0.000     0.000     0.000     0.000         0      0      0      0.000000  0.000000  99.990000      0          0        0.000000  0.000000  99.990000      0           0
   24242.161 -0.067692  0.065670  99.9900000      0.000000     0.000000    0.025704  0.026139  99.9900000  0.001000   0.001000          0.     0.000     0.000     0.000     0.000         0      0      0      0.000000  0.000000  99.990000      0          0        0.000000  0.000000  99.990000      0           0
   24260.423 -0.063429  0.126244  99.9900000      0.000000     0.000000    0.022137  0.022828  99.9900000  0.001000   0.001000          0.     0.000     0.000     0.000     0.000         0      0      0      0.000000  0.000000  99.990000      0          0        0.000000  0.000000  99.990000      0           0
   24278.685 -0.025194  0.114422  99.9900000      0.000000     0.000000    0.038330  0.030675  99.9900000  0.001000   0.001000          0.     0.000     0.000     0.000     0.000         0      0      0      0.000000  0.000000  99.990000      0          0        0.000000  0.000000  99.990000      0           0
   24296.947 -0.007956  0.129935  99.9900000      0.000000     0.000000    0.024683  0.026313  99.9900000  0.001000   0.001000          0.     0.000     0.000     0.000     0.000         0      0      0      0.000000  0.000000  99.990000      0          0        0.000000  0.000000  99.990000      0           0
   24315.209 -0.013034  0.146945  99.9900000      0.000000     0.000000    0.018395  0.020871  99.9900000  0.001000   0.001000          0.     0.000     0.000     0.000     0.000         0      0      0      0.000000  0.000000  99.990000      0          0        0.000000  0.000000  99.990000      0           0
   24333.471 -0.000967  0.137170  99.9900000      0.000000     0.000000    0.022074  0.025011  99.9900000  0.001000   0.001000          0.     0.000     0.000     0.000     0.000         0      0      0      0.000000  0.000000  99.990000      0          0        0.000000  0.000000  99.990000      0           0
   24351.733  0.001468  0.154058  99.9900000      0.000000     0.000000    0.017220  0.021172  99.9900000  0.001000   0.001000          0.     0.000     0.000     0.000     0.000         0      0      0      0.000000  0.000000  99.990000      0          0        0.000000  0.000000  99.990000      0           0
   24369.995  0.040730  0.148543  99.9900000      0.000000     0.000000    0.021242  0.024771  99.9900000  0.001000   0.001000          0.     0.000     0.000     0.000     0.000         0      0      0      0.000000  0.000000  99.990000      0          0        0.000000  0.000000  99.990000      0           0
   24388.257  0.056633  0.120010  99.9900000      0.000000     0.000000    0.017785  0.017921  99.9900000  0.001000   0.001000          0.     0.000     0.000     0.000     0.000         0      0      0      0.000000  0.000000  99.990000      0          0        0.000000  0.000000  99.990000      0           0
   24406.519  0.066543  0.083016  99.9900000      0.000000     0.000000    0.022866  0.023231  99.9900000  0.001000   0.001000          0.     0.000     0.000     0.000     0.000         0      0      0      0.000000  0.000000  99.990000      0          0        0.000000  0.000000  99.990000      0           0
   24424.782  0.052439  0.076173  99.9900000      0.000000     0.000000    0.031861  0.029753  99.9900000  0.001000   0.001000          0.     0.000     0.000     0.000     0.000         0      0      0      0.000000  0.000000  99.990000      0          0        0.000000  0.000000  99.990000      0           0
   24443.044  0.061751  0.096801  99.9900000      0.000000     0.000000    0.021232  0.025921  99.9900000  0.001000   0.001000          0.     0.000     0.000     0.000     0.000         0      0      0      0.000000  0.000000  99.990000      0          0        0.000000  0.000000  99.990000      0           0
   24461.306 -0.017874  0.053598  99.9900000      0.000000     0.000000    0.034438  0.032835  99.9900000  0.001000   0.001000          0.     0.000     0.000     0.000     0.000         0      0      0      0.000000  0.000000  99.990000      0          0        0.000000  0.000000  99.990000      0           0
   24479.568  0.039876  0.065320  99.9900000      0.000000     0.000000    0.024500  0.026105  99.9900000  0.001000   0.001000          0.     0.000     0.000     0.000     0.000         0      0      0      0.000000  0.000000  99.990000      0          0        0.000000  0.000000  99.990000      0           0
   24497.830  0.055118  0.074579  99.9900000      0.000000     0.000000    0.035546  0.028605  99.9900000  0.001000   0.001000          0.     0.000     0.000     0.000     0.000         0      0      0      0.000000  0.000000  99.990000      0          0        0.000000  0.000000  99.990000      0           0
   24516.092 -0.085007  0.005565  99.9900000      0.000000     0.000000    0.028139  0.027338  99.9900000  0.001000   0.001000          0.     0.000     0.000     0.000     0.000         0      0      0      0.000000  0.000000  99.990000      0          0        0.000000  0.000000  99.990000      0           0
   24534.354 -0.068541  0.003733  99.9900000      0.000000     0.000000    0.030561  0.031765  99.9900000  0.001000   0.001000          0.     0.000     0.000     0.000     0.000         0      0      0      0.000000  0.000000  99.990000      0          0        0.000000  0.000000  99.990000      0           0
   24552.616  0.013572  0.038795  99.9900000      0.000000     0.000000    0.039392  0.033442  99.9900000  0.001000   0.001000          0.     0.000     0.000     0.000     0.000         0      0      0      0.000000  0.000000  99.990000      0          0        0.000000  0.000000  99.990000      0           0
   24570.878 -0.100278  0.046312  99.9900000      0.000000     0.000000    0.029123  0.023082  99.9900000  0.001000   0.001000          0.     0.000     0.000     0.000     0.000         0      0      0      0.000000  0.000000  99.990000      0          0        0.000000  0.000000  99.990000      0           0
   24589.140 -0.142076  0.064777  99.9900000      0.000000     0.000000    0.029341  0.028854  99.9900000  0.001000   0.001000          0.     0.000     0.000     0.000     0.000         0      0      0      0.000000  0.000000  99.990000      0          0        0.000000  0.000000  99.990000      0           0
   24607.403 -0.108682  0.109794  99.9900000      0.000000     0.000000    0.017404  0.020210  99.9900000  0.001000   0.001000          0.     0.000     0.000     0.000     0.000         0      0      0      0.000000  0.000000  99.990000      0          0        0.000000  0.000000  99.990000      0           0
   24625.665 -0.105505  0.143589  99.9900000      0.000000     0.000000    0.026705  0.023958  99.9900000  0.001000   0.001000          0.     0.000     0.000     0.000     0.000         0      0      0      0.000000  0.000000  99.990000      0          0        0.000000  0.000000  99.990000      0           0
   24643.927 -0.102810  0.163349  99.9900000      0.000000     0.000000    0.026536  0.026603  99.9900000  0.001000   0.001000          0.     0.000     0.000     0.000     0.000         0      0      0      0.000000  0.000000  99.990000      0          0        0.000000  0.000000  99.990000      0           0
   24662.189 -0.087014  0.170337  99.9900000      0.000000     0.000000    0.024677  0.022435  99.9900000  0.001000   0.001000          0.     0.000     0.000     0.000     0.000         0      0      0      0.000000  0.000000  99.990000      0          0        0.000000  0.000000  99.990000      0           0
   24680.451 -0.054544  0.170732  99.9900000      0.000000     0.000000    0.026269  0.025040  99.9900000  0.001000   0.001000          0.     0.000     0.000     0.000     0.000         0      0      0      0.000000  0.000000  99.990000      0          0        0.000000  0.000000  99.990000      0           0
   24698.713 -0.017172  0.205215  99.9900000      0.000000     0.000000    0.018107  0.018926  99.9900000  0.001000   0.001000          0.     0.000     0.000     0.000     0.000         0      0      0      0.000000  0.000000  99.990000      0          0        0.000000  0.000000  99.990000      0           0
   24716.975 -0.008008  0.173466  99.9900000      0.000000     0.000000    0.019552  0.021132  99.9900000  0.001000   0.001000          0.     0.000     0.000     0.000     0.000         0      0      0      0.000000  0.000000  99.990000      0          0        0.000000  0.000000  99.990000      0           0
   24735.237  0.030137  0.205900  99.9900000      0.000000     0.000000    0.027308  0.024403  99.9900000  0.001000   0.001000          0.     0.000     0.000     0.000     0.000         0      0      0      0.000000  0.000000  99.990000      0          0        0.000000  0.000000  99.990000      0           0
   24753.499  0.051908  0.224519  99.9900000      0.000000     0.000000    0.023890  0.025914  99.9900000  0.001000   0.001000          0.     0.000     0.000     0.000     0.000         0      0      0      0.000000  0.000000  99.990000      0          0        0.000000  0.000000  99.990000      0           0
   24771.761  0.037415  0.181364  99.9900000      0.000000     0.000000    0.020714  0.026550  99.9900000  0.001000   0.001000          0.     0.000     0.000     0.000     0.000         0      0      0      0.000000  0.000000  99.990000      0          0        0.000000  0.000000  99.990000      0           0
   24790.023  0.055209  0.142935  99.9900000      0.000000     0.000000    0.028306  0.027256  99.9900000  0.001000   0.001000          0.     0.000     0.000     0.000     0.000         0      0      0      0.000000  0.000000  99.990000      0          0        0.000000  0.000000  99.990000      0           0
   24808.286  0.035846  0.144296  99.9900000      0.000000     0.000000    0.026303  0.020379  99.9900000  0.001000   0.001000          0.     0.000     0.000     0.000     0.000         0      0      0      0.000000  0.000000  99.990000      0          0        0.000000  0.000000  99.990000      0           0
   24826.548  0.028669  0.166914  99.9900000      0.000000     0.000000    0.040110  0.035808  99.9900000  0.001000   0.001000          0.     0.000     0.000     0.000     0.000         0      0      0      0.000000  0.000000  99.990000      0          0        0.000000  0.000000  99.990000      0           0
   24844.810  0.038824  0.142260  99.9900000      0.000000     0.000000    0.044618  0.036650  99.9900000  0.001000   0.001000          0.     0.000     0.000     0.000     0.000         0      0      0      0.000000  0.000000  99.990000      0          0        0.000000  0.000000  99.990000      0           0
   24863.072  0.003354  0.129156  99.9900000      0.000000     0.000000    0.033375  0.032489  99.9900000  0.001000   0.001000          0.     0.000     0.000     0.000     0.000         0      0      0      0.000000  0.000000  99.990000      0          0        0.000000  0.000000  99.990000      0           0
   24881.334 -0.000046  0.158490  99.9900000      0.000000     0.000000    0.031625  0.028229  99.9900000  0.001000   0.001000          0.     0.000     0.000     0.000     0.000         0      0      0      0.000000  0.000000  99.990000      0          0        0.000000  0.000000  99.990000      0           0
   24899.596 -0.050332  0.164808  99.9900000      0.000000     0.000000    0.031603  0.025845  99.9900000  0.001000   0.001000          0.     0.000     0.000     0.000     0.000         0      0      0      0.000000  0.000000  99.990000      0          0        0.000000  0.000000  99.990000      0           0
   24917.858  0.029088  0.102139  99.9900000      0.000000     0.000000    0.027772  0.029775  99.9900000  0.001000   0.001000          0.     0.000     0.000     0.000     0.000         0      0      0      0.000000  0.000000  99.990000      0          0        0.000000  0.000000  99.990000      0           0
   24936.120  0.037036  0.086853  99.9900000      0.000000     0.000000    0.031364  0.032373  99.9900000  0.001000   0.001000          0.     0.000     0.000     0.000     0.000         0      0      0      0.000000  0.000000  99.990000      0          0        0.000000  0.000000  99.990000      0           0
   24954.382 -0.007533  0.131804  99.9900000      0.000000     0.000000    0.023569  0.024070  99.9900000  0.001000   0.001000          0.     0.000     0.000     0.000     0.000         0      0      0      0.000000  0.000000  99.990000      0          0        0.000000  0.000000  99.990000      0           0
   24972.644 -0.029551  0.152445  99.9900000      0.000000     0.000000    0.021450  0.024302  99.9900000  0.001000   0.001000          0.     0.000     0.000     0.000     0.000         0      0      0      0.000000  0.000000  99.990000      0          0        0.000000  0.000000  99.990000      0           0
   24990.907 -0.009693  0.157635  99.9900000      0.000000     0.000000    0.022722  0.024218  99.9900000  0.001000   0.001000          0.     0.000     0.000     0.000     0.000         0      0      0      0.000000  0.000000  99.990000      0          0        0.000000  0.000000  99.990000      0           0
   25009.169 -0.019673  0.135203  99.9900000      0.000000     0.000000    0.026500  0.030467  99.9900000  0.001000   0.001000          0.     0.000     0.000     0.000     0.000         0      0      0      0.000000  0.000000  99.990000      0          0        0.000000  0.000000  99.990000      0           0
   25027.431  0.033001  0.185926  99.9900000      0.000000     0.000000    0.024977  0.021730  99.9900000  0.001000   0.001000          0.     0.000     0.000     0.000     0.000         0      0      0      0.000000  0.000000  99.990000      0          0        0.000000  0.000000  99.990000      0           0
   25045.693  0.018157  0.169289  99.9900000      0.000000     0.000000    0.021711  0.018743  99.9900000  0.001000   0.001000          0.     0.000     0.000     0.000     0.000         0      0      0      0.000000  0.000000  99.990000      0          0        0.000000  0.000000  99.990000      0           0
   25063.955  0.034741  0.151490  99.9900000      0.000000     0.000000    0.018861  0.020141  99.9900000  0.001000   0.001000          0.     0.000     0.000     0.000     0.000         0      0      0      0.000000  0.000000  99.990000      0          0        0.000000  0.000000  99.990000      0           0
   25082.217  0.028680  0.169100  99.9900000      0.000000     0.000000    0.019571  0.020547  99.9900000  0.001000   0.001000          0.     0.000     0.000     0.000     0.000         0      0      0      0.000000  0.000000  99.990000      0          0        0.000000  0.000000  99.990000      0           0
   25100.479  0.043928  0.119870  99.9900000      0.000000     0.000000    0.017392  0.021815  99.9900000  0.001000   0.001000          0.     0.000     0.000     0.000     0.000         0      0      0      0.000000  0.000000  99.990000      0          0        0.000000  0.000000  99.990000      0           0
   25118.741  0.051333  0.103412  99.9900000      0.000000     0.000000    0.018770  0.022667  99.9900000  0.001000   0.001000          0.     0.000     0.000     0.000     0.000         0      0      0      0.000000  0.000000  99.990000      0          0        0.000000  0.000000  99.990000      0           0
   25137.003  0.040910  0.091008  99.9900000      0.000000     0.000000    0.021841  0.020888  99.9900000  0.001000   0.001000          0.     0.000     0.000     0.000     0.000         0      0      0      0.000000  0.000000  99.990000      0          0        0.000000  0.000000  99.990000      0           0
   25155.266  0.009087  0.100849  99.9900000      0.000000     0.000000    0.017576  0.018113  99.9900000  0.001000   0.001000          0.     0.000     0.000     0.000     0.000         0      0      0      0.000000  0.000000  99.990000      0          0        0.000000  0.000000  99.990000      0           0
   25173.528  0.025981  0.081231  99.9900000      0.000000     0.000000    0.016503  0.017264  99.9900000  0.001000   0.001000          0.     0.000     0.000     0.000     0.000         0      0      0      0.000000  0.000000  99.990000      0          0        0.000000  0.000000  99.990000      0           0
   25191.790 -0.014524  0.066877  99.9900000      0.000000     0.000000    0.025717  0.028089  99.9900000  0.001000   0.001000          0.     0.000     0.000     0.000     0.000         0      0      0      0.000000  0.000000  99.990000      0          0        0.000000  0.000000  99.990000      0           0
   25210.052 -0.054916  0.116248  99.9900000      0.000000     0.000000    0.023742  0.024753  99.9900000  0.001000   0.001000          0.     0.000     0.000     0.000     0.000         0      0      0      0.000000  0.000000  99.990000      0          0        0.000000  0.000000  99.990000      0           0
   25228.314 -0.086707  0.105425  99.9900000      0.000000     0.000000    0.035796  0.028354  99.9900000  0.001000   0.001000          0.     0.000     0.000     0.000     0.000         0      0      0      0.000000  0.000000  99.990000      0          0        0.000000  0.000000  99.990000      0           0
   25246.576 -0.055515  0.134284  99.9900000      0.000000     0.000000    0.043282  0.021616  99.9900000  0.001000   0.001000          0.     0.000     0.000     0.000     0.000         0      0      0      0.000000  0.000000  99.990000      0          0        0.000000  0.000000  99.990000      0           0
   25264.838 -0.092676  0.117611  99.9900000      0.000000     0.000000    0.025149  0.026284  99.9900000  0.001000   0.001000          0.     0.000     0.000     0.000     0.000         0      0      0      0.000000  0.000000  99.990000      0          0        0.000000  0.000000  99.990000      0           0
   25283.100 -0.098647  0.135461  99.9900000      0.000000     0.000000    0.025330  0.035419  99.9900000  0.001000   0.001000          0.     0.000     0.000     0.000     0.000         0      0      0      0.000000  0.000000  99.990000      0          0        0.000000  0.000000  99.990000      0           0
   25301.362 -0.050873  0.140467  99.9900000      0.000000     0.000000    0.025597  0.024824  99.9900000  0.001000   0.001000          0.     0.000     0.000     0.000     0.000         0      0      0      0.000000  0.000000  99.990000      0          0        0.000000  0.000000  99.990000      0           0
   25319.624 -0.066380  0.173138  99.9900000      0.000000     0.000000    0.022348  0.023550  99.9900000  0.001000   0.001000          0.     0.000     0.000     0.000     0.000         0      0      0      0.000000  0.000000  99.990000      0          0        0.000000  0.000000  99.990000      0           0
   25337.887 -0.078243  0.133684  99.9900000      0.000000     0.000000    0.023781  0.022492  99.9900000  0.001000   0.001000          0.     0.000     0.000     0.000     0.000         0      0      0      0.000000  0.000000  99.990000      0          0        0.000000  0.000000  99.990000      0           0
   25356.149 -0.047278  0.150175  99.9900000      0.000000     0.000000    0.026128  0.029525  99.9900000  0.001000   0.001000          0.     0.000     0.000     0.000     0.000         0      0      0      0.000000  0.000000  99.990000      0          0        0.000000  0.000000  99.990000      0           0
   25374.411 -0.042094  0.201859  99.9900000      0.000000     0.000000    0.021418  0.025252  99.9900000  0.001000   0.001000          0.     0.000     0.000     0.000     0.000         0      0      0      0.000000  0.000000  99.990000      0          0        0.000000  0.000000  99.990000      0           0
   25392.673 -0.026135  0.225586  99.9900000      0.000000     0.000000    0.017228  0.023064  99.9900000  0.001000   0.001000          0.     0.000     0.000     0.000     0.000         0      0      0      0.000000  0.000000  99.990000      0          0        0.000000  0.000000  99.990000      0           0
   25410.935 -0.024212  0.178947  99.9900000      0.000000     0.000000    0.017524  0.024204  99.9900000  0.001000   0.001000          0.     0.000     0.000     0.000     0.000         0      0      0      0.000000  0.000000  99.990000      0          0        0.000000  0.000000  99.990000      0           0
   25429.197 -0.000536  0.148390  99.9900000      0.000000     0.000000    0.017302  0.023999  99.9900000  0.001000   0.001000          0.     0.000     0.000     0.000     0.000         0      0      0      0.000000  0.000000  99.990000      0          0        0.000000  0.000000  99.990000      0           0
   25447.459  0.012814  0.177324  99.9900000      0.000000     0.000000    0.015239  0.018811  99.9900000  0.001000   0.001000          0.     0.000     0.000     0.000     0.000         0      0      0      0.000000  0.000000  99.990000      0          0        0.000000  0.000000  99.990000      0           0
   25465.721  0.050495  0.149544  99.9900000      0.000000     0.000000    0.017633  0.022803  99.9900000  0.001000   0.001000          0.     0.000     0.000     0.000     0.000         0      0      0      0.000000  0.000000  99.990000      0          0        0.000000  0.000000  99.990000      0           0
   25483.983  0.057750  0.137946  99.9900000      0.000000     0.000000    0.018190  0.021887  99.9900000  0.001000   0.001000          0.     0.000     0.000     0.000     0.000         0      0      0      0.000000  0.000000  99.990000      0          0        0.000000  0.000000  99.990000      0           0
   25502.245  0.042312  0.123508  99.9900000      0.000000     0.000000    0.021551  0.025109  99.9900000  0.001000   0.001000          0.     0.000     0.000     0.000     0.000         0      0      0      0.000000  0.000000  99.990000      0          0        0.000000  0.000000  99.990000      0           0
   25520.507 -0.011674  0.143999  99.9900000      0.000000     0.000000    0.022920  0.024942  99.9900000  0.001000   0.001000          0.     0.000     0.000     0.000     0.000         0      0      0      0.000000  0.000000  99.990000      0          0        0.000000  0.000000  99.990000      0           0
   25538.770 -0.047212  0.125909  99.9900000      0.000000     0.000000    0.026372  0.022773  99.9900000  0.001000   0.001000          0.     0.000     0.000     0.000     0.000         0      0      0      0.000000  0.000000  99.990000      0          0        0.000000  0.000000  99.990000      0           0
   25557.032 -0.102015  0.145824  99.9900000      0.000000     0.000000    0.047729  0.034500  99.9900000  0.001000   0.001000          0.     0.000     0.000     0.000     0.000         0      0      0      0.000000  0.000000  99.990000      0          0        0.000000  0.000000  99.990000      0           0
   25575.294 -0.046237  0.151788  99.9900000      0.000000     0.000000    0.024912  0.032157  99.9900000  0.001000   0.001000          0.     0.000     0.000     0.000     0.000         0      0      0      0.000000  0.000000  99.990000      0          0        0.000000  0.000000  99.990000      0           0
   25593.556 -0.059162  0.210514  99.9900000      0.000000     0.000000    0.032176  0.030111  99.9900000  0.001000   0.001000          0.     0.000     0.000     0.000     0.000         0      0      0      0.000000  0.000000  99.990000      0          0        0.000000  0.000000  99.990000      0           0
   25611.818 -0.088371  0.202788  99.9900000      0.000000     0.000000    0.035681  0.030150  99.9900000  0.001000   0.001000          0.     0.000     0.000     0.000     0.000         0      0      0      0.000000  0.000000  99.990000      0          0        0.000000  0.000000  99.990000      0           0
   25630.080 -0.114921  0.218489  99.9900000      0.000000     0.000000    0.034285  0.032050  99.9900000  0.001000   0.001000          0.     0.000     0.000     0.000     0.000         0      0      0      0.000000  0.000000  99.990000      0          0        0.000000  0.000000  99.990000      0           0
   25648.342 -0.033139  0.243890  99.9900000      0.000000     0.000000    0.034598  0.025642  99.9900000  0.001000   0.001000          0.     0.000     0.000     0.000     0.000         0      0      0      0.000000  0.000000  99.990000      0          0        0.000000  0.000000  99.990000      0           0
   25666.604 -0.039414  0.213456  99.9900000      0.000000     0.000000    0.028277  0.025393  99.9900000  0.001000   0.001000          0.     0.000     0.000     0.000     0.000         0      0      0      0.000000  0.000000  99.990000      0          0        0.000000  0.000000  99.990000      0           0
   25684.866 -0.042657  0.187741  99.9900000      0.000000     0.000000    0.019727  0.021934  99.9900000  0.001000   0.001000          0.     0.000     0.000     0.000     0.000         0      0      0      0.000000  0.000000  99.990000      0          0        0.000000  0.000000  99.990000      0           0
   25703.128 -0.006608  0.238637  99.9900000      0.000000     0.000000    0.026228  0.028074  99.9900000  0.001000   0.001000          0.     0.000     0.000     0.000     0.000         0      0      0      0.000000  0.000000  99.990000      0          0        0.000000  0.000000  99.990000      0           0
   25721.391  0.019981  0.269676  99.9900000      0.000000     0.000000    0.027480  0.030470  99.9900000  0.001000   0.001000          0.     0.000     0.000     0.000     0.000         0      0      0      0.000000  0.000000  99.990000      0          0        0.000000  0.000000  99.990000      0           0
   25739.653  0.039056  0.264821  99.9900000      0.000000     0.000000    0.028722  0.027017  99.9900000  0.001000   0.001000          0.     0.000     0.000     0.000     0.000         0      0      0      0.000000  0.000000  99.990000      0          0        0.000000  0.000000  99.990000      0           0
   25757.915  0.078762  0.226858  99.9900000      0.000000     0.000000    0.022046  0.027857  99.9900000  0.001000   0.001000          0.     0.000     0.000     0.000     0.000         0      0      0      0.000000  0.000000  99.990000      0          0        0.000000  0.000000  99.990000      0           0
   25776.177  0.106315  0.203804  99.9900000      0.000000     0.000000    0.017116  0.025667  99.9900000  0.001000   0.001000          0.     0.000     0.000     0.000     0.000         0      0      0      0.000000  0.000000  99.990000      0          0        0.000000  0.000000  99.990000      0           0
   25794.439  0.130394  0.227883  99.9900000      0.000000     0.000000    0.017620  0.023399  99.9900000  0.001000   0.001000          0.     0.000     0.000     0.000     0.000         0      0      0      0.000000  0.000000  99.990000      0          0        0.000000  0.000000  99.990000      0           0
   25812.701  0.140724  0.173692  99.9900000      0.000000     0.000000    0.013702  0.021298  99.9900000  0.001000   0.001000          0.     0.000     0.000     0.000     0.000         0      0      0      0.000000  0.000000  99.990000      0          0        0.000000  0.000000  99.990000      0           0
   25830.963  0.110667  0.124620  99.9900000      0.000000     0.000000    0.016216  0.019483  99.9900000  0.001000   0.001000          0.     0.000     0.000     0.000     0.000         0      0      0      0.000000  0.000000  99.990000      0          0        0.000000  0.000000  99.990000      0           0
   25849.225  0.139780  0.095759  99.9900000      0.000000     0.000000    0.016697  0.018390  99.9900000  0.001000   0.001000          0.     0.000     0.000     0.000     0.000         0      0      0      0.000000  0.000000  99.990000      0          0        0.000000  0.000000  99.990000      0           0
   25867.487  0.126327  0.087399  99.9900000      0.000000     0.000000    0.032043  0.027918  99.9900000  0.001000   0.001000          0.     0.000     0.000     0.000     0.000         0      0      0      0.000000  0.000000  99.990000      0          0        0.000000  0.000000  99.990000      0           0
   25885.750  0.053999  0.043428  99.9900000      0.000000     0.000000    0.022107  0.024662  99.9900000  0.001000   0.001000          0.     0.000     0.000     0.000     0.000         0      0      0      0.000000  0.000000  99.990000      0          0        0.000000  0.000000  99.990000      0           0
   25904.012 -0.022496  0.024708  99.9900000      0.000000     0.000000    0.022703  0.020449  99.9900000  0.001000   0.001000          0.     0.000     0.000     0.000     0.000         0      0      0      0.000000  0.000000  99.990000      0          0        0.000000  0.000000  99.990000      0           0
   25922.274 -0.054861  0.038410  99.9900000      0.000000     0.000000    0.028160  0.025299  99.9900000  0.001000   0.001000          0.     0.000     0.000     0.000     0.000         0      0      0      0.000000  0.000000  99.990000      0          0        0.000000  0.000000  99.990000      0           0
   25940.536 -0.059844  0.058376  99.9900000      0.000000     0.000000    0.022877  0.022197  99.9900000  0.001000   0.001000          0.     0.000     0.000     0.000     0.000         0      0      0      0.000000  0.000000  99.990000      0          0        0.000000  0.000000  99.990000      0           0
   25958.798 -0.078795  0.089121  99.9900000      0.000000     0.000000    0.027908  0.043927  99.9900000  0.001000   0.001000          0.     0.000     0.000     0.000     0.000         0      0      0      0.000000  0.000000  99.990000      0          0        0.000000  0.000000  99.990000      0           0
   25977.060 -0.144225  0.090483  99.9900000      0.000000     0.000000    0.028798  0.028507  99.9900000  0.001000   0.001000          0.     0.000     0.000     0.000     0.000         0      0      0      0.000000  0.000000  99.990000      0          0        0.000000  0.000000  99.990000      0           0
   25995.322 -0.150330  0.145613  99.9900000      0.000000     0.000000    0.023019  0.033519  99.9900000  0.001000   0.001000          0.     0.000     0.000     0.000     0.000         0      0      0      0.000000  0.000000  99.990000      0          0        0.000000  0.000000  99.990000      0           0
   26013.584 -0.153278  0.173058  99.9900000      0.000000     0.000000    0.027573  0.025318  99.9900000  0.001000   0.001000          0.     0.000     0.000     0.000     0.000         0      0      0      0.000000  0.000000  99.990000      0          0        0.000000  0.000000  99.990000      0           0
   26031.846 -0.158034  0.208170  99.9900000      0.000000     0.000000    0.024682  0.022779  99.9900000  0.001000   0.001000          0.     0.000     0.000     0.000     0.000         0      0      0      0.000000  0.000000  99.990000      0          0        0.000000  0.000000  99.990000      0           0
   26050.108 -0.124336  0.236569  99.9900000      0.000000     0.000000    0.024106  0.020215  99.9900000  0.001000   0.001000          0.     0.000     0.000     0.000     0.000         0      0      0      0.000000  0.000000  99.990000      0          0        0.000000  0.000000  99.990000      0           0
   26068.371 -0.101157  0.289463  99.9900000      0.000000     0.000000    0.021859  0.021930  99.9900000  0.001000   0.001000          0.     0.000     0.000     0.000     0.000         0      0      0      0.000000  0.000000  99.990000      0          0        0.000000  0.000000  99.990000      0           0
   26086.633 -0.064740  0.265352  99.9900000      0.000000     0.000000    0.022934  0.024942  99.9900000  0.001000   0.001000          0.     0.000     0.000     0.000     0.000         0      0      0      0.000000  0.000000  99.990000      0          0        0.000000  0.000000  99.990000      0           0
   26104.895 -0.039309  0.272282  99.9900000      0.000000     0.000000    0.025285  0.028617  99.9900000  0.001000   0.001000          0.     0.000     0.000     0.000     0.000         0      0      0      0.000000  0.000000  99.990000      0          0        0.000000  0.000000  99.990000      0           0
   26123.157  0.034293  0.307748  99.9900000      0.000000     0.000000    0.022743  0.022029  99.9900000  0.001000   0.001000          0.     0.000     0.000     0.000     0.000         0      0      0      0.000000  0.000000  99.990000      0          0        0.000000  0.000000  99.990000      0           0
   26141.419  0.050020  0.273250  99.9900000      0.000000     0.000000    0.019216  0.024174  99.9900000  0.001000   0.001000          0.     0.000     0.000     0.000     0.000         0      0      0      0.000000  0.000000  99.990000      0          0        0.000000  0.000000  99.990000      0           0
   26159.681  0.120273  0.243376  99.9900000      0.000000     0.000000    0.019041  0.020852  99.9900000  0.001000   0.001000          0.     0.000     0.000     0.000     0.000         0      0      0      0.000000  0.000000  99.990000      0          0        0.000000  0.000000  99.990000      0           0
   26177.943  0.154921  0.223153  99.9900000      0.000000     0.000000    0.020414  0.021114  99.9900000  0.001000   0.001000          0.     0.000     0.000     0.000     0.000         0      0      0      0.000000  0.000000  99.990000      0          0        0.000000  0.000000  99.990000      0           0
   26196.205  0.136756  0.168382  99.9900000      0.000000     0.000000    0.017474  0.021929  99.9900000  0.001000   0.001000          0.     0.000     0.000     0.000     0.000         0      0      0      0.000000  0.000000  99.990000      0          0        0.000000  0.000000  99.990000      0           0
   26214.467  0.173264  0.146227  99.9900000      0.000000     0.000000    0.018303  0.025330  99.9900000  0.001000   0.001000          0.     0.000     0.000     0.000     0.000         0      0      0      0.000000  0.000000  99.990000      0          0        0.000000  0.000000  99.990000      0           0
   26232.729  0.147343  0.070101  99.9900000      0.000000     0.000000    0.019982  0.026216  99.9900000  0.001000   0.001000          0.     0.000     0.000     0.000     0.000         0      0      0      0.000000  0.000000  99.990000      0          0        0.000000  0.000000  99.990000      0           0
   26250.992  0.118889  0.063865  99.9900000      0.000000     0.000000    0.016304  0.019511  99.9900000  0.001000   0.001000          0.     0.000     0.000     0.000     0.000         0      0      0      0.000000  0.000000  99.990000      0          0        0.000000  0.000000  99.990000      0           0
   26269.254  0.057401  0.057226  99.9900000      0.000000     0.000000    0.021276  0.018433  99.9900000  0.001000   0.001000          0.     0.000     0.000     0.000     0.000         0      0      0      0.000000  0.000000  99.990000      0          0        0.000000  0.000000  99.990000      0           0
   26287.516  0.013138  0.060245  99.9900000      0.000000     0.000000    0.031991  0.036274  99.9900000  0.001000   0.001000          0.     0.000     0.000     0.000     0.000         0      0      0      0.000000  0.000000  99.990000      0          0        0.000000  0.000000  99.990000      0           0
   26305.778 -0.019943  0.082263  99.9900000      0.000000     0.000000    0.024830  0.027675  99.9900000  0.001000   0.001000          0.     0.000     0.000     0.000     0.000         0      0      0      0.000000  0.000000  99.990000      0          0        0.000000  0.000000  99.990000      0           0
   26324.040 -0.121577  0.055034  99.9900000      0.000000     0.000000    0.027852  0.023662  99.9900000  0.001000   0.001000          0.     0.000     0.000     0.000     0.000         0      0      0      0.000000  0.000000  99.990000      0          0        0.000000  0.000000  99.990000      0           0
   26342.302 -0.257157  0.077447  99.9900000      0.000000     0.000000    0.051590  0.026042  99.9900000  0.001000   0.001000          0.     0.000     0.000     0.000     0.000         0      0      0      0.000000  0.000000  99.990000      0          0        0.000000  0.000000  99.990000      0           0
   26360.564 -0.219141  0.114751  99.9900000      0.000000     0.000000    0.036546  0.025804  99.9900000  0.001000   0.001000          0.     0.000     0.000     0.000     0.000         0      0      0      0.000000  0.000000  99.990000      0          0        0.000000  0.000000  99.990000      0           0
   26378.826 -0.183603  0.142267  99.9900000      0.000000     0.000000    0.032868  0.029800  99.9900000  0.001000   0.001000          0.     0.000     0.000     0.000     0.000         0      0      0      0.000000  0.000000  99.990000      0          0        0.000000  0.000000  99.990000      0           0
   26397.088 -0.194803  0.203073  99.9900000      0.000000     0.000000    0.033579  0.026229  99.9900000  0.001000   0.001000          0.     0.000     0.000     0.000     0.000         0      0      0      0.000000  0.000000  99.990000      0          0        0.000000  0.000000  99.990000      0           0
   26415.350 -0.174758  0.251177  99.9900000      0.000000     0.000000    0.024248  0.025749  99.9900000  0.001000   0.001000          0.     0.000     0.000     0.000     0.000         0      0      0      0.000000  0.000000  99.990000      0          0        0.000000  0.000000  99.990000      0           0
   26433.612 -0.163182  0.276667  99.9900000      0.000000     0.000000    0.022946  0.022097  99.9900000  0.001000   0.001000          0.     0.000     0.000     0.000     0.000         0      0      0      0.000000  0.000000  99.990000      0          0        0.000000  0.000000  99.990000      0           0
   26451.875 -0.148562  0.301429  99.9900000      0.000000     0.000000    0.021087  0.017526  99.9900000  0.001000   0.001000          0.     0.000     0.000     0.000     0.000         0      0      0      0.000000  0.000000  99.990000      0          0        0.000000  0.000000  99.990000      0           0
   26470.137 -0.083676  0.337372  99.9900000      0.000000     0.000000    0.019216  0.024513  99.9900000  0.001000   0.001000          0.     0.000     0.000     0.000     0.000         0      0      0      0.000000  0.000000  99.990000      0          0        0.000000  0.000000  99.990000      0           0
   26488.399 -0.028215  0.350372  99.9900000      0.000000     0.000000    0.019497  0.019938  99.9900000  0.001000   0.001000          0.     0.000     0.000     0.000     0.000         0      0      0      0.000000  0.000000  99.990000      0          0        0.000000  0.000000  99.990000      0           0
   26506.661  0.032585  0.350819  99.9900000      0.000000     0.000000    0.021529  0.022019  99.9900000  0.001000   0.001000          0.     0.000     0.000     0.000     0.000         0      0      0      0.000000  0.000000  99.990000      0          0        0.000000  0.000000  99.990000      0           0
   26524.923  0.100440  0.344451  99.9900000      0.000000     0.000000    0.021816  0.023473  99.9900000  0.001000   0.001000          0.     0.000     0.000     0.000     0.000         0      0      0      0.000000  0.000000  99.990000      0          0        0.000000  0.000000  99.990000      0           0
   26543.185  0.155033  0.301240  99.9900000      0.000000     0.000000    0.016659  0.019060  99.9900000  0.001000   0.001000          0.     0.000     0.000     0.000     0.000         0      0      0      0.000000  0.000000  99.990000      0          0        0.000000  0.000000  99.990000      0           0
   26561.447  0.192053  0.256168  99.9900000      0.000000     0.000000    0.018444  0.019392  99.9900000  0.001000   0.001000          0.     0.000     0.000     0.000     0.000         0      0      0      0.000000  0.000000  99.990000      0          0        0.000000  0.000000  99.990000      0           0
   26579.709  0.200982  0.224017  99.9900000      0.000000     0.000000    0.017447  0.019756  99.9900000  0.001000   0.001000          0.     0.000     0.000     0.000     0.000         0      0      0      0.000000  0.000000  99.990000      0          0        0.000000  0.000000  99.990000      0           0
   26597.971  0.206871  0.153811  99.9900000      0.000000     0.000000    0.023577  0.016590  99.9900000  0.001000   0.001000          0.     0.000     0.000     0.000     0.000         0      0      0      0.000000  0.000000  99.990000      0          0        0.000000  0.000000  99.990000      0           0
   26616.233  0.165605  0.109254  99.9900000      0.000000     0.000000    0.017639  0.018136  99.9900000  0.001000   0.001000          0.     0.000     0.000     0.000     0.000         0      0      0      0.000000  0.000000  99.990000      0          0        0.000000  0.000000  99.990000      0           0
   26634.496  0.102152  0.030831  99.9900000      0.000000     0.000000    0.018835  0.017389  99.9900000  0.001000   0.001000          0.     0.000     0.000     0.000     0.000         0      0      0      0.000000  0.000000  99.990000      0          0        0.000000  0.000000  99.990000      0           0
   26652.758 -0.000364  0.020250  99.9900000      0.000000     0.000000    0.033321  0.023367  99.9900000  0.001000   0.001000          0.     0.000     0.000     0.000     0.000         0      0      0      0.000000  0.000000  99.990000      0          0        0.000000  0.000000  99.990000      0           0
   26671.020 -0.027088  0.022353  99.9900000      0.000000     0.000000    0.024195  0.027297  99.9900000  0.001000   0.001000          0.     0.000     0.000     0.000     0.000         0      0      0      0.000000  0.000000  99.990000      0          0        0.000000  0.000000  99.990000      0           0
   26689.282 -0.031806 -0.033556  99.9900000      0.000000     0.000000    0.022770  0.025038  99.9900000  0.001000   0.001000          0.     0.000     0.000     0.000     0.000         0      0      0      0.000000  0.000000  99.990000      0          0        0.000000  0.000000  99.990000      0           0
   26707.544 -0.071153  0.047508  99.9900000      0.000000     0.000000    0.025161  0.021456  99.9900000  0.001000   0.001000          0.     0.000     0.000     0.000     0.000         0      0      0      0.000000  0.000000  99.990000      0          0        0.000000  0.000000  99.990000      0           0
   26725.806 -0.141249  0.056170  99.9900000      0.000000     0.000000    0.019913  0.022336  99.9900000  0.001000   0.001000          0.     0.000     0.000     0.000     0.000         0      0      0      0.000000  0.000000  99.990000      0          0        0.000000  0.000000  99.990000      0           0
   26744.068 -0.124013  0.104589  99.9900000      0.000000     0.000000    0.028880  0.024950  99.9900000  0.001000   0.001000          0.     0.000     0.000     0.000     0.000         0      0      0      0.000000  0.000000  99.990000      0          0        0.000000  0.000000  99.990000      0           0
   26762.330 -0.199756  0.142041  99.9900000      0.000000     0.000000    0.031587  0.025593  99.9900000  0.001000   0.001000          0.     0.000     0.000     0.000     0.000         0      0      0      0.000000  0.000000  99.990000      0          0        0.000000  0.000000  99.990000      0           0
   26780.592 -0.167607  0.182144  99.9900000      0.000000     0.000000    0.035899  0.029497  99.9900000  0.001000   0.001000          0.     0.000     0.000     0.000     0.000         0      0      0      0.000000  0.000000  99.990000      0          0        0.000000  0.000000  99.990000      0           0
   26798.855 -0.186605  0.224430  99.9900000      0.000000     0.000000    0.021727  0.017993  99.9900000  0.001000   0.001000          0.     0.000     0.000     0.000     0.000         0      0      0      0.000000  0.000000  99.990000      0          0        0.000000  0.000000  99.990000      0           0
   26817.117 -0.138165  0.266093  99.9900000      0.000000     0.000000    0.023332  0.018933  99.9900000  0.001000   0.001000          0.     0.000     0.000     0.000     0.000         0      0      0      0.000000  0.000000  99.990000      0          0        0.000000  0.000000  99.990000      0           0
   26835.379 -0.150314  0.302112  99.9900000      0.000000     0.000000    0.026549  0.023568  99.9900000  0.001000   0.001000          0.     0.000     0.000     0.000     0.000         0      0      0      0.000000  0.000000  99.990000      0          0        0.000000  0.000000  99.990000      0           0
   26853.641 -0.113023  0.312185  99.9900000      0.000000     0.000000    0.023012  0.022437  99.9900000  0.001000   0.001000          0.     0.000     0.000     0.000     0.000         0      0      0      0.000000  0.000000  99.990000      0          0        0.000000  0.000000  99.990000      0           0
   26871.903 -0.048073  0.337159  99.9900000      0.000000     0.000000    0.027392  0.029016  99.9900000  0.001000   0.001000          0.     0.000     0.000     0.000     0.000         0      0      0      0.000000  0.000000  99.990000      0          0        0.000000  0.000000  99.990000      0           0
   26890.165 -0.022199  0.318210  99.9900000      0.000000     0.000000    0.020336  0.019981  99.9900000  0.001000   0.001000          0.     0.000     0.000     0.000     0.000         0      0      0      0.000000  0.000000  99.990000      0          0        0.000000  0.000000  99.990000      0           0
   26908.427  0.023486  0.321369  99.9900000      0.000000     0.000000    0.017803  0.018380  99.9900000  0.001000   0.001000          0.     0.000     0.000     0.000     0.000         0      0      0      0.000000  0.000000  99.990000      0          0        0.000000  0.000000  99.990000      0           0
   26926.689  0.101548  0.317591  99.9900000      0.000000     0.000000    0.019970  0.018157  99.9900000  0.001000   0.001000          0.     0.000     0.000     0.000     0.000         0      0      0      0.000000  0.000000  99.990000      0          0        0.000000  0.000000  99.990000      0           0
   26944.951  0.124919  0.294525  99.9900000      0.000000     0.000000    0.018398  0.017653  99.9900000  0.001000   0.001000          0.     0.000     0.000     0.000     0.000         0      0      0      0.000000  0.000000  99.990000      0          0        0.000000  0.000000  99.990000      0           0
   26963.213  0.113748  0.247958  99.9900000      0.000000     0.000000    0.021632  0.016101  99.9900000  0.001000   0.001000          0.     0.000     0.000     0.000     0.000         0      0      0      0.000000  0.000000  99.990000      0          0        0.000000  0.000000  99.990000      0           0
   26981.476  0.150762  0.196881  99.9900000      0.000000     0.000000    0.022060  0.015859  99.9900000  0.001000   0.001000          0.     0.000     0.000     0.000     0.000         0      0      0      0.000000  0.000000  99.990000      0          0        0.000000  0.000000  99.990000      0           0
   26999.738  0.136613  0.193906  99.9900000      0.000000     0.000000    0.026806  0.021409  99.9900000  0.001000   0.001000          0.     0.000     0.000     0.000     0.000         0      0      0      0.000000  0.000000  99.990000      0          0        0.000000  0.000000  99.990000      0           0
   27018.000  0.118020  0.159129  99.9900000      0.000000     0.000000    0.027293  0.018200  99.9900000  0.001000   0.001000          0.     0.000     0.000     0.000     0.000         0      0      0      0.000000  0.000000  99.990000      0          0        0.000000  0.000000  99.990000      0           0
   27036.262  0.114779  0.158870  99.9900000      0.000000     0.000000    0.031535  0.019563  99.9900000  0.001000   0.001000          0.     0.000     0.000     0.000     0.000         0      0      0      0.000000  0.000000  99.990000      0          0        0.000000  0.000000  99.990000      0           0
   27054.524  0.077466  0.080051  99.9900000      0.000000     0.000000    0.036124  0.027415  99.9900000  0.001000   0.001000          0.     0.000     0.000     0.000     0.000         0      0      0      0.000000  0.000000  99.990000      0          0        0.000000  0.000000  99.990000      0           0
   27072.786  0.011220  0.079860  99.9900000      0.000000     0.000000    0.025417  0.026637  99.9900000  0.001000   0.001000          0.     0.000     0.000     0.000     0.000         0      0      0      0.000000  0.000000  99.990000      0          0        0.000000  0.000000  99.990000      0           0
   27091.048 -0.037839  0.072975  99.9900000      0.000000     0.000000    0.032104  0.025909  99.9900000  0.001000   0.001000          0.     0.000     0.000     0.000     0.000         0      0      0      0.000000  0.000000  99.990000      0          0        0.000000  0.000000  99.990000      0           0
   27109.310 -0.118532  0.069853  99.9900000      0.000000     0.000000    0.024224  0.023968  99.9900000  0.001000   0.001000          0.     0.000     0.000     0.000     0.000         0      0      0      0.000000  0.000000  99.990000      0          0        0.000000  0.000000  99.990000      0           0
   27127.572 -0.107787  0.135336  99.9900000      0.000000     0.000000    0.026400  0.021926  99.9900000  0.001000   0.001000          0.     0.000     0.000     0.000     0.000         0      0      0      0.000000  0.000000  99.990000      0          0        0.000000  0.000000  99.990000      0           0
   27145.834 -0.126317  0.122851  99.9900000      0.000000     0.000000    0.029158  0.032123  99.9900000  0.001000   0.001000          0.     0.000     0.000     0.000     0.000         0      0      0      0.000000  0.000000  99.990000      0          0        0.000000  0.000000  99.990000      0           0
   27164.096 -0.162193  0.188058  99.9900000      0.000000     0.000000    0.021851  0.019453  99.9900000  0.001000   0.001000          0.     0.000     0.000     0.000     0.000         0      0      0      0.000000  0.000000  99.990000      0          0        0.000000  0.000000  99.990000      0           0
   27182.359 -0.168783  0.201257  99.9900000      0.000000     0.000000    0.024242  0.017764  99.9900000  0.001000   0.001000          0.     0.000     0.000     0.000     0.000         0      0      0      0.000000  0.000000  99.990000      0          0        0.000000  0.000000  99.990000      0           0
   27200.621 -0.155150  0.219527  99.9900000      0.000000     0.000000    0.021857  0.021370  99.9900000  0.001000   0.001000          0.     0.000     0.000     0.000     0.000         0      0      0      0.000000  0.000000  99.990000      0          0        0.000000  0.000000  99.990000      0           0
   27218.883 -0.105784  0.258566  99.9900000      0.000000     0.000000    0.017242  0.015821  99.9900000  0.001000   0.001000          0.     0.000     0.000     0.000     0.000         0      0      0      0.000000  0.000000  99.990000      0          0        0.000000  0.000000  99.990000      0           0
   27237.145 -0.093145  0.293497  99.9900000      0.000000     0.000000    0.016198  0.014576  99.9900000  0.001000   0.001000          0.     0.000     0.000     0.000     0.000         0      0      0      0.000000  0.000000  99.990000      0          0        0.000000  0.000000  99.990000      0           0
   27255.407 -0.055749  0.297188  99.9900000      0.000000     0.000000    0.017697  0.017239  99.9900000  0.001000   0.001000          0.     0.000     0.000     0.000     0.000         0      0      0      0.000000  0.000000  99.990000      0          0        0.000000  0.000000  99.990000      0           0
   27273.669 -0.023412  0.273024  99.9900000      0.000000     0.000000    0.016762  0.018126  99.9900000  0.001000   0.001000          0.     0.000     0.000     0.000     0.000         0      0      0      0.000000  0.000000  99.990000      0          0        0.000000  0.000000  99.990000      0           0
   27291.931  0.016852  0.279606  99.9900000      0.000000     0.000000    0.016210  0.017779  99.9900000  0.001000   0.001000          0.     0.000     0.000     0.000     0.000         0      0      0      0.000000  0.000000  99.990000      0          0        0.000000  0.000000  99.990000      0           0
   27310.193  0.086434  0.248817  99.9900000      0.000000     0.000000    0.017058  0.017672  99.9900000  0.001000   0.001000          0.     0.000     0.000     0.000     0.000         0      0      0      0.000000  0.000000  99.990000      0          0        0.000000  0.000000  99.990000      0           0
   27328.455  0.062781  0.234921  99.9900000      0.000000     0.000000    0.017522  0.018229  99.9900000  0.001000   0.001000          0.     0.000     0.000     0.000     0.000         0      0      0      0.000000  0.000000  99.990000      0          0        0.000000  0.000000  99.990000      0           0
   27346.717  0.072220  0.213316  99.9900000      0.000000     0.000000    0.016546  0.015414  99.9900000  0.001000   0.001000          0.     0.000     0.000     0.000     0.000         0      0      0      0.000000  0.000000  99.990000      0          0        0.000000  0.000000  99.990000      0           0
   27364.980  0.075690  0.185435  99.9900000      0.000000     0.000000    0.019165  0.015438  99.9900000  0.001000   0.001000          0.     0.000     0.000     0.000     0.000         0      0      0      0.000000  0.000000  99.990000      0          0        0.000000  0.000000  99.990000      0           0
   27383.242  0.056902  0.173066  99.9900000      0.000000     0.000000    0.024561  0.020807  99.9900000  0.001000   0.001000          0.     0.000     0.000     0.000     0.000         0      0      0      0.000000  0.000000  99.990000      0          0        0.000000  0.000000  99.990000      0           0
   27401.504  0.031607  0.147276  99.9900000      0.000000     0.000000    0.025167  0.019862  99.9900000  0.001000   0.001000          0.     0.000     0.000     0.000     0.000         0      0      0      0.000000  0.000000  99.990000      0          0        0.000000  0.000000  99.990000      0           0
   27419.766  0.051600  0.120041  99.9900000      0.000000     0.000000    0.027809  0.023829  99.9900000  0.001000   0.001000          0.     0.000     0.000     0.000     0.000         0      0      0      0.000000  0.000000  99.990000      0          0        0.000000  0.000000  99.990000      0           0
   27438.028  0.003358  0.189993  99.9900000      0.000000     0.000000    0.030687  0.027313  99.9900000  0.001000   0.001000          0.     0.000     0.000     0.000     0.000         0      0      0      0.000000  0.000000  99.990000      0          0        0.000000  0.000000  99.990000      0           0
   27456.290 -0.018683  0.174401  99.9900000      0.000000     0.000000    0.040272  0.022433  99.9900000  0.001000   0.001000          0.     0.000     0.000     0.000     0.000         0      0      0      0.000000  0.000000  99.990000      0          0        0.000000  0.000000  99.990000      0           0
   27474.552 -0.056964  0.107922  99.9900000      0.000000     0.000000    0.030610  0.028125  99.9900000  0.001000   0.001000          0.     0.000     0.000     0.000     0.000         0      0      0      0.000000  0.000000  99.990000      0          0        0.000000  0.000000  99.990000      0           0
   27492.814 -0.116844  0.109931  99.9900000      0.000000     0.000000    0.025216  0.023973  99.9900000  0.001000   0.001000          0.     0.000     0.000     0.000     0.000         0      0      0      0.000000  0.000000  99.990000      0          0        0.000000  0.000000  99.990000      0           0
   27511.076 -0.147085  0.138704  99.9900000      0.000000     0.000000    0.026699  0.022019  99.9900000  0.001000   0.001000          0.     0.000     0.000     0.000     0.000         0      0      0      0.000000  0.000000  99.990000      0          0        0.000000  0.000000  99.990000      0           0
   27529.339 -0.139766  0.135381  99.9900000      0.000000     0.000000    0.023368  0.021891  99.9900000  0.001000   0.001000          0.     0.000     0.000     0.000     0.000         0      0      0      0.000000  0.000000  99.990000      0          0        0.000000  0.000000  99.990000      0           0
   27547.601 -0.159824  0.169310  99.9900000      0.000000     0.000000    0.021413  0.020138  99.9900000  0.001000   0.001000          0.     0.000     0.000     0.000     0.000         0      0      0      0.000000  0.000000  99.990000      0          0        0.000000  0.000000  99.990000      0           0
   27565.863 -0.129895  0.183315  99.9900000      0.000000     0.000000    0.018448  0.015127  99.9900000  0.001000   0.001000          0.     0.000     0.000     0.000     0.000         0      0      0      0.000000  0.000000  99.990000      0          0        0.000000  0.000000  99.990000      0           0
   27584.125 -0.099651  0.245706  99.9900000      0.000000     0.000000    0.023235  0.024295  99.9900000  0.001000   0.001000          0.     0.000     0.000     0.000     0.000         0      0      0      0.000000  0.000000  99.990000      0          0        0.000000  0.000000  99.990000      0           0
   27602.387 -0.093434  0.251826  99.9900000      0.000000     0.000000    0.019157  0.016053  99.9900000  0.001000   0.001000          0.     0.000     0.000     0.000     0.000         0      0      0      0.000000  0.000000  99.990000      0          0        0.000000  0.000000  99.990000      0           0
   27620.649 -0.040796  0.247259  99.9900000      0.000000     0.000000    0.018220  0.016847  99.9900000  0.001000   0.001000          0.     0.000     0.000     0.000     0.000         0      0      0      0.000000  0.000000  99.990000      0          0        0.000000  0.000000  99.990000      0           0
   27638.911 -0.017958  0.266582  99.9900000      0.000000     0.000000    0.018562  0.016940  99.9900000  0.001000   0.001000          0.     0.000     0.000     0.000     0.000         0      0      0      0.000000  0.000000  99.990000      0          0        0.000000  0.000000  99.990000      0           0
   27657.173  0.018338  0.272786  99.9900000      0.000000     0.000000    0.019180  0.017749  99.9900000  0.001000   0.001000          0.     0.000     0.000     0.000     0.000         0      0      0      0.000000  0.000000  99.990000      0          0        0.000000  0.000000  99.990000      0           0
   27675.435  0.063046  0.230066  99.9900000      0.000000     0.000000    0.015780  0.013804  99.9900000  0.001000   0.001000          0.     0.000     0.000     0.000     0.000         0      0      0      0.000000  0.000000  99.990000      0          0        0.000000  0.000000  99.990000      0           0
   27693.697  0.071570  0.260681  99.9900000      0.000000     0.000000    0.017600  0.019856  99.9900000  0.001000   0.001000          0.     0.000     0.000     0.000     0.000         0      0      0      0.000000  0.000000  99.990000      0          0        0.000000  0.000000  99.990000      0           0
   27711.960  0.051791  0.249512  99.9900000      0.000000     0.000000    0.017131  0.014678  99.9900000  0.001000   0.001000          0.     0.000     0.000     0.000     0.000         0      0      0      0.000000  0.000000  99.990000      0          0        0.000000  0.000000  99.990000      0           0
   27730.222  0.047698  0.225945  99.9900000      0.000000     0.000000    0.017670  0.013574  99.9900000  0.001000   0.001000          0.     0.000     0.000     0.000     0.000         0      0      0      0.000000  0.000000  99.990000      0          0        0.000000  0.000000  99.990000      0           0
   27748.484  0.025213  0.186392  99.9900000      0.000000     0.000000    0.028679  0.014917  99.9900000  0.001000   0.001000          0.     0.000     0.000     0.000     0.000         0      0      0      0.000000  0.000000  99.990000      0          0        0.000000  0.000000  99.990000      0           0
   27766.746  0.019372  0.186160  99.9900000      0.000000     0.000000    0.023235  0.024518  99.9900000  0.001000   0.001000          0.     0.000     0.000     0.000     0.000         0      0      0      0.000000  0.000000  99.990000      0          0        0.000000  0.000000  99.990000      0           0
   27785.008 -0.036820  0.206598  99.9900000      0.000000     0.000000    0.037160  0.026246  99.9900000  0.001000   0.001000          0.     0.000     0.000     0.000     0.000         0      0      0      0.000000  0.000000  99.990000      0          0        0.000000  0.000000  99.990000      0           0
   27803.270  0.040348  0.196550  99.9900000      0.000000     0.000000    0.032102  0.029938  99.9900000  0.001000   0.001000          0.     0.000     0.000     0.000     0.000         0      0      0      0.000000  0.000000  99.990000      0          0        0.000000  0.000000  99.990000      0           0
   27821.532 -0.070718  0.134798  99.9900000      0.000000     0.000000    0.034911  0.036674  99.9900000  0.001000   0.001000          0.     0.000     0.000     0.000     0.000         0      0      0      0.000000  0.000000  99.990000      0          0        0.000000  0.000000  99.990000      0           0
   27839.794  0.008188  0.143934  99.9900000      0.000000     0.000000    0.034173  0.021556  99.9900000  0.001000   0.001000          0.     0.000     0.000     0.000     0.000         0      0      0      0.000000  0.000000  99.990000      0          0        0.000000  0.000000  99.990000      0           0
   27858.056 -0.023232  0.164841  99.9900000      0.000000     0.000000    0.028376  0.021623  99.9900000  0.001000   0.001000          0.     0.000     0.000     0.000     0.000         0      0      0      0.000000  0.000000  99.990000      0          0        0.000000  0.000000  99.990000      0           0
   27876.318 -0.044619  0.178484  99.9900000      0.000000     0.000000    0.029085  0.026846  99.9900000  0.001000   0.001000          0.     0.000     0.000     0.000     0.000         0      0      0      0.000000  0.000000  99.990000      0          0        0.000000  0.000000  99.990000      0           0
   27894.581 -0.038625  0.188600  99.9900000      0.000000     0.000000    0.017303  0.020072  99.9900000  0.001000   0.001000          0.     0.000     0.000     0.000     0.000         0      0      0      0.000000  0.000000  99.990000      0          0        0.000000  0.000000  99.990000      0           0
   27912.843 -0.028762  0.191206  99.9900000      0.000000     0.000000    0.018781  0.017972  99.9900000  0.001000   0.001000          0.     0.000     0.000     0.000     0.000         0      0      0      0.000000  0.000000  99.990000      0          0        0.000000  0.000000  99.990000      0           0
   27931.105 -0.021437  0.219208  99.9900000      0.000000     0.000000    0.024276  0.018559  99.9900000  0.001000   0.001000          0.     0.000     0.000     0.000     0.000         0      0      0      0.000000  0.000000  99.990000      0          0        0.000000  0.000000  99.990000      0           0
   27949.367 -0.008809  0.193636  99.9900000      0.000000     0.000000    0.018789  0.014608  99.9900000  0.001000   0.001000          0.     0.000     0.000     0.000     0.000         0      0      0      0.000000  0.000000  99.990000      0          0        0.000000  0.000000  99.990000      0           0
   27967.629 -0.017667  0.214192  99.9900000      0.000000     0.000000    0.018057  0.019920  99.9900000  0.001000   0.001000          0.     0.000     0.000     0.000     0.000         0      0      0      0.000000  0.000000  99.990000      0          0        0.000000  0.000000  99.990000      0           0
   27985.891 -0.005136  0.199171  99.9900000      0.000000     0.000000    0.016230  0.015864  99.9900000  0.001000   0.001000          0.     0.000     0.000     0.000     0.000         0      0      0      0.000000  0.000000  99.990000      0          0        0.000000  0.000000  99.990000      0           0
   28004.153 -0.009264  0.181163  99.9900000      0.000000     0.000000    0.017996  0.017401  99.9900000  0.001000   0.001000          0.     0.000     0.000     0.000     0.000         0      0      0      0.000000  0.000000  99.990000      0          0        0.000000  0.000000  99.990000      0           0
   28022.415  0.022498  0.171944  99.9900000      0.000000     0.000000    0.017774  0.017801  99.9900000  0.001000   0.001000          0.     0.000     0.000     0.000     0.000         0      0      0      0.000000  0.000000  99.990000      0          0        0.000000  0.000000  99.990000      0           0
   28040.677 -0.014963  0.167222  99.9900000      0.000000     0.000000    0.018568  0.019114  99.9900000  0.001000   0.001000          0.     0.000     0.000     0.000     0.000         0      0      0      0.000000  0.000000  99.990000      0          0        0.000000  0.000000  99.990000      0           0
   28058.939  0.006668  0.181271  99.9900000      0.000000     0.000000    0.019920  0.018074  99.9900000  0.001000   0.001000          0.     0.000     0.000     0.000     0.000         0      0      0      0.000000  0.000000  99.990000      0          0        0.000000  0.000000  99.990000      0           0
   28077.201 -0.039371  0.150187  99.9900000      0.000000     0.000000    0.028755  0.015975  99.9900000  0.001000   0.001000          0.     0.000     0.000     0.000     0.000         0      0      0      0.000000  0.000000  99.990000      0          0        0.000000  0.000000  99.990000      0           0
   28095.464 -0.028818  0.158554  99.9900000      0.000000     0.000000    0.027620  0.017466  99.9900000  0.001000   0.001000          0.     0.000     0.000     0.000     0.000         0      0      0      0.000000  0.000000  99.990000      0          0        0.000000  0.000000  99.990000      0           0
   28113.726 -0.059068  0.154835  99.9900000      0.000000     0.000000    0.026670  0.020724  99.9900000  0.001000   0.001000          0.     0.000     0.000     0.000     0.000         0      0      0      0.000000  0.000000  99.990000      0          0        0.000000  0.000000  99.990000      0           0
   28131.988 -0.061972  0.161200  99.9900000      0.000000     0.000000    0.029310  0.018070  99.9900000  0.001000   0.001000          0.     0.000     0.000     0.000     0.000         0      0      0      0.000000  0.000000  99.990000      0          0        0.000000  0.000000  99.990000      0           0
   28150.250 -0.072311  0.169926  99.9900000      0.000000     0.000000    0.043402  0.024304  99.9900000  0.001000   0.001000          0.     0.000     0.000     0.000     0.000         0      0      0      0.000000  0.000000  99.990000      0          0        0.000000  0.000000  99.990000      0           0
   28168.512 -0.013228  0.191889  99.9900000      0.000000     0.000000    0.036127  0.024309  99.9900000  0.001000   0.001000          0.     0.000     0.000     0.000     0.000         0      0      0      0.000000  0.000000  99.990000      0          0        0.000000  0.000000  99.990000      0           0
   28186.774 -0.061784  0.242465  99.9900000      0.000000     0.000000    0.042965  0.024770  99.9900000  0.001000   0.001000          0.     0.000     0.000     0.000     0.000         0      0      0      0.000000  0.000000  99.990000      0          0        0.000000  0.000000  99.990000      0           0
   28205.036 -0.051955  0.243062  99.9900000      0.000000     0.000000    0.042917  0.024513  99.9900000  0.001000   0.001000          0.     0.000     0.000     0.000     0.000         0      0      0      0.000000  0.000000  99.990000      0          0        0.000000  0.000000  99.990000      0           0
   28223.298 -0.103350  0.261178  99.9900000      0.000000     0.000000    0.029842  0.018916  99.9900000  0.001000   0.001000          0.     0.000     0.000     0.000     0.000         0      0      0      0.000000  0.000000  99.990000      0          0        0.000000  0.000000  99.990000      0           0
   28241.560 -0.105859  0.252359  99.9900000      0.000000     0.000000    0.029278  0.021422  99.9900000  0.001000   0.001000          0.     0.000     0.000     0.000     0.000         0      0      0      0.000000  0.000000  99.990000      0          0        0.000000  0.000000  99.990000      0           0
   28259.822 -0.047151  0.268502  99.9900000      0.000000     0.000000    0.024482  0.023033  99.9900000  0.001000   0.001000          0.     0.000     0.000     0.000     0.000         0      0      0      0.000000  0.000000  99.990000      0          0        0.000000  0.000000  99.990000      0           0
   28278.085 -0.047458  0.273960  99.9900000      0.000000     0.000000    0.032486  0.021228  99.9900000  0.001000   0.001000          0.     0.000     0.000     0.000     0.000         0      0      0      0.000000  0.000000  99.990000      0          0        0.000000  0.000000  99.990000      0           0
   28296.347 -0.009648  0.278145  99.9900000      0.000000     0.000000    0.019679  0.016520  99.9900000  0.001000   0.001000          0.     0.000     0.000     0.000     0.000         0      0      0      0.000000  0.000000  99.990000      0          0        0.000000  0.000000  99.990000      0           0
   28314.609 -0.000212  0.247714  99.9900000      0.000000     0.000000    0.019273  0.014978  99.9900000  0.001000   0.001000          0.     0.000     0.000     0.000     0.000         0      0      0      0.000000  0.000000  99.990000      0          0        0.000000  0.000000  99.990000      0           0
   28332.871  0.042727  0.240189  99.9900000      0.000000     0.000000    0.026289  0.016377  99.9900000  0.001000   0.001000          0.     0.000     0.000     0.000     0.000         0      0      0      0.000000  0.000000  99.990000      0          0        0.000000  0.000000  99.990000      0           0
   28351.133  0.075066  0.240525  99.9900000      0.000000     0.000000    0.023148  0.020248  99.9900000  0.001000   0.001000          0.     0.000     0.000     0.000     0.000         0      0      0      0.000000  0.000000  99.990000      0          0        0.000000  0.000000  99.990000      0           0
   28369.395  0.055899  0.215142  99.9900000      0.000000     0.000000    0.017664  0.018513  99.9900000  0.001000   0.001000          0.     0.000     0.000     0.000     0.000         0      0      0      0.000000  0.000000  99.990000      0          0        0.000000  0.000000  99.990000      0           0
   28387.657  0.050271  0.165391  99.9900000      0.000000     0.000000    0.018452  0.020596  99.9900000  0.001000   0.001000          0.     0.000     0.000     0.000     0.000         0      0      0      0.000000  0.000000  99.990000      0          0        0.000000  0.000000  99.990000      0           0
   28405.919  0.044024  0.142440  99.9900000      0.000000     0.000000    0.017564  0.017257  99.9900000  0.001000   0.001000          0.     0.000     0.000     0.000     0.000         0      0      0      0.000000  0.000000  99.990000      0          0        0.000000  0.000000  99.990000      0           0
   28424.181  0.030742  0.108678  99.9900000      0.000000     0.000000    0.017041  0.017110  99.9900000  0.001000   0.001000          0.     0.000     0.000     0.000     0.000         0      0      0      0.000000  0.000000  99.990000      0          0        0.000000  0.000000  99.990000      0           0
   28442.444 -0.000335  0.076999  99.9900000      0.000000     0.000000    0.019564  0.016534  99.9900000  0.001000   0.001000          0.     0.000     0.000     0.000     0.000         0      0      0      0.000000  0.000000  99.990000      0          0        0.000000  0.000000  99.990000      0           0
   28460.706 -0.016846  0.086854  99.9900000      0.000000     0.000000    0.024092  0.017790  99.9900000  0.001000   0.001000          0.     0.000     0.000     0.000     0.000         0      0      0      0.000000  0.000000  99.990000      0          0        0.000000  0.000000  99.990000      0           0
   28478.968 -0.029839  0.082240  99.9900000      0.000000     0.000000    0.025905  0.024581  99.9900000  0.001000   0.001000          0.     0.000     0.000     0.000     0.000         0      0      0      0.000000  0.000000  99.990000      0          0        0.000000  0.000000  99.990000      0           0
   28497.230 -0.109672  0.102731  99.9900000      0.000000     0.000000    0.035804  0.024702  99.9900000  0.001000   0.001000          0.     0.000     0.000     0.000     0.000         0      0      0      0.000000  0.000000  99.990000      0          0        0.000000  0.000000  99.990000      0           0
   28515.492 -0.132312  0.163411  99.9900000      0.000000     0.000000    0.042423  0.030025  99.9900000  0.001000   0.001000          0.     0.000     0.000     0.000     0.000         0      0      0      0.000000  0.000000  99.990000      0          0        0.000000  0.000000  99.990000      0           0
   28533.754 -0.084275  0.161772  99.9900000      0.000000     0.000000    0.029087  0.026332  99.9900000  0.001000   0.001000          0.     0.000     0.000     0.000     0.000         0      0      0      0.000000  0.000000  99.990000      0          0        0.000000  0.000000  99.990000      0           0
   28552.016 -0.114768  0.212900  99.9900000      0.000000     0.000000    0.046379  0.045973  99.9900000  0.001000   0.001000          0.     0.000     0.000     0.000     0.000         0      0      0      0.000000  0.000000  99.990000      0          0        0.000000  0.000000  99.990000      0           0
   28570.278 -0.118787  0.213456  99.9900000      0.000000     0.000000    0.037871  0.022252  99.9900000  0.001000   0.001000          0.     0.000     0.000     0.000     0.000         0      0      0      0.000000  0.000000  99.990000      0          0        0.000000  0.000000  99.990000      0           0
   28588.540 -0.160535  0.247870  99.9900000      0.000000     0.000000    0.027724  0.018483  99.9900000  0.001000   0.001000          0.     0.000     0.000     0.000     0.000         0      0      0      0.000000  0.000000  99.990000      0          0        0.000000  0.000000  99.990000      0           0
   28606.802 -0.117204  0.255360  99.9900000      0.000000     0.000000    0.025928  0.021836  99.9900000  0.001000   0.001000          0.     0.000     0.000     0.000     0.000         0      0      0      0.000000  0.000000  99.990000      0          0        0.000000  0.000000  99.990000      0           0
   28625.065 -0.066088  0.287594  99.9900000      0.000000     0.000000    0.025373  0.022287  99.9900000  0.001000   0.001000          0.     0.000     0.000     0.000     0.000         0      0      0      0.000000  0.000000  99.990000      0          0        0.000000  0.000000  99.990000      0           0
   28643.327 -0.050375  0.291546  99.9900000      0.000000     0.000000    0.020118  0.020373  99.9900000  0.001000   0.001000          0.     0.000     0.000     0.000     0.000         0      0      0      0.000000  0.000000  99.990000      0          0        0.000000  0.000000  99.990000      0           0
   28661.589  0.000398  0.297906  99.9900000      0.000000     0.000000    0.019862  0.019196  99.9900000  0.001000   0.001000          0.     0.000     0.000     0.000     0.000         0      0      0      0.000000  0.000000  99.990000      0          0        0.000000  0.000000  99.990000      0           0
   28679.851  0.005329  0.304802  99.9900000      0.000000     0.000000    0.018222  0.019157  99.9900000  0.001000   0.001000          0.     0.000     0.000     0.000     0.000         0      0      0      0.000000  0.000000  99.990000      0          0        0.000000  0.000000  99.990000      0           0
   28698.113  0.062188  0.318213  99.9900000      0.000000     0.000000    0.018390  0.021202  99.9900000  0.001000   0.001000          0.     0.000     0.000     0.000     0.000         0      0      0      0.000000  0.000000  99.990000      0          0        0.000000  0.000000  99.990000      0           0
   28716.375  0.093785  0.317042  99.9900000      0.000000     0.000000    0.017451  0.022333  99.9900000  0.001000   0.001000          0.     0.000     0.000     0.000     0.000         0      0      0      0.000000  0.000000  99.990000      0          0        0.000000  0.000000  99.990000      0           0
   28734.637  0.103477  0.256495  99.9900000      0.000000     0.000000    0.017422  0.018903  99.9900000  0.001000   0.001000          0.     0.000     0.000     0.000     0.000         0      0      0      0.000000  0.000000  99.990000      0          0        0.000000  0.000000  99.990000      0           0
   28752.899  0.111816  0.193076  99.9900000      0.000000     0.000000    0.015324  0.014949  99.9900000  0.001000   0.001000          0.     0.000     0.000     0.000     0.000         0      0      0      0.000000  0.000000  99.990000      0          0        0.000000  0.000000  99.990000      0           0
   28771.161  0.106593  0.153897  99.9900000      0.000000     0.000000    0.018297  0.021325  99.9900000  0.001000   0.001000          0.     0.000     0.000     0.000     0.000         0      0      0      0.000000  0.000000  99.990000      0          0        0.000000  0.000000  99.990000      0           0
   28789.423  0.070838  0.116433  99.9900000      0.000000     0.000000    0.020415  0.015398  99.9900000  0.001000   0.001000          0.     0.000     0.000     0.000     0.000         0      0      0      0.000000  0.000000  99.990000      0          0        0.000000  0.000000  99.990000      0           0
   28807.685  0.030840  0.089111  99.9900000      0.000000     0.000000    0.025152  0.022093  99.9900000  0.001000   0.001000          0.     0.000     0.000     0.000     0.000         0      0      0      0.000000  0.000000  99.990000      0          0        0.000000  0.000000  99.990000      0           0
   28825.948  0.046464  0.089446  99.9900000      0.000000     0.000000    0.021889  0.018202  99.9900000  0.001000   0.001000          0.     0.000     0.000     0.000     0.000         0      0      0      0.000000  0.000000  99.990000      0          0        0.000000  0.000000  99.990000      0           0
   28844.210  0.008684  0.044223  99.9900000      0.000000     0.000000    0.026083  0.019439  99.9900000  0.001000   0.001000          0.     0.000     0.000     0.000     0.000         0      0      0      0.000000  0.000000  99.990000      0          0        0.000000  0.000000  99.990000      0           0
   28862.472 -0.006446  0.071388  99.9900000      0.000000     0.000000    0.026128  0.022132  99.9900000  0.001000   0.001000          0.     0.000     0.000     0.000     0.000         0      0      0      0.000000  0.000000  99.990000      0          0        0.000000  0.000000  99.990000      0           0
   28880.734 -0.100356  0.100454  99.9900000      0.000000     0.000000    0.034998  0.028351  99.9900000  0.001000   0.001000          0.     0.000     0.000     0.000     0.000         0      0      0      0.000000  0.000000  99.990000      0          0        0.000000  0.000000  99.990000      0           0
   28898.996 -0.152499  0.068940  99.9900000      0.000000     0.000000    0.034720  0.025926  99.9900000  0.001000   0.001000          0.     0.000     0.000     0.000     0.000         0      0      0      0.000000  0.000000  99.990000      0          0        0.000000  0.000000  99.990000      0           0
   28917.258 -0.202348  0.094191  99.9900000      0.000000     0.000000    0.034059  0.038861  99.9900000  0.001000   0.001000          0.     0.000     0.000     0.000     0.000         0      0      0      0.000000  0.000000  99.990000      0          0        0.000000  0.000000  99.990000      0           0
   28935.520 -0.146773  0.185112  99.9900000      0.000000     0.000000    0.022126  0.020564  99.9900000  0.001000   0.001000          0.     0.000     0.000     0.000     0.000         0      0      0      0.000000  0.000000  99.990000      0          0        0.000000  0.000000  99.990000      0           0
   28953.782 -0.151337  0.207247  99.9900000      0.000000     0.000000    0.021996  0.022030  99.9900000  0.001000   0.001000          0.     0.000     0.000     0.000     0.000         0      0      0      0.000000  0.000000  99.990000      0          0        0.000000  0.000000  99.990000      0           0
   28972.044 -0.157053  0.240677  99.9900000      0.000000     0.000000    0.024525  0.025659  99.9900000  0.001000   0.001000          0.     0.000     0.000     0.000     0.000         0      0      0      0.000000  0.000000  99.990000      0          0        0.000000  0.000000  99.990000      0           0
   28990.306 -0.104599  0.293967  99.9900000      0.000000     0.000000    0.023369  0.022708  99.9900000  0.001000   0.001000          0.     0.000     0.000     0.000     0.000         0      0      0      0.000000  0.000000  99.990000      0          0        0.000000  0.000000  99.990000      0           0
   29008.569 -0.062334  0.335962  99.9900000      0.000000     0.000000    0.022090  0.021528  99.9900000  0.001000   0.001000          0.     0.000     0.000     0.000     0.000         0      0      0      0.000000  0.000000  99.990000      0          0        0.000000  0.000000  99.990000      0           0
   29026.831 -0.062634  0.356903  99.9900000      0.000000     0.000000    0.026376  0.022962  99.9900000  0.001000   0.001000          0.     0.000     0.000     0.000     0.000         0      0      0      0.000000  0.000000  99.990000      0          0        0.000000  0.000000  99.990000      0           0
   29045.093 -0.049128  0.317586  99.9900000      0.000000     0.000000    0.023744  0.021083  99.9900000  0.001000   0.001000          0.     0.000     0.000     0.000     0.000         0      0      0      0.000000  0.000000  99.990000      0          0        0.000000  0.000000  99.990000      0           0
   29063.355 -0.044660  0.336228  99.9900000      0.000000     0.000000    0.027603  0.021308  99.9900000  0.001000   0.001000          0.     0.000     0.000     0.000     0.000         0      0      0      0.000000  0.000000  99.990000      0          0        0.000000  0.000000  99.990000      0           0
   29081.617  0.107460  0.349504  99.9900000      0.000000     0.000000    0.025253  0.020629  99.9900000  0.001000   0.001000          0.     0.000     0.000     0.000     0.000         0      0      0      0.000000  0.000000  99.990000      0          0        0.000000  0.000000  99.990000      0           0
   29099.879  0.181445  0.341659  99.9900000      0.000000     0.000000    0.024414  0.025176  99.9900000  0.001000   0.001000          0.     0.000     0.000     0.000     0.000         0      0      0      0.000000  0.000000  99.990000      0          0        0.000000  0.000000  99.990000      0           0
   29118.141  0.215413  0.319300  99.9900000      0.000000     0.000000    0.022351  0.020713  99.9900000  0.001000   0.001000          0.     0.000     0.000     0.000     0.000         0      0      0      0.000000  0.000000  99.990000      0          0        0.000000  0.000000  99.990000      0           0
   29136.403  0.183748  0.171340  99.9900000      0.000000     0.000000    0.025944  0.016199  99.9900000  0.001000   0.001000          0.     0.000     0.000     0.000     0.000         0      0      0      0.000000  0.000000  99.990000      0          0        0.000000  0.000000  99.990000      0           0
   29154.665  0.169131  0.201457  99.9900000      0.000000     0.000000    0.026315  0.025635  99.9900000  0.001000   0.001000          0.     0.000     0.000     0.000     0.000         0      0      0      0.000000  0.000000  99.990000      0          0        0.000000  0.000000  99.990000      0           0
   29172.928  0.179631  0.127369  99.9900000      0.000000     0.000000    0.025309  0.019016  99.9900000  0.001000   0.001000          0.     0.000     0.000     0.000     0.000         0      0      0      0.000000  0.000000  99.990000      0          0        0.000000  0.000000  99.990000      0           0
   29191.190  0.089962  0.080065  99.9900000      0.000000     0.000000    0.028728  0.017096  99.9900000  0.001000   0.001000          0.     0.000     0.000     0.000     0.000         0      0      0      0.000000  0.000000  99.990000      0          0        0.000000  0.000000  99.990000      0           0
   29209.452  0.049324  0.074270  99.9900000      0.000000     0.000000    0.024789  0.019923  99.9900000  0.001000   0.001000          0.     0.000     0.000     0.000     0.000         0      0      0      0.000000  0.000000  99.990000      0          0        0.000000  0.000000  99.990000      0           0
   29227.714 -0.011354  0.080773  99.9900000      0.000000     0.000000    0.031885  0.023803  99.9900000  0.001000   0.001000          0.     0.000     0.000     0.000     0.000         0      0      0      0.000000  0.000000  99.990000      0          0        0.000000  0.000000  99.990000      0           0
   29245.976 -0.053037  0.071337  99.9900000      0.000000     0.000000    0.042418  0.026886  99.9900000  0.001000   0.001000          0.     0.000     0.000     0.000     0.000         0      0      0      0.000000  0.000000  99.990000      0          0        0.000000  0.000000  99.990000      0           0
   29264.238 -0.103514  0.084426  99.9900000      0.000000     0.000000    0.042035  0.023265  99.9900000  0.001000   0.001000          0.     0.000     0.000     0.000     0.000         0      0      0      0.000000  0.000000  99.990000      0          0        0.000000  0.000000  99.990000      0           0
   29282.500 -0.078435  0.127704  99.9900000      0.000000     0.000000    0.033115  0.026623  99.9900000  0.001000   0.001000          0.     0.000     0.000     0.000     0.000         0      0      0      0.000000  0.000000  99.990000      0          0        0.000000  0.000000  99.990000      0           0
   29300.762 -0.137356  0.164415  99.9900000      0.000000     0.000000    0.031428  0.023202  99.9900000  0.001000   0.001000          0.     0.000     0.000     0.000     0.000         0      0      0      0.000000  0.000000  99.990000      0          0        0.000000  0.000000  99.990000      0           0
   29319.024 -0.099461  0.195918  99.9900000      0.000000     0.000000    0.027001  0.022071  99.9900000  0.001000   0.001000          0.     0.000     0.000     0.000     0.000         0      0      0      0.000000  0.000000  99.990000      0          0        0.000000  0.000000  99.990000      0           0
   29337.286 -0.106435  0.248904  99.9900000      0.000000     0.000000    0.024760  0.018683  99.9900000  0.001000   0.001000          0.     0.000     0.000     0.000     0.000         0      0      0      0.000000  0.000000  99.990000      0          0        0.000000  0.000000  99.990000      0           0
   29355.549 -0.134982  0.282762  99.9900000      0.000000     0.000000    0.024200  0.017769  99.9900000  0.001000   0.001000          0.     0.000     0.000     0.000     0.000         0      0      0      0.000000  0.000000  99.990000      0          0        0.000000  0.000000  99.990000      0           0
   29373.811 -0.087343  0.285892  99.9900000      0.000000     0.000000    0.025060  0.019328  99.9900000  0.001000   0.001000          0.     0.000     0.000     0.000     0.000         0      0      0      0.000000  0.000000  99.990000      0          0        0.000000  0.000000  99.990000      0           0
   29392.073 -0.049638  0.323215  99.9900000      0.000000     0.000000    0.028780  0.017564  99.9900000  0.001000   0.001000          0.     0.000     0.000     0.000     0.000         0      0      0      0.000000  0.000000  99.990000      0          0        0.000000  0.000000  99.990000      0           0
   29410.335 -0.005363  0.327527  99.9900000      0.000000     0.000000    0.029679  0.018359  99.9900000  0.001000   0.001000          0.     0.000     0.000     0.000     0.000         0      0      0      0.000000  0.000000  99.990000      0          0        0.000000  0.000000  99.990000      0           0
   29428.597  0.029665  0.331683  99.9900000      0.000000     0.000000    0.022220  0.016921  99.9900000  0.001000   0.001000          0.     0.000     0.000     0.000     0.000         0      0      0      0.000000  0.000000  99.990000      0          0        0.000000  0.000000  99.990000      0           0
   29446.859  0.082255  0.331481  99.9900000      0.000000     0.000000    0.023727  0.020999  99.9900000  0.001000   0.001000          0.     0.000     0.000     0.000     0.000         0      0      0      0.000000  0.000000  99.990000      0          0        0.000000  0.000000  99.990000      0           0
   29465.121  0.099447  0.333366  99.9900000      0.000000     0.000000    0.021021  0.021490  99.9900000  0.001000   0.001000          0.     0.000     0.000     0.000     0.000         0      0      0      0.000000  0.000000  99.990000      0          0        0.000000  0.000000  99.990000      0           0
   29483.383  0.164264  0.319864  99.9900000      0.000000     0.000000    0.017745  0.016306  99.9900000  0.001000   0.001000          0.     0.000     0.000     0.000     0.000         0      0      0      0.000000  0.000000  99.990000      0          0        0.000000  0.000000  99.990000      0           0
   29501.645  0.205904  0.284750  99.9900000      0.000000     0.000000    0.026302  0.019239  99.9900000  0.001000   0.001000          0.     0.000     0.000     0.000     0.000         0      0      0      0.000000  0.000000  99.990000      0          0        0.000000  0.000000  99.990000      0           0
   29519.907  0.175691  0.299482  99.9900000      0.000000     0.000000    0.032124  0.018150  99.9900000  0.001000   0.001000          0.     0.000     0.000     0.000     0.000         0      0      0      0.000000  0.000000  99.990000      0          0        0.000000  0.000000  99.990000      0           0
   29538.169  0.199292  0.256443  99.9900000      0.000000     0.000000    0.030126  0.022557  99.9900000  0.001000   0.001000          0.     0.000     0.000     0.000     0.000         0      0      0      0.000000  0.000000  99.990000      0          0        0.000000  0.000000  99.990000      0           0
   29556.432  0.143489  0.188009  99.9900000      0.000000     0.000000    0.026125  0.017643  99.9900000  0.001000   0.001000          0.     0.000     0.000     0.000     0.000         0      0      0      0.000000  0.000000  99.990000      0          0        0.000000  0.000000  99.990000      0           0
   29574.694  0.123875  0.154817  99.9900000      0.000000     0.000000    0.024976  0.017925  99.9900000  0.001000   0.001000          0.     0.000     0.000     0.000     0.000         0      0      0      0.000000  0.000000  99.990000      0          0        0.000000  0.000000  99.990000      0           0
   29592.956  0.100342  0.172104  99.9900000      0.000000     0.000000    0.026616  0.019341  99.9900000  0.001000   0.001000          0.     0.000     0.000     0.000     0.000         0      0      0      0.000000  0.000000  99.990000      0          0        0.000000  0.000000  99.990000      0           0
   29611.218  0.083066  0.137667  99.9900000      0.000000     0.000000    0.034483  0.021451  99.9900000  0.001000   0.001000          0.     0.000     0.000     0.000     0.000         0      0      0      0.000000  0.000000  99.990000      0          0        0.000000  0.000000  99.990000      0           0
   29629.480  0.055281  0.076002  99.9900000      0.000000     0.000000    0.033468  0.027355  99.9900000  0.001000   0.001000          0.     0.000     0.000     0.000     0.000         0      0      0      0.000000  0.000000  99.990000      0          0        0.000000  0.000000  99.990000      0           0
   29647.742 -0.052926  0.112720  99.9900000      0.000000     0.000000    0.037821  0.024460  99.9900000  0.001000   0.001000          0.     0.000     0.000     0.000     0.000         0      0      0      0.000000  0.000000  99.990000      0          0        0.000000  0.000000  99.990000      0           0
   29666.004 -0.055287  0.135274  99.9900000      0.000000     0.000000    0.022816  0.020898  99.9900000  0.001000   0.001000          0.     0.000     0.000     0.000     0.000         0      0      0      0.000000  0.000000  99.990000      0          0        0.000000  0.000000  99.990000      0           0
   29684.266 -0.095853  0.138390  99.9900000      0.000000     0.000000    0.024432  0.024704  99.9900000  0.001000   0.001000          0.     0.000     0.000     0.000     0.000         0      0      0      0.000000  0.000000  99.990000      0          0        0.000000  0.000000  99.990000      0           0
   29702.528 -0.124835  0.183129  99.9900000      0.000000     0.000000    0.023321  0.019005  99.9900000  0.001000   0.001000          0.     0.000     0.000     0.000     0.000         0      0      0      0.000000  0.000000  99.990000      0          0        0.000000  0.000000  99.990000      0           0
   29720.790 -0.147223  0.212412  99.9900000      0.000000     0.000000    0.035350  0.025147  99.9900000  0.001000   0.001000          0.     0.000     0.000     0.000     0.000         0      0      0      0.000000  0.000000  99.990000      0          0        0.000000  0.000000  99.990000      0           0
   29739.053 -0.161164  0.172674  99.9900000      0.000000     0.000000    0.025973  0.020881  99.9900000  0.001000   0.001000          0.     0.000     0.000     0.000     0.000         0      0      0      0.000000  0.000000  99.990000      0          0        0.000000  0.000000  99.990000      0           0
   29757.315 -0.109550  0.250947  99.9900000      0.000000     0.000000    0.027051  0.019652  99.9900000  0.001000   0.001000          0.     0.000     0.000     0.000     0.000         0      0      0      0.000000  0.000000  99.990000      0          0        0.000000  0.000000  99.990000      0           0
   29775.577 -0.040873  0.344565  99.9900000      0.000000     0.000000    0.025345  0.020120  99.9900000  0.001000   0.001000          0.     0.000     0.000     0.000     0.000         0      0      0      0.000000  0.000000  99.990000      0          0        0.000000  0.000000  99.990000      0           0
   29793.839  0.006849  0.335569  99.9900000      0.000000     0.000000    0.025152  0.019407  99.9900000  0.001000   0.001000          0.     0.000     0.000     0.000     0.000         0      0      0      0.000000  0.000000  99.990000      0          0        0.000000  0.000000  99.990000      0           0
   29812.101  0.058995  0.376322  99.9900000      0.000000     0.000000    0.026338  0.019656  99.9900000  0.001000   0.001000          0.     0.000     0.000     0.000     0.000         0      0      0      0.000000  0.000000  99.990000      0          0        0.000000  0.000000  99.990000      0           0
   29830.363  0.074350  0.364708  99.9900000      0.000000     0.000000    0.027965  0.019030  99.9900000  0.001000   0.001000          0.     0.000     0.000     0.000     0.000         0      0      0      0.000000  0.000000  99.990000      0          0        0.000000  0.000000  99.990000      0           0
   29848.625  0.150893  0.340991  99.9900000      0.000000     0.000000    0.026050  0.019573  99.9900000  0.001000   0.001000          0.     0.000     0.000     0.000     0.000         0      0      0      0.000000  0.000000  99.990000      0          0        0.000000  0.000000  99.990000      0           0
   29866.887  0.164150  0.308581  99.9900000      0.000000     0.000000    0.024350  0.019842  99.9900000  0.001000   0.001000          0.     0.000     0.000     0.000     0.000         0      0      0      0.000000  0.000000  99.990000      0          0        0.000000  0.000000  99.990000      0           0
   29885.149  0.148773  0.286392  99.9900000      0.000000     0.000000    0.031575  0.015795  99.9900000  0.001000   0.001000          0.     0.000     0.000     0.000     0.000         0      0      0      0.000000  0.000000  99.990000      0          0        0.000000  0.000000  99.990000      0           0
   29903.411  0.157006  0.221768  99.9900000      0.000000     0.000000    0.021095  0.015480  99.9900000  0.001000   0.001000          0.     0.000     0.000     0.000     0.000         0      0      0      0.000000  0.000000  99.990000      0          0        0.000000  0.000000  99.990000      0           0
   29921.674  0.131943  0.206471  99.9900000      0.000000     0.000000    0.031686  0.019399  99.9900000  0.001000   0.001000          0.     0.000     0.000     0.000     0.000         0      0      0      0.000000  0.000000  99.990000      0          0        0.000000  0.000000  99.990000      0           0
   29939.936  0.113422  0.160150  99.9900000      0.000000     0.000000    0.029710  0.019648  99.9900000  0.001000   0.001000          0.     0.000     0.000     0.000     0.000         0      0      0      0.000000  0.000000  99.990000      0          0        0.000000  0.000000  99.990000      0           0
   29958.198  0.052904  0.108725  99.9900000      0.000000     0.000000    0.047789  0.023256  99.9900000  0.001000   0.001000          0.     0.000     0.000     0.000     0.000         0      0      0      0.000000  0.000000  99.990000      0          0        0.000000  0.000000  99.990000      0           0
   29976.460  0.042372  0.147779  99.9900000      0.000000     0.000000    0.037504  0.022269  99.9900000  0.001000   0.001000          0.     0.000     0.000     0.000     0.000         0      0      0      0.000000  0.000000  99.990000      0          0        0.000000  0.000000  99.990000      0           0
   29994.722  0.127214  0.174043  99.9900000      0.000000     0.000000    0.038267  0.029903  99.9900000  0.001000   0.001000          0.     0.000     0.000     0.000     0.000         0      0      0      0.000000  0.000000  99.990000      0          0        0.000000  0.000000  99.990000      0           0
   30012.984  0.082647  0.149474  99.9900000      0.000000     0.000000    0.043154  0.035648  99.9900000  0.001000   0.001000          0.     0.000     0.000     0.000     0.000         0      0      0      0.000000  0.000000  99.990000      0          0        0.000000  0.000000  99.990000      0           0
   30031.246  0.048690  0.181112  99.9900000      0.000000     0.000000    0.031009  0.016315  99.9900000  0.001000   0.001000          0.     0.000     0.000     0.000     0.000         0      0      0      0.000000  0.000000  99.990000      0          0        0.000000  0.000000  99.990000      0           0
   30049.508 -0.000934  0.174336  99.9900000      0.000000     0.000000    0.034130  0.018459  99.9900000  0.001000   0.001000          0.     0.000     0.000     0.000     0.000         0      0      0      0.000000  0.000000  99.990000      0          0        0.000000  0.000000  99.990000      0           0
   30067.770 -0.007440  0.189414  99.9900000      0.000000     0.000000    0.033164  0.020646  99.9900000  0.001000   0.001000          0.     0.000     0.000     0.000     0.000         0      0      0      0.000000  0.000000  99.990000      0          0        0.000000  0.000000  99.990000      0           0
   30086.033 -0.074656  0.177047  99.9900000      0.000000     0.000000    0.030600  0.020286  99.9900000  0.001000   0.001000          0.     0.000     0.000     0.000     0.000         0      0      0      0.000000  0.000000  99.990000      0          0        0.000000  0.000000  99.990000      0           0
   30104.295 -0.104831  0.213402  99.9900000      0.000000     0.000000    0.030545  0.018949  99.9900000  0.001000   0.001000          0.     0.000     0.000     0.000     0.000         0      0      0      0.000000  0.000000  99.990000      0          0        0.000000  0.000000  99.990000      0           0
   30122.557 -0.070793  0.269119  99.9900000      0.000000     0.000000    0.029376  0.019758  99.9900000  0.001000   0.001000          0.     0.000     0.000     0.000     0.000         0      0      0      0.000000  0.000000  99.990000      0          0        0.000000  0.000000  99.990000      0           0
   30140.819 -0.041689  0.231946  99.9900000      0.000000     0.000000    0.026950  0.018704  99.9900000  0.001000   0.001000          0.     0.000     0.000     0.000     0.000         0      0      0      0.000000  0.000000  99.990000      0          0        0.000000  0.000000  99.990000      0           0
   30159.081 -0.052477  0.267084  99.9900000      0.000000     0.000000    0.032135  0.016842  99.9900000  0.001000   0.001000          0.     0.000     0.000     0.000     0.000         0      0      0      0.000000  0.000000  99.990000      0          0        0.000000  0.000000  99.990000      0           0
   30177.343 -0.058306  0.274561  99.9900000      0.000000     0.000000    0.037176  0.021875  99.9900000  0.001000   0.001000          0.     0.000     0.000     0.000     0.000         0      0      0      0.000000  0.000000  99.990000      0          0        0.000000  0.000000  99.990000      0           0
   30195.605  0.001819  0.318651  99.9900000      0.000000     0.000000    0.027786  0.018348  99.9900000  0.001000   0.001000          0.     0.000     0.000     0.000     0.000         0      0      0      0.000000  0.000000  99.990000      0          0        0.000000  0.000000  99.990000      0           0
   30213.867  0.015298  0.306924  99.9900000      0.000000     0.000000    0.022907  0.017208  99.9900000  0.001000   0.001000          0.     0.000     0.000     0.000     0.000         0      0      0      0.000000  0.000000  99.990000      0          0        0.000000  0.000000  99.990000      0           0
   30232.129  0.045640  0.311667  99.9900000      0.000000     0.000000    0.023032  0.017706  99.9900000  0.001000   0.001000          0.     0.000     0.000     0.000     0.000         0      0      0      0.000000  0.000000  99.990000      0          0        0.000000  0.000000  99.990000      0           0
   30250.391  0.056937  0.257287  99.9900000      0.000000     0.000000    0.021925  0.015057  99.9900000  0.001000   0.001000          0.     0.000     0.000     0.000     0.000         0      0      0      0.000000  0.000000  99.990000      0          0        0.000000  0.000000  99.990000      0           0
   30268.654  0.062699  0.266584  99.9900000      0.000000     0.000000    0.026150  0.021479  99.9900000  0.001000   0.001000          0.     0.000     0.000     0.000     0.000         0      0      0      0.000000  0.000000  99.990000      0          0        0.000000  0.000000  99.990000      0           0
   30286.916  0.084660  0.277547  99.9900000      0.000000     0.000000    0.027553  0.021365  99.9900000  0.001000   0.001000          0.     0.000     0.000     0.000     0.000         0      0      0      0.000000  0.000000  99.990000      0          0        0.000000  0.000000  99.990000      0           0
   30305.178  0.066996  0.235732  99.9900000      0.000000     0.000000    0.030887  0.024637  99.9900000  0.001000   0.001000          0.     0.000     0.000     0.000     0.000         0      0      0      0.000000  0.000000  99.990000      0          0        0.000000  0.000000  99.990000      0           0
   30323.440  0.056648  0.222170  99.9900000      0.000000     0.000000    0.026200  0.029254  99.9900000  0.001000   0.001000          0.     0.000     0.000     0.000     0.000         0      0      0      0.000000  0.000000  99.990000      0          0        0.000000  0.000000  99.990000      0           0
   30341.702  0.069634  0.261048  99.9900000      0.000000     0.000000    0.036831  0.025150  99.9900000  0.001000   0.001000          0.     0.000     0.000     0.000     0.000         0      0      0      0.000000  0.000000  99.990000      0          0        0.000000  0.000000  99.990000      0           0
   30359.964  0.060076  0.253427  99.9900000      0.000000     0.000000    0.045973  0.027097  99.9900000  0.001000   0.001000          0.     0.000     0.000     0.000     0.000         0      0      0      0.000000  0.000000  99.990000      0          0        0.000000  0.000000  99.990000      0           0
   30378.226  0.036205  0.240856  99.9900000      0.000000     0.000000    0.043322  0.030704  99.9900000  0.001000   0.001000          0.     0.000     0.000     0.000     0.000         0      0      0      0.000000  0.000000  99.990000      0          0        0.000000  0.000000  99.990000      0           0
   30396.488 -0.000520  0.217024  99.9900000      0.000000     0.000000    0.059543  0.031718  99.9900000  0.001000   0.001000          0.     0.000     0.000     0.000     0.000         0      0      0      0.000000  0.000000  99.990000      0          0        0.000000  0.000000  99.990000      0           0
   30414.750 -0.017576  0.245292  99.9900000      0.000000     0.000000    0.045571  0.024190  99.9900000  0.001000   0.001000          0.     0.000     0.000     0.000     0.000         0      0      0      0.000000  0.000000  99.990000      0          0        0.000000  0.000000  99.990000      0           0
   30433.012  0.020016  0.185102  99.9900000      0.000000     0.000000    0.033965  0.029962  99.9900000  0.001000   0.001000          0.     0.000     0.000     0.000     0.000         0      0      0      0.000000  0.000000  99.990000      0          0        0.000000  0.000000  99.990000      0           0
   30451.274  0.009432  0.171250  99.9900000      0.000000     0.000000    0.034336  0.023055  99.9900000  0.001000   0.001000          0.     0.000     0.000     0.000     0.000         0      0      0      0.000000  0.000000  99.990000      0          0        0.000000  0.000000  99.990000      0           0
   30469.537  0.000607  0.209798  99.9900000      0.000000     0.000000    0.030233  0.019638  99.9900000  0.001000   0.001000          0.     0.000     0.000     0.000     0.000         0      0      0      0.000000  0.000000  99.990000      0          0        0.000000  0.000000  99.990000      0           0
   30487.799  0.030935  0.223344  99.9900000      0.000000     0.000000    0.029953  0.018066  99.9900000  0.001000   0.001000          0.     0.000     0.000     0.000     0.000         0      0      0      0.000000  0.000000  99.990000      0          0        0.000000  0.000000  99.990000      0           0
   30506.061 -0.016599  0.218381  99.9900000      0.000000     0.000000    0.023532  0.017292  99.9900000  0.001000   0.001000          0.     0.000     0.000     0.000     0.000         0      0      0      0.000000  0.000000  99.990000      0          0        0.000000  0.000000  99.990000      0           0
   30524.323 -0.013416  0.234785  99.9900000      0.000000     0.000000    0.026274  0.019110  99.9900000  0.001000   0.001000          0.     0.000     0.000     0.000     0.000         0      0      0      0.000000  0.000000  99.990000      0          0        0.000000  0.000000  99.990000      0           0
   30542.585 -0.033019  0.230523  99.9900000      0.000000     0.000000    0.024613  0.016938  99.9900000  0.001000   0.001000          0.     0.000     0.000     0.000     0.000         0      0      0      0.000000  0.000000  99.990000      0          0        0.000000  0.000000  99.990000      0           0
   30560.847 -0.019978  0.248109  99.9900000      0.000000     0.000000    0.021061  0.018902  99.9900000  0.001000   0.001000          0.     0.000     0.000     0.000     0.000         0      0      0      0.000000  0.000000  99.990000      0          0        0.000000  0.000000  99.990000      0           0
   30579.109 -0.000593  0.231829  99.9900000      0.000000     0.000000    0.021807  0.021768  99.9900000  0.001000   0.001000          0.     0.000     0.000     0.000     0.000         0      0      0      0.000000  0.000000  99.990000      0          0        0.000000  0.000000  99.990000      0           0
   30597.371 -0.005736  0.229871  99.9900000      0.000000     0.000000    0.021062  0.017002  99.9900000  0.001000   0.001000          0.     0.000     0.000     0.000     0.000         0      0      0      0.000000  0.000000  99.990000      0          0        0.000000  0.000000  99.990000      0           0
   30615.633  0.027821  0.265220  99.9900000      0.000000     0.000000    0.021807  0.018204  99.9900000  0.001000   0.001000          0.     0.000     0.000     0.000     0.000         0      0      0      0.000000  0.000000  99.990000      0          0        0.000000  0.000000  99.990000      0           0
   30633.895 -0.019695  0.264755  99.9900000      0.000000     0.000000    0.024894  0.016865  99.9900000  0.001000   0.001000          0.     0.000     0.000     0.000     0.000         0      0      0      0.000000  0.000000  99.990000      0          0        0.000000  0.000000  99.990000      0           0
   30652.158 -0.025587  0.238343  99.9900000      0.000000     0.000000    0.025735  0.019754  99.9900000  0.001000   0.001000          0.     0.000     0.000     0.000     0.000         0      0      0      0.000000  0.000000  99.990000      0          0        0.000000  0.000000  99.990000      0           0
   30670.420 -0.038680  0.253506  99.9900000      0.000000     0.000000    0.028544  0.020519  99.9900000  0.001000   0.001000          0.     0.000     0.000     0.000     0.000         0      0      0      0.000000  0.000000  99.990000      0          0        0.000000  0.000000  99.990000      0           0
   30688.682 -0.014888  0.272887  99.9900000      0.000000     0.000000    0.033968  0.021039  99.9900000  0.001000   0.001000          0.     0.000     0.000     0.000     0.000         0      0      0      0.000000  0.000000  99.990000      0          0        0.000000  0.000000  99.990000      0           0
   30706.944 -0.033129  0.295840  99.9900000      0.000000     0.000000    0.032034  0.023432  99.9900000  0.001000   0.001000          0.     0.000     0.000     0.000     0.000         0      0      0      0.000000  0.000000  99.990000      0          0        0.000000  0.000000  99.990000      0           0
   30725.206 -0.012857  0.326986  99.9900000      0.000000     0.000000    0.037167  0.024510  99.9900000  0.001000   0.001000          0.     0.000     0.000     0.000     0.000         0      0      0      0.000000  0.000000  99.990000      0          0        0.000000  0.000000  99.990000      0           0
   30743.468  0.004363  0.325638  99.9900000      0.000000     0.000000    0.035165  0.022766  99.9900000  0.001000   0.001000          0.     0.000     0.000     0.000     0.000         0      0      0      0.000000  0.000000  99.990000      0          0        0.000000  0.000000  99.990000      0           0
   30761.730  0.024751  0.299849  99.9900000      0.000000     0.000000    0.035626  0.021742  99.9900000  0.001000   0.001000          0.     0.000     0.000     0.000     0.000         0      0      0      0.000000  0.000000  99.990000      0          0        0.000000  0.000000  99.990000      0           0
   30779.992  0.006247  0.310027  99.9900000      0.000000     0.000000    0.032158  0.017551  99.9900000  0.001000   0.001000          0.     0.000     0.000     0.000     0.000         0      0      0      0.000000  0.000000  99.990000      0          0        0.000000  0.000000  99.990000      0           0
   30798.254 -0.000019  0.286563  99.9900000      0.000000     0.000000    0.036697  0.020572  99.9900000  0.001000   0.001000          0.     0.000     0.000     0.000     0.000         0      0      0      0.000000  0.000000  99.990000      0          0        0.000000  0.000000  99.990000      0           0
   30816.517  0.039190  0.297423  99.9900000      0.000000     0.000000    0.029449  0.016378  99.9900000  0.001000   0.001000          0.     0.000     0.000     0.000     0.000         0      0      0      0.000000  0.000000  99.990000      0          0        0.000000  0.000000  99.990000      0           0
   30834.779  0.018829  0.226830  99.9900000      0.000000     0.000000    0.040190  0.021862  99.9900000  0.001000   0.001000          0.     0.000     0.000     0.000     0.000         0      0      0      0.000000  0.000000  99.990000      0          0        0.000000  0.000000  99.990000      0           0
   30853.041  0.078127  0.236629  99.9900000      0.000000     0.000000    0.039511  0.021767  99.9900000  0.001000   0.001000          0.     0.000     0.000     0.000     0.000         0      0      0      0.000000  0.000000  99.990000      0          0        0.000000  0.000000  99.990000      0           0
   30871.303  0.071640  0.246184  99.9900000      0.000000     0.000000    0.038410  0.020569  99.9900000  0.001000   0.001000          0.     0.000     0.000     0.000     0.000         0      0      0      0.000000  0.000000  99.990000      0          0        0.000000  0.000000  99.990000      0           0
   30889.565  0.074382  0.204803  99.9900000      0.000000     0.000000    0.030603  0.015906  99.9900000  0.001000   0.001000          0.     0.000     0.000     0.000     0.000         0      0      0      0.000000  0.000000  99.990000      0          0        0.000000  0.000000  99.990000      0           0
   30907.827  0.102588  0.141557  99.9900000      0.000000     0.000000    0.042289  0.020930  99.9900000  0.001000   0.001000          0.     0.000     0.000     0.000     0.000         0      0      0      0.000000  0.000000  99.990000      0          0        0.000000  0.000000  99.990000      0           0
   30926.089  0.026772  0.118284  99.9900000      0.000000     0.000000    0.048816  0.021592  99.9900000  0.001000   0.001000          0.     0.000     0.000     0.000     0.000         0      0      0      0.000000  0.000000  99.990000      0          0        0.000000  0.000000  99.990000      0           0
   30944.351  0.077126  0.150963  99.9900000      0.000000     0.000000    0.029905  0.015183  99.9900000  0.001000   0.001000          0.     0.000     0.000     0.000     0.000         0      0      0      0.000000  0.000000  99.990000      0          0        0.000000  0.000000  99.990000      0           0
   30962.613  0.073431  0.130367  99.9900000      0.000000     0.000000    0.033435  0.015148  99.9900000  0.001000   0.001000          0.     0.000     0.000     0.000     0.000         0      0      0      0.000000  0.000000  99.990000      0          0        0.000000  0.000000  99.990000      0           0
   30980.875  0.071830  0.142559  99.9900000      0.000000     0.000000    0.039699  0.015383  99.9900000  0.001000   0.001000          0.     0.000     0.000     0.000     0.000         0      0      0      0.000000  0.000000  99.990000      0          0        0.000000  0.000000  99.990000      0           0
   30999.138  0.084275  0.172659  99.9900000      0.000000     0.000000    0.039077  0.016138  99.9900000  0.001000   0.001000          0.     0.000     0.000     0.000     0.000         0      0      0      0.000000  0.000000  99.990000      0          0        0.000000  0.000000  99.990000      0           0
   31017.400 -0.065180  0.125408  99.9900000      0.000000     0.000000    0.039333  0.021393  99.9900000  0.001000   0.001000          0.     0.000     0.000     0.000     0.000         0      0      0      0.000000  0.000000  99.990000      0          0        0.000000  0.000000  99.990000      0           0
   31035.662 -0.040596  0.188212  99.9900000      0.000000     0.000000    0.035961  0.017119  99.9900000  0.001000   0.001000          0.     0.000     0.000     0.000     0.000         0      0      0      0.000000  0.000000  99.990000      0          0        0.000000  0.000000  99.990000      0           0
   31053.924 -0.069276  0.236682  99.9900000      0.000000     0.000000    0.036962  0.015015  99.9900000  0.001000   0.001000          0.     0.000     0.000     0.000     0.000         0      0      0      0.000000  0.000000  99.990000      0          0        0.000000  0.000000  99.990000      0           0
   31072.186 -0.130200  0.175644  99.9900000      0.000000     0.000000    0.043456  0.018003  99.9900000  0.001000   0.001000          0.     0.000     0.000     0.000     0.000         0      0      0      0.000000  0.000000  99.990000      0          0        0.000000  0.000000  99.990000      0           0
   31090.448 -0.140638  0.160925  99.9900000      0.000000     0.000000    0.055449  0.022982  99.9900000  0.001000   0.001000          0.     0.000     0.000     0.000     0.000         0      0      0      0.000000  0.000000  99.990000      0          0        0.000000  0.000000  99.990000      0           0
   31108.710 -0.082235  0.161953  99.9900000      0.000000     0.000000    0.048862  0.023451  99.9900000  0.001000   0.001000          0.     0.000     0.000     0.000     0.000         0      0      0      0.000000  0.000000  99.990000      0          0        0.000000  0.000000  99.990000      0           0
   31126.972 -0.226280  0.167574  99.9900000      0.000000     0.000000    0.046152  0.019463  99.9900000  0.001000   0.001000          0.     0.000     0.000     0.000     0.000         0      0      0      0.000000  0.000000  99.990000      0          0        0.000000  0.000000  99.990000      0           0
   31145.234 -0.219419  0.205008  99.9900000      0.000000     0.000000    0.048896  0.021068  99.9900000  0.001000   0.001000          0.     0.000     0.000     0.000     0.000         0      0      0      0.000000  0.000000  99.990000      0          0        0.000000  0.000000  99.990000      0           0
   31163.496 -0.173294  0.242571  99.9900000      0.000000     0.000000    0.051636  0.023741  99.9900000  0.001000   0.001000          0.     0.000     0.000     0.000     0.000         0      0      0      0.000000  0.000000  99.990000      0          0        0.000000  0.000000  99.990000      0           0
   31181.758 -0.060518  0.216142  99.9900000      0.000000     0.000000    0.056499  0.027556  99.9900000  0.001000   0.001000          0.     0.000     0.000     0.000     0.000         0      0      0      0.000000  0.000000  99.990000      0          0        0.000000  0.000000  99.990000      0           0
   31200.021 -0.039659  0.227659  99.9900000      0.000000     0.000000    0.052837  0.030096  99.9900000  0.001000   0.001000          0.     0.000     0.000     0.000     0.000         0      0      0      0.000000  0.000000  99.990000      0          0        0.000000  0.000000  99.990000      0           0
   31218.283 -0.001025  0.156933  99.9900000      0.000000     0.000000    0.044416  0.021923  99.9900000  0.001000   0.001000          0.     0.000     0.000     0.000     0.000         0      0      0      0.000000  0.000000  99.990000      0          0        0.000000  0.000000  99.990000      0           0
   31236.545  0.082196  0.264737  99.9900000      0.000000     0.000000    0.036025  0.020084  99.9900000  0.001000   0.001000          0.     0.000     0.000     0.000     0.000         0      0      0      0.000000  0.000000  99.990000      0          0        0.000000  0.000000  99.990000      0           0
   31254.807  0.151405  0.278765  99.9900000      0.000000     0.000000    0.038880  0.017834  99.9900000  0.001000   0.001000          0.     0.000     0.000     0.000     0.000         0      0      0      0.000000  0.000000  99.990000      0          0        0.000000  0.000000  99.990000      0           0
   31273.069  0.146208  0.215745  99.9900000      0.000000     0.000000    0.037623  0.016489  99.9900000  0.001000   0.001000          0.     0.000     0.000     0.000     0.000         0      0      0      0.000000  0.000000  99.990000      0          0        0.000000  0.000000  99.990000      0           0
   31291.331  0.208177  0.164814  99.9900000      0.000000     0.000000    0.039982  0.017606  99.9900000  0.001000   0.001000          0.     0.000     0.000     0.000     0.000         0      0      0      0.000000  0.000000  99.990000      0          0        0.000000  0.000000  99.990000      0           0
   31309.593  0.203082  0.096204  99.9900000      0.000000     0.000000    0.030221  0.015610  99.9900000  0.001000   0.001000          0.     0.000     0.000     0.000     0.000         0      0      0      0.000000  0.000000  99.990000      0          0        0.000000  0.000000  99.990000      0           0
   31327.855  0.193832  0.067200  99.9900000      0.000000     0.000000    0.034784  0.015768  99.9900000  0.001000   0.001000          0.     0.000     0.000     0.000     0.000         0      0      0      0.000000  0.000000  99.990000      0          0        0.000000  0.000000  99.990000      0           0
   31346.117  0.180482  0.026402  99.9900000      0.000000     0.000000    0.038383  0.017843  99.9900000  0.001000   0.001000          0.     0.000     0.000     0.000     0.000         0      0      0      0.000000  0.000000  99.990000      0          0        0.000000  0.000000  99.990000      0           0
   31364.379  0.070810 -0.000479  99.9900000      0.000000     0.000000    0.035372  0.020277  99.9900000  0.001000   0.001000          0.     0.000     0.000     0.000     0.000         0      0      0      0.000000  0.000000  99.990000      0          0        0.000000  0.000000  99.990000      0           0
   31382.642 -0.021583 -0.000870  99.9900000      0.000000     0.000000    0.033041  0.016278  99.9900000  0.001000   0.001000          0.     0.000     0.000     0.000     0.000         0      0      0      0.000000  0.000000  99.990000      0          0        0.000000  0.000000  99.990000      0           0
   31400.904 -0.069022  0.013413  99.9900000      0.000000     0.000000    0.035016  0.016277  99.9900000  0.001000   0.001000          0.     0.000     0.000     0.000     0.000         0      0      0      0.000000  0.000000  99.990000      0          0        0.000000  0.000000  99.990000      0           0
   31419.166 -0.103811  0.035004  99.9900000      0.000000     0.000000    0.037688  0.021267  99.9900000  0.001000   0.001000          0.     0.000     0.000     0.000     0.000         0      0      0      0.000000  0.000000  99.990000      0          0        0.000000  0.000000  99.990000      0           0
   31437.428 -0.110415  0.098184  99.9900000      0.000000     0.000000    0.038072  0.017028  99.9900000  0.001000   0.001000          0.     0.000     0.000     0.000     0.000         0      0      0      0.000000  0.000000  99.990000      0          0        0.000000  0.000000  99.990000      0           0
   31455.690 -0.102288  0.160246  99.9900000      0.000000     0.000000    0.064537  0.029647  99.9900000  0.001000   0.001000          0.     0.000     0.000     0.000     0.000         0      0      0      0.000000  0.000000  99.990000      0          0        0.000000  0.000000  99.990000      0           0
   31473.952 -0.185283  0.183401  99.9900000      0.000000     0.000000    0.041005  0.025848  99.9900000  0.001000   0.001000          0.     0.000     0.000     0.000     0.000         0      0      0      0.000000  0.000000  99.990000      0          0        0.000000  0.000000  99.990000      0           0
   31492.214 -0.233967  0.257380  99.9900000      0.000000     0.000000    0.044746  0.021251  99.9900000  0.001000   0.001000          0.     0.000     0.000     0.000     0.000         0      0      0      0.000000  0.000000  99.990000      0          0        0.000000  0.000000  99.990000      0           0
   31510.476 -0.226972  0.268627  99.9900000      0.000000     0.000000    0.046333  0.023175  99.9900000  0.001000   0.001000          0.     0.000     0.000     0.000     0.000         0      0      0      0.000000  0.000000  99.990000      0          0        0.000000  0.000000  99.990000      0           0
   31528.738 -0.155965  0.312171  99.9900000      0.000000     0.000000    0.046962  0.024448  99.9900000  0.001000   0.001000          0.     0.000     0.000     0.000     0.000         0      0      0      0.000000  0.000000  99.990000      0          0        0.000000  0.000000  99.990000      0           0
   31547.000 -0.145800  0.367070  99.9900000      0.000000     0.000000    0.044298  0.022989  99.9900000  0.001000   0.001000          0.     0.000     0.000     0.000     0.000         0      0      0      0.000000  0.000000  99.990000      0          0        0.000000  0.000000  99.990000      0           0
   31565.263 -0.139139  0.421727  99.9900000      0.000000     0.000000    0.035455  0.020847  99.9900000  0.001000   0.001000          0.     0.000     0.000     0.000     0.000         0      0      0      0.000000  0.000000  99.990000      0          0        0.000000  0.000000  99.990000      0           0
   31583.525 -0.079416  0.424858  99.9900000      0.000000     0.000000    0.037158  0.017723  99.9900000  0.001000   0.001000          0.     0.000     0.000     0.000     0.000         0      0      0      0.000000  0.000000  99.990000      0          0        0.000000  0.000000  99.990000      0           0
   31601.787  0.002322  0.428697  99.9900000      0.000000     0.000000    0.033337  0.017945  99.9900000  0.001000   0.001000          0.     0.000     0.000     0.000     0.000         0      0      0      0.000000  0.000000  99.990000      0          0        0.000000  0.000000  99.990000      0           0
   31620.049  0.051622  0.424856  99.9900000      0.000000     0.000000    0.041519  0.019183  99.9900000  0.001000   0.001000          0.     0.000     0.000     0.000     0.000         0      0      0      0.000000  0.000000  99.990000      0          0        0.000000  0.000000  99.990000      0           0
   31638.311  0.156020  0.379180  99.9900000      0.000000     0.000000    0.034170  0.017064  99.9900000  0.001000   0.001000          0.     0.000     0.000     0.000     0.000         0      0      0      0.000000  0.000000  99.990000      0          0        0.000000  0.000000  99.990000      0           0
   31656.573  0.180852  0.323657  99.9900000      0.000000     0.000000    0.038633  0.019974  99.9900000  0.001000   0.001000          0.     0.000     0.000     0.000     0.000         0      0      0      0.000000  0.000000  99.990000      0          0        0.000000  0.000000  99.990000      0           0
   31674.835  0.211332  0.277280  99.9900000      0.000000     0.000000    0.036504  0.018520  99.9900000  0.001000   0.001000          0.     0.000     0.000     0.000     0.000         0      0      0      0.000000  0.000000  99.990000      0          0        0.000000  0.000000  99.990000      0           0
   31693.097  0.219539  0.229463  99.9900000      0.000000     0.000000    0.035942  0.015441  99.9900000  0.001000   0.001000          0.     0.000     0.000     0.000     0.000         0      0      0      0.000000  0.000000  99.990000      0          0        0.000000  0.000000  99.990000      0           0
   31711.359  0.250932  0.134079  99.9900000      0.000000     0.000000    0.044302  0.021057  99.9900000  0.001000   0.001000          0.     0.000     0.000     0.000     0.000         0      0      0      0.000000  0.000000  99.990000      0          0        0.000000  0.000000  99.990000      0           0
   31729.622  0.313577  0.055991  99.9900000      0.000000     0.000000    0.053063  0.022920  99.9900000  0.001000   0.001000          0.     0.000     0.000     0.000     0.000         0      0      0      0.000000  0.000000  99.990000      0          0        0.000000  0.000000  99.990000      0           0
   31747.884  0.230796  0.013830  99.9900000      0.000000     0.000000    0.040436  0.016639  99.9900000  0.001000   0.001000          0.     0.000     0.000     0.000     0.000         0      0      0      0.000000  0.000000  99.990000      0          0        0.000000  0.000000  99.990000      0           0
   31766.146  0.117802 -0.002332  99.9900000      0.000000     0.000000    0.040192  0.021315  99.9900000  0.001000   0.001000          0.     0.000     0.000     0.000     0.000         0      0      0      0.000000  0.000000  99.990000      0          0        0.000000  0.000000  99.990000      0           0
   31784.408  0.037908 -0.023012  99.9900000      0.000000     0.000000    0.041726  0.023567  99.9900000  0.001000   0.001000          0.     0.000     0.000     0.000     0.000         0      0      0      0.000000  0.000000  99.990000      0          0        0.000000  0.000000  99.990000      0           0
   31802.670 -0.020772 -0.040109  99.9900000      0.000000     0.000000    0.052391  0.025539  99.9900000  0.001000   0.001000          0.     0.000     0.000     0.000     0.000         0      0      0      0.000000  0.000000  99.990000      0          0        0.000000  0.000000  99.990000      0           0
   31820.932 -0.078582 -0.006121  99.9900000      0.000000     0.000000    0.054155  0.028309  99.9900000  0.001000   0.001000          0.     0.000     0.000     0.000     0.000         0      0      0      0.000000  0.000000  99.990000      0          0        0.000000  0.000000  99.990000      0           0
   31839.194 -0.220125  0.030058  99.9900000      0.000000     0.000000    0.046365  0.021913  99.9900000  0.001000   0.001000          0.     0.000     0.000     0.000     0.000         0      0      0      0.000000  0.000000  99.990000      0          0        0.000000  0.000000  99.990000      0           0
   31857.456 -0.207468  0.075702  99.9900000      0.000000     0.000000    0.040938  0.020984  99.9900000  0.001000   0.001000          0.     0.000     0.000     0.000     0.000         0      0      0      0.000000  0.000000  99.990000      0          0        0.000000  0.000000  99.990000      0           0
   31875.718 -0.244219  0.124995  99.9900000      0.000000     0.000000    0.034427  0.016479  99.9900000  0.001000   0.001000          0.     0.000     0.000     0.000     0.000         0      0      0      0.000000  0.000000  99.990000      0          0        0.000000  0.000000  99.990000      0           0
   31893.980 -0.336554  0.170862  99.9900000      0.000000     0.000000    0.041383  0.022755  99.9900000  0.001000   0.001000          0.     0.000     0.000     0.000     0.000         0      0      0      0.000000  0.000000  99.990000      0          0        0.000000  0.000000  99.990000      0           0
   31912.243 -0.254917  0.239446  99.9900000      0.000000     0.000000    0.038624  0.016886  99.9900000  0.001000   0.001000          0.     0.000     0.000     0.000     0.000         0      0      0      0.000000  0.000000  99.990000      0          0        0.000000  0.000000  99.990000      0           0
   31930.505 -0.266734  0.315829  99.9900000      0.000000     0.000000    0.033207  0.018278  99.9900000  0.001000   0.001000          0.     0.000     0.000     0.000     0.000         0      0      0      0.000000  0.000000  99.990000      0          0        0.000000  0.000000  99.990000      0           0
   31948.767 -0.224681  0.354481  99.9900000      0.000000     0.000000    0.034180  0.019896  99.9900000  0.001000   0.001000          0.     0.000     0.000     0.000     0.000         0      0      0      0.000000  0.000000  99.990000      0          0        0.000000  0.000000  99.990000      0           0
   31967.029 -0.095685  0.419560  99.9900000      0.000000     0.000000    0.035320  0.016331  99.9900000  0.001000   0.001000          0.     0.000     0.000     0.000     0.000         0      0      0      0.000000  0.000000  99.990000      0          0        0.000000  0.000000  99.990000      0           0
   31985.291 -0.087986  0.471658  99.9900000      0.000000     0.000000    0.029200  0.020095  99.9900000  0.001000   0.001000          0.     0.000     0.000     0.000     0.000         0      0      0      0.000000  0.000000  99.990000      0          0        0.000000  0.000000  99.990000      0           0
   32003.553 -0.042702  0.447118  99.9900000      0.000000     0.000000    0.023034  0.017851  99.9900000  0.001000   0.001000          0.     0.000     0.000     0.000     0.000         0      0      0      0.000000  0.000000  99.990000      0          0        0.000000  0.000000  99.990000      0           0
   32021.815  0.083995  0.429165  99.9900000      0.000000     0.000000    0.020170  0.016589  99.9900000  0.001000   0.001000          0.     0.000     0.000     0.000     0.000         0      0      0      0.000000  0.000000  99.990000      0          0        0.000000  0.000000  99.990000      0           0
   32040.077  0.127415  0.436913  99.9900000      0.000000     0.000000    0.024233  0.016219  99.9900000  0.001000   0.001000          0.     0.000     0.000     0.000     0.000         0      0      0      0.000000  0.000000  99.990000      0          0        0.000000  0.000000  99.990000      0           0
   32058.339  0.191507  0.399178  99.9900000      0.000000     0.000000    0.024792  0.016191  99.9900000  0.001000   0.001000          0.     0.000     0.000     0.000     0.000         0      0      0      0.000000  0.000000  99.990000      0          0        0.000000  0.000000  99.990000      0           0
   32076.601  0.278730  0.311653  99.9900000      0.000000     0.000000    0.028261  0.022701  99.9900000  0.001000   0.001000          0.     0.000     0.000     0.000     0.000         0      0      0      0.000000  0.000000  99.990000      0          0        0.000000  0.000000  99.990000      0           0
   32094.863  0.349454  0.303695  99.9900000      0.000000     0.000000    0.023913  0.018309  99.9900000  0.001000   0.001000          0.     0.000     0.000     0.000     0.000         0      0      0      0.000000  0.000000  99.990000      0          0        0.000000  0.000000  99.990000      0           0
   32113.126  0.321247  0.251348  99.9900000      0.000000     0.000000    0.024949  0.017304  99.9900000  0.001000   0.001000          0.     0.000     0.000     0.000     0.000         0      0      0      0.000000  0.000000  99.990000      0          0        0.000000  0.000000  99.990000      0           0
   32131.388  0.300971  0.122045  99.9900000      0.000000     0.000000    0.036886  0.023217  99.9900000  0.001000   0.001000          0.     0.000     0.000     0.000     0.000         0      0      0      0.000000  0.000000  99.990000      0          0        0.000000  0.000000  99.990000      0           0
   32149.650  0.285203  0.080274  99.9900000      0.000000     0.000000    0.034911  0.024302  99.9900000  0.001000   0.001000          0.     0.000     0.000     0.000     0.000         0      0      0      0.000000  0.000000  99.990000      0          0        0.000000  0.000000  99.990000      0           0
   32167.912  0.241163  0.023400  99.9900000      0.000000     0.000000    0.038869  0.029964  99.9900000  0.001000   0.001000          0.     0.000     0.000     0.000     0.000         0      0      0      0.000000  0.000000  99.990000      0          0        0.000000  0.000000  99.990000      0           0
   32186.174  0.157120  0.048631  99.9900000      0.000000     0.000000    0.035510  0.026816  99.9900000  0.001000   0.001000          0.     0.000     0.000     0.000     0.000         0      0      0      0.000000  0.000000  99.990000      0          0        0.000000  0.000000  99.990000      0           0
   32204.436  0.097907  0.053600  99.9900000      0.000000     0.000000    0.039312  0.026621  99.9900000  0.001000   0.001000          0.     0.000     0.000     0.000     0.000         0      0      0      0.000000  0.000000  99.990000      0          0        0.000000  0.000000  99.990000      0           0
   32222.698 -0.020181 -0.001921  99.9900000      0.000000     0.000000    0.032348  0.021389  99.9900000  0.001000   0.001000          0.     0.000     0.000     0.000     0.000         0      0      0      0.000000  0.000000  99.990000      0          0        0.000000  0.000000  99.990000      0           0
   32240.960 -0.067853  0.034506  99.9900000      0.000000     0.000000    0.034939  0.020224  99.9900000  0.001000   0.001000          0.     0.000     0.000     0.000     0.000         0      0      0      0.000000  0.000000  99.990000      0          0        0.000000  0.000000  99.990000      0           0
   32259.222 -0.147759 -0.002608  99.9900000      0.000000     0.000000    0.031833  0.021813  99.9900000  0.001000   0.001000          0.     0.000     0.000     0.000     0.000         0      0      0      0.000000  0.000000  99.990000      0          0        0.000000  0.000000  99.990000      0           0
   32277.484 -0.160110  0.048311  99.9900000      0.000000     0.000000    0.032057  0.023965  99.9900000  0.001000   0.001000          0.     0.000     0.000     0.000     0.000         0      0      0      0.000000  0.000000  99.990000      0          0        0.000000  0.000000  99.990000      0           0
   32295.747 -0.204259  0.196896  99.9900000      0.000000     0.000000    0.024188  0.019622  99.9900000  0.001000   0.001000          0.     0.000     0.000     0.000     0.000         0      0      0      0.000000  0.000000  99.990000      0          0        0.000000  0.000000  99.990000      0           0
   32314.009 -0.259025  0.233462  99.9900000      0.000000     0.000000    0.030344  0.020835  99.9900000  0.001000   0.001000          0.     0.000     0.000     0.000     0.000         0      0      0      0.000000  0.000000  99.990000      0          0        0.000000  0.000000  99.990000      0           0
   32332.271 -0.200991  0.272094  99.9900000      0.000000     0.000000    0.023117  0.018277  99.9900000  0.001000   0.001000          0.     0.000     0.000     0.000     0.000         0      0      0      0.000000  0.000000  99.990000      0          0        0.000000  0.000000  99.990000      0           0
   32350.533 -0.181558  0.320387  99.9900000      0.000000     0.000000    0.026352  0.019594  99.9900000  0.001000   0.001000          0.     0.000     0.000     0.000     0.000         0      0      0      0.000000  0.000000  99.990000      0          0        0.000000  0.000000  99.990000      0           0
   32368.795 -0.119095  0.382165  99.9900000      0.000000     0.000000    0.034487  0.019455  99.9900000  0.001000   0.001000          0.     0.000     0.000     0.000     0.000         0      0      0      0.000000  0.000000  99.990000      0          0        0.000000  0.000000  99.990000      0           0
   32387.057 -0.042979  0.404889  99.9900000      0.000000     0.000000    0.027593  0.018361  99.9900000  0.001000   0.001000          0.     0.000     0.000     0.000     0.000         0      0      0      0.000000  0.000000  99.990000      0          0        0.000000  0.000000  99.990000      0           0
   32405.319  0.065085  0.441497  99.9900000      0.000000     0.000000    0.021620  0.019148  99.9900000  0.001000   0.001000          0.     0.000     0.000     0.000     0.000         0      0      0      0.000000  0.000000  99.990000      0          0        0.000000  0.000000  99.990000      0           0
   32423.581  0.106201  0.464981  99.9900000      0.000000     0.000000    0.023438  0.018779  99.9900000  0.001000   0.001000          0.     0.000     0.000     0.000     0.000         0      0      0      0.000000  0.000000  99.990000      0          0        0.000000  0.000000  99.990000      0           0
   32441.843  0.157779  0.459556  99.9900000      0.000000     0.000000    0.025968  0.016371  99.9900000  0.001000   0.001000          0.     0.000     0.000     0.000     0.000         0      0      0      0.000000  0.000000  99.990000      0          0        0.000000  0.000000  99.990000      0           0
   32460.106  0.210535  0.430268  99.9900000      0.000000     0.000000    0.024669  0.014618  99.9900000  0.001000   0.001000          0.     0.000     0.000     0.000     0.000         0      0      0      0.000000  0.000000  99.990000      0          0        0.000000  0.000000  99.990000      0           0
   32478.368  0.259233  0.417252  99.9900000      0.000000     0.000000    0.026948  0.017276  99.9900000  0.001000   0.001000          0.     0.000     0.000     0.000     0.000         0      0      0      0.000000  0.000000  99.990000      0          0        0.000000  0.000000  99.990000      0           0
   32496.630  0.268019  0.400059  99.9900000      0.000000     0.000000    0.023549  0.018638  99.9900000  0.001000   0.001000          0.     0.000     0.000     0.000     0.000         0      0      0      0.000000  0.000000  99.990000      0          0        0.000000  0.000000  99.990000      0           0
   32514.892  0.245078  0.334127  99.9900000      0.000000     0.000000    0.038780  0.026014  99.9900000  0.001000   0.001000          0.     0.000     0.000     0.000     0.000         0      0      0      0.000000  0.000000  99.990000      0          0        0.000000  0.000000  99.990000      0           0
   32533.154  0.272954  0.308712  99.9900000      0.000000     0.000000    0.031109  0.019385  99.9900000  0.001000   0.001000          0.     0.000     0.000     0.000     0.000         0      0      0      0.000000  0.000000  99.990000      0          0        0.000000  0.000000  99.990000      0           0
   32551.416  0.236001  0.302980  99.9900000      0.000000     0.000000    0.037719  0.020496  99.9900000  0.001000   0.001000          0.     0.000     0.000     0.000     0.000         0      0      0      0.000000  0.000000  99.990000      0          0        0.000000  0.000000  99.990000      0           0
   32569.678  0.198634  0.241876  99.9900000      0.000000     0.000000    0.028322  0.020006  99.9900000  0.001000   0.001000          0.     0.000     0.000     0.000     0.000         0      0      0      0.000000  0.000000  99.990000      0          0        0.000000  0.000000  99.990000      0           0
   32587.940  0.229271  0.192209  99.9900000      0.000000     0.000000    0.027877  0.022026  99.9900000  0.001000   0.001000          0.     0.000     0.000     0.000     0.000         0      0      0      0.000000  0.000000  99.990000      0          0        0.000000  0.000000  99.990000      0           0
   32606.202  0.152600  0.107791  99.9900000      0.000000     0.000000    0.027999  0.020576  99.9900000  0.001000   0.001000          0.     0.000     0.000     0.000     0.000         0      0      0      0.000000  0.000000  99.990000      0          0        0.000000  0.000000  99.990000      0           0
   32624.464  0.186580  0.105492  99.9900000      0.000000     0.000000    0.023031  0.018120  99.9900000  0.001000   0.001000          0.     0.000     0.000     0.000     0.000         0      0      0      0.000000  0.000000  99.990000      0          0        0.000000  0.000000  99.990000      0           0
   32642.727  0.132123  0.079077  99.9900000      0.000000     0.000000    0.026506  0.021917  99.9900000  0.001000   0.001000          0.     0.000     0.000     0.000     0.000         0      0      0      0.000000  0.000000  99.990000      0          0        0.000000  0.000000  99.990000      0           0
   32660.989  0.084327  0.051718  99.9900000      0.000000     0.000000    0.027351  0.023242  99.9900000  0.001000   0.001000          0.     0.000     0.000     0.000     0.000         0      0      0      0.000000  0.000000  99.990000      0          0        0.000000  0.000000  99.990000      0           0
   32679.251  0.008385  0.070819  99.9900000      0.000000     0.000000    0.025904  0.018336  99.9900000  0.001000   0.001000          0.     0.000     0.000     0.000     0.000         0      0      0      0.000000  0.000000  99.990000      0          0        0.000000  0.000000  99.990000      0           0
   32697.513 -0.028238  0.079704  99.9900000      0.000000     0.000000    0.024285  0.022696  99.9900000  0.001000   0.001000          0.     0.000     0.000     0.000     0.000         0      0      0      0.000000  0.000000  99.990000      0          0        0.000000  0.000000  99.990000      0           0
   32715.775 -0.059200  0.129895  99.9900000      0.000000     0.000000    0.023945  0.019839  99.9900000  0.001000   0.001000          0.     0.000     0.000     0.000     0.000         0      0      0      0.000000  0.000000  99.990000      0          0        0.000000  0.000000  99.990000      0           0
   32734.037 -0.046868  0.128672  99.9900000      0.000000     0.000000    0.023054  0.018163  99.9900000  0.001000   0.001000          0.     0.000     0.000     0.000     0.000         0      0      0      0.000000  0.000000  99.990000      0          0        0.000000  0.000000  99.990000      0           0
   32752.299 -0.062127  0.121972  99.9900000      0.000000     0.000000    0.026861  0.018017  99.9900000  0.001000   0.001000          0.     0.000     0.000     0.000     0.000         0      0      0      0.000000  0.000000  99.990000      0          0        0.000000  0.000000  99.990000      0           0
   32770.561 -0.066516  0.197973  99.9900000      0.000000     0.000000    0.020821  0.018249  99.9900000  0.001000   0.001000          0.     0.000     0.000     0.000     0.000         0      0      0      0.000000  0.000000  99.990000      0          0        0.000000  0.000000  99.990000      0           0
   32788.823 -0.080847  0.249652  99.9900000      0.000000     0.000000    0.023084  0.014797  99.9900000  0.001000   0.001000          0.     0.000     0.000     0.000     0.000         0      0      0      0.000000  0.000000  99.990000      0          0        0.000000  0.000000  99.990000      0           0
   32807.085 -0.121588  0.241855  99.9900000      0.000000     0.000000    0.021304  0.016014  99.9900000  0.001000   0.001000          0.     0.000     0.000     0.000     0.000         0      0      0      0.000000  0.000000  99.990000      0          0        0.000000  0.000000  99.990000      0           0
   32825.348 -0.078878  0.297386  99.9900000      0.000000     0.000000    0.021179  0.020437  99.9900000  0.001000   0.001000          0.     0.000     0.000     0.000     0.000         0      0      0      0.000000  0.000000  99.990000      0          0        0.000000  0.000000  99.990000      0           0
   32843.610 -0.035484  0.335569  99.9900000      0.000000     0.000000    0.023065  0.019392  99.9900000  0.001000   0.001000          0.     0.000     0.000     0.000     0.000         0      0      0      0.000000  0.000000  99.990000      0          0        0.000000  0.000000  99.990000      0           0
   32861.872 -0.044046  0.367943  99.9900000      0.000000     0.000000    0.023165  0.020838  99.9900000  0.001000   0.001000          0.     0.000     0.000     0.000     0.000         0      0      0      0.000000  0.000000  99.990000      0          0        0.000000  0.000000  99.990000      0           0
   32880.134 -0.002723  0.415647  99.9900000      0.000000     0.000000    0.024611  0.020050  99.9900000  0.001000   0.001000          0.     0.000     0.000     0.000     0.000         0      0      0      0.000000  0.000000  99.990000      0          0        0.000000  0.000000  99.990000      0           0
   32898.396  0.006872  0.457599  99.9900000      0.000000     0.000000    0.023180  0.023999  99.9900000  0.001000   0.001000          0.     0.000     0.000     0.000     0.000         0      0      0      0.000000  0.000000  99.990000      0          0        0.000000  0.000000  99.990000      0           0
   32916.658  0.031481  0.391739  99.9900000      0.000000     0.000000    0.036979  0.026057  99.9900000  0.001000   0.001000          0.     0.000     0.000     0.000     0.000         0      0      0      0.000000  0.000000  99.990000      0          0        0.000000  0.000000  99.990000      0           0
   32934.920  0.067664  0.409189  99.9900000      0.000000     0.000000    0.027692  0.023153  99.9900000  0.001000   0.001000          0.     0.000     0.000     0.000     0.000         0      0      0      0.000000  0.000000  99.990000      0          0        0.000000  0.000000  99.990000      0           0
   32953.182  0.046704  0.353807  99.9900000      0.000000     0.000000    0.025462  0.028447  99.9900000  0.001000   0.001000          0.     0.000     0.000     0.000     0.000         0      0      0      0.000000  0.000000  99.990000      0          0        0.000000  0.000000  99.990000      0           0
   32971.444  0.145132  0.358145  99.9900000      0.000000     0.000000    0.021468  0.022578  99.9900000  0.001000   0.001000          0.     0.000     0.000     0.000     0.000         0      0      0      0.000000  0.000000  99.990000      0          0        0.000000  0.000000  99.990000      0           0
   32989.706  0.183884  0.303202  99.9900000      0.000000     0.000000    0.024441  0.020473  99.9900000  0.001000   0.001000          0.     0.000     0.000     0.000     0.000         0      0      0      0.000000  0.000000  99.990000      0          0        0.000000  0.000000  99.990000      0           0
   33007.969  0.183920  0.249311  99.9900000      0.000000     0.000000    0.018422  0.021300  99.9900000  0.001000   0.001000          0.     0.000     0.000     0.000     0.000         0      0      0      0.000000  0.000000  99.990000      0          0        0.000000  0.000000  99.990000      0           0
   33026.231  0.183125  0.203647  99.9900000      0.000000     0.000000    0.016110  0.017193  99.9900000  0.001000   0.001000          0.     0.000     0.000     0.000     0.000         0      0      0      0.000000  0.000000  99.990000      0          0        0.000000  0.000000  99.990000      0           0
   33044.493  0.157148  0.158796  99.9900000      0.000000     0.000000    0.017359  0.017391  99.9900000  0.001000   0.001000          0.     0.000     0.000     0.000     0.000         0      0      0      0.000000  0.000000  99.990000      0          0        0.000000  0.000000  99.990000      0           0
   33062.755  0.159607  0.130684  99.9900000      0.000000     0.000000    0.016193  0.017097  99.9900000  0.001000   0.001000          0.     0.000     0.000     0.000     0.000         0      0      0      0.000000  0.000000  99.990000      0          0        0.000000  0.000000  99.990000      0           0
   33081.017  0.119379  0.064148  99.9900000      0.000000     0.000000    0.026364  0.019909  99.9900000  0.001000   0.001000          0.     0.000     0.000     0.000     0.000         0      0      0      0.000000  0.000000  99.990000      0          0        0.000000  0.000000  99.990000      0           0
   33099.279  0.168403  0.050333  99.9900000      0.000000     0.000000    0.018747  0.020684  99.9900000  0.001000   0.001000          0.     0.000     0.000     0.000     0.000         0      0      0      0.000000  0.000000  99.990000      0          0        0.000000  0.000000  99.990000      0           0
   33117.541  0.097787  0.056438  99.9900000      0.000000     0.000000    0.019696  0.019974  99.9900000  0.001000   0.001000          0.     0.000     0.000     0.000     0.000         0      0      0      0.000000  0.000000  99.990000      0          0        0.000000  0.000000  99.990000      0           0
   33135.803  0.058855  0.041693  99.9900000      0.000000     0.000000    0.018525  0.020100  99.9900000  0.001000   0.001000          0.     0.000     0.000     0.000     0.000         0      0      0      0.000000  0.000000  99.990000      0          0        0.000000  0.000000  99.990000      0           0
   33154.065  0.029862  0.039808  99.9900000      0.000000     0.000000    0.018305  0.016237  99.9900000  0.001000   0.001000          0.     0.000     0.000     0.000     0.000         0      0      0      0.000000  0.000000  99.990000      0          0        0.000000  0.000000  99.990000      0           0
   33172.327 -0.068363  0.023702  99.9900000      0.000000     0.000000    0.015319  0.015098  99.9900000  0.001000   0.001000          0.     0.000     0.000     0.000     0.000         0      0      0      0.000000  0.000000  99.990000      0          0        0.000000  0.000000  99.990000      0           0
   33190.590 -0.105055  0.076601  99.9900000      0.000000     0.000000    0.016701  0.016289  99.9900000  0.001000   0.001000          0.     0.000     0.000     0.000     0.000         0      0      0      0.000000  0.000000  99.990000      0          0        0.000000  0.000000  99.990000      0           0
   33208.852 -0.151123  0.118320  99.9900000      0.000000     0.000000    0.020124  0.021026  99.9900000  0.001000   0.001000          0.     0.000     0.000     0.000     0.000         0      0      0      0.000000  0.000000  99.990000      0          0        0.000000  0.000000  99.990000      0           0
   33227.114 -0.191339  0.196662  99.9900000      0.000000     0.000000    0.027105  0.021086  99.9900000  0.001000   0.001000          0.     0.000     0.000     0.000     0.000         0      0      0      0.000000  0.000000  99.990000      0          0        0.000000  0.000000  99.990000      0           0
   33245.376 -0.187786  0.276358  99.9900000      0.000000     0.000000    0.026410  0.013246  99.9900000  0.001000   0.001000          0.     0.000     0.000     0.000     0.000         0      0      0      0.000000  0.000000  99.990000      0          0        0.000000  0.000000  99.990000      0           0
   33263.638 -0.237360  0.331907  99.9900000      0.000000     0.000000    0.030488  0.019134  99.9900000  0.001000   0.001000          0.     0.000     0.000     0.000     0.000         0      0      0      0.000000  0.000000  99.990000      0          0        0.000000  0.000000  99.990000      0           0
   33281.900 -0.188617  0.403009  99.9900000      0.000000     0.000000    0.027656  0.017073  99.9900000  0.001000   0.001000          0.     0.000     0.000     0.000     0.000         0      0      0      0.000000  0.000000  99.990000      0          0        0.000000  0.000000  99.990000      0           0
   33300.162 -0.147763  0.421625  99.9900000      0.000000     0.000000    0.021785  0.015718  99.9900000  0.001000   0.001000          0.     0.000     0.000     0.000     0.000         0      0      0      0.000000  0.000000  99.990000      0          0        0.000000  0.000000  99.990000      0           0
   33318.424 -0.079486  0.492483  99.9900000      0.000000     0.000000    0.021172  0.014594  99.9900000  0.001000   0.001000          0.     0.000     0.000     0.000     0.000         0      0      0      0.000000  0.000000  99.990000      0          0        0.000000  0.000000  99.990000      0           0
   33336.686 -0.029800  0.525471  99.9900000      0.000000     0.000000    0.021819  0.014938  99.9900000  0.001000   0.001000          0.     0.000     0.000     0.000     0.000         0      0      0      0.000000  0.000000  99.990000      0          0        0.000000  0.000000  99.990000      0           0
   33354.948  0.040792  0.499323  99.9900000      0.000000     0.000000    0.019026  0.016618  99.9900000  0.001000   0.001000          0.     0.000     0.000     0.000     0.000         0      0      0      0.000000  0.000000  99.990000      0          0        0.000000  0.000000  99.990000      0           0
   33373.211  0.108183  0.489730  99.9900000      0.000000     0.000000    0.019741  0.013336  99.9900000  0.001000   0.001000          0.     0.000     0.000     0.000     0.000         0      0      0      0.000000  0.000000  99.990000      0          0        0.000000  0.000000  99.990000      0           0
   33391.473  0.178846  0.463624  99.9900000      0.000000     0.000000    0.016882  0.013275  99.9900000  0.001000   0.001000          0.     0.000     0.000     0.000     0.000         0      0      0      0.000000  0.000000  99.990000      0          0        0.000000  0.000000  99.990000      0           0
   33409.735  0.241150  0.427372  99.9900000      0.000000     0.000000    0.015928  0.013889  99.9900000  0.001000   0.001000          0.     0.000     0.000     0.000     0.000         0      0      0      0.000000  0.000000  99.990000      0          0        0.000000  0.000000  99.990000      0           0
   33427.997  0.259331  0.330959  99.9900000      0.000000     0.000000    0.019495  0.017994  99.9900000  0.001000   0.001000          0.     0.000     0.000     0.000     0.000         0      0      0      0.000000  0.000000  99.990000      0          0        0.000000  0.000000  99.990000      0           0
   33446.259  0.272633  0.246549  99.9900000      0.000000     0.000000    0.023070  0.017848  99.9900000  0.001000   0.001000          0.     0.000     0.000     0.000     0.000         0      0      0      0.000000  0.000000  99.990000      0          0        0.000000  0.000000  99.990000      0           0
   33464.521  0.297730  0.166555  99.9900000      0.000000     0.000000    0.019455  0.016359  99.9900000  0.001000   0.001000          0.     0.000     0.000     0.000     0.000         0      0      0      0.000000  0.000000  99.990000      0          0        0.000000  0.000000  99.990000      0           0
   33482.783  0.353993  0.198975  99.9900000      0.000000     0.000000    0.017613  0.014627  99.9900000  0.001000   0.001000          0.     0.000     0.000     0.000     0.000         0      0      0      0.000000  0.000000  99.990000      0          0        0.000000  0.000000  99.990000      0           0
   33501.045  0.353412  0.089302  99.9900000      0.000000     0.000000    0.016411  0.012472  99.9900000  0.001000   0.001000          0.     0.000     0.000     0.000     0.000         0      0      0      0.000000  0.000000  99.990000      0          0        0.000000  0.000000  99.990000      0           0
   33519.307  0.257393 -0.004739  99.9900000      0.000000     0.000000    0.017791  0.014801  99.9900000  0.001000   0.001000          0.     0.000     0.000     0.000     0.000         0      0      0      0.000000  0.000000  99.990000      0          0        0.000000  0.000000  99.990000      0           0
   33537.569  0.186884 -0.045755  99.9900000      0.000000     0.000000    0.019231  0.016270  99.9900000  0.001000   0.001000          0.     0.000     0.000     0.000     0.000         0      0      0      0.000000  0.000000  99.990000      0          0        0.000000  0.000000  99.990000      0           0
   33555.832  0.063278 -0.080616  99.9900000      0.000000     0.000000    0.015780  0.013724  99.9900000  0.001000   0.001000          0.     0.000     0.000     0.000     0.000         0      0      0      0.000000  0.000000  99.990000      0          0        0.000000  0.000000  99.990000      0           0
   33574.094 -0.028275 -0.105156  99.9900000      0.000000     0.000000    0.019796  0.014084  99.9900000  0.001000   0.001000          0.     0.000     0.000     0.000     0.000         0      0      0      0.000000  0.000000  99.990000      0          0        0.000000  0.000000  99.990000      0           0
   33592.356 -0.105101 -0.101765  99.9900000      0.000000     0.000000    0.022268  0.013504  99.9900000  0.001000   0.001000          0.     0.000     0.000     0.000     0.000         0      0      0      0.000000  0.000000  99.990000      0          0        0.000000  0.000000  99.990000      0           0
   33610.618 -0.205370 -0.064953  99.9900000      0.000000     0.000000    0.021494  0.016141  99.9900000  0.001000   0.001000          0.     0.000     0.000     0.000     0.000         0      0      0      0.000000  0.000000  99.990000      0          0        0.000000  0.000000  99.990000      0           0
   33628.880 -0.253846 -0.009040  99.9900000      0.000000     0.000000    0.036983  0.016822  99.9900000  0.001000   0.001000          0.     0.000     0.000     0.000     0.000         0      0      0      0.000000  0.000000  99.990000      0          0        0.000000  0.000000  99.990000      0           0
   33647.142 -0.330589  0.110413  99.9900000      0.000000     0.000000    0.024179  0.015421  99.9900000  0.001000   0.001000          0.     0.000     0.000     0.000     0.000         0      0      0      0.000000  0.000000  99.990000      0          0        0.000000  0.000000  99.990000      0           0
   33665.404 -0.303846  0.208484  99.9900000      0.000000     0.000000    0.022220  0.014413  99.9900000  0.001000   0.001000          0.     0.000     0.000     0.000     0.000         0      0      0      0.000000  0.000000  99.990000      0          0        0.000000  0.000000  99.990000      0           0
   33683.666 -0.325176  0.302834  99.9900000      0.000000     0.000000    0.019234  0.015467  99.9900000  0.001000   0.001000          0.     0.000     0.000     0.000     0.000         0      0      0      0.000000  0.000000  99.990000      0          0        0.000000  0.000000  99.990000      0           0
   33701.928 -0.320676  0.374918  99.9900000      0.000000     0.000000    0.020939  0.014802  99.9900000  0.001000   0.001000          0.     0.000     0.000     0.000     0.000         0      0      0      0.000000  0.000000  99.990000      0          0        0.000000  0.000000  99.990000      0           0
   33720.190 -0.202043  0.458088  99.9900000      0.000000     0.000000    0.022961  0.014935  99.9900000  0.001000   0.001000          0.     0.000     0.000     0.000     0.000         0      0      0      0.000000  0.000000  99.990000      0          0        0.000000  0.000000  99.990000      0           0
   33738.452 -0.143121  0.509632  99.9900000      0.000000     0.000000    0.019067  0.015366  99.9900000  0.001000   0.001000          0.     0.000     0.000     0.000     0.000         0      0      0      0.000000  0.000000  99.990000      0          0        0.000000  0.000000  99.990000      0           0
   33756.715 -0.065967  0.555546  99.9900000      0.000000     0.000000    0.017564  0.014224  99.9900000  0.001000   0.001000          0.     0.000     0.000     0.000     0.000         0      0      0      0.000000  0.000000  99.990000      0          0        0.000000  0.000000  99.990000      0           0
   33774.977  0.046998  0.557337  99.9900000      0.000000     0.000000    0.019676  0.013639  99.9900000  0.001000   0.001000          0.     0.000     0.000     0.000     0.000         0      0      0      0.000000  0.000000  99.990000      0          0        0.000000  0.000000  99.990000      0           0
   33793.239  0.158713  0.510491  99.9900000      0.000000     0.000000    0.018096  0.014523  99.9900000  0.001000   0.001000          0.     0.000     0.000     0.000     0.000         0      0      0      0.000000  0.000000  99.990000      0          0        0.000000  0.000000  99.990000      0           0
   33811.501  0.229247  0.463055  99.9900000      0.000000     0.000000    0.021940  0.014040  99.9900000  0.001000   0.001000          0.     0.000     0.000     0.000     0.000         0      0      0      0.000000  0.000000  99.990000      0          0        0.000000  0.000000  99.990000      0           0
   33829.763  0.304290  0.412512  99.9900000      0.000000     0.000000    0.019146  0.013117  99.9900000  0.001000   0.001000          0.     0.000     0.000     0.000     0.000         0      0      0      0.000000  0.000000  99.990000      0          0        0.000000  0.000000  99.990000      0           0
   33848.025  0.361676  0.334118  99.9900000      0.000000     0.000000    0.015058  0.013527  99.9900000  0.001000   0.001000          0.     0.000     0.000     0.000     0.000         0      0      0      0.000000  0.000000  99.990000      0          0        0.000000  0.000000  99.990000      0           0
   33866.287  0.417650  0.215747  99.9900000      0.000000     0.000000    0.013689  0.011304  99.9900000  0.001000   0.001000          0.     0.000     0.000     0.000     0.000         0      0      0      0.000000  0.000000  99.990000      0          0        0.000000  0.000000  99.990000      0           0
   33884.549  0.412285  0.116542  99.9900000      0.000000     0.000000    0.016561  0.012094  99.9900000  0.001000   0.001000          0.     0.000     0.000     0.000     0.000         0      0      0      0.000000  0.000000  99.990000      0          0        0.000000  0.000000  99.990000      0           0
   33902.811  0.366381  0.019612  99.9900000      0.000000     0.000000    0.015944  0.011198  99.9900000  0.001000   0.001000          0.     0.000     0.000     0.000     0.000         0      0      0      0.000000  0.000000  99.990000      0          0        0.000000  0.000000  99.990000      0           0
   33921.073  0.321305 -0.069307  99.9900000      0.000000     0.000000    0.019727  0.013467  99.9900000  0.001000   0.001000          0.     0.000     0.000     0.000     0.000         0      0      0      0.000000  0.000000  99.990000      0          0        0.000000  0.000000  99.990000      0           0
   33939.336  0.215075 -0.120725  99.9900000      0.000000     0.000000    0.017764  0.012703  99.9900000  0.001000   0.001000          0.     0.000     0.000     0.000     0.000         0      0      0      0.000000  0.000000  99.990000      0          0        0.000000  0.000000  99.990000      0           0
   33957.598  0.144538 -0.161096  99.9900000      0.000000     0.000000    0.017689  0.013886  99.9900000  0.001000   0.001000          0.     0.000     0.000     0.000     0.000         0      0      0      0.000000  0.000000  99.990000      0          0        0.000000  0.000000  99.990000      0           0
   33975.860  0.017811 -0.146837  99.9900000      0.000000     0.000000    0.022471  0.015292  99.9900000  0.001000   0.001000          0.     0.000     0.000     0.000     0.000         0      0      0      0.000000  0.000000  99.990000      0          0        0.000000  0.000000  99.990000      0           0
   33994.122 -0.076713 -0.157901  99.9900000      0.000000     0.000000    0.025172  0.016217  99.9900000  0.001000   0.001000          0.     0.000     0.000     0.000     0.000         0      0      0      0.000000  0.000000  99.990000      0          0        0.000000  0.000000  99.990000      0           0
   34012.384 -0.181029 -0.119495  99.9900000      0.000000     0.000000    0.026125  0.015000  99.9900000  0.001000   0.001000          0.     0.000     0.000     0.000     0.000         0      0      0      0.000000  0.000000  99.990000      0          0        0.000000  0.000000  99.990000      0           0
   34030.646 -0.261684 -0.066054  99.9900000      0.000000     0.000000    0.031447  0.017163  99.9900000  0.001000   0.001000          0.     0.000     0.000     0.000     0.000         0      0      0      0.000000  0.000000  99.990000      0          0        0.000000  0.000000  99.990000      0           0
   34048.908 -0.312182  0.074194  99.9900000      0.000000     0.000000    0.027046  0.015295  99.9900000  0.001000   0.001000          0.     0.000     0.000     0.000     0.000         0      0      0      0.000000  0.000000  99.990000      0          0        0.000000  0.000000  99.990000      0           0
   34067.170 -0.344793  0.169305  99.9900000      0.000000     0.000000    0.019821  0.014916  99.9900000  0.001000   0.001000          0.     0.000     0.000     0.000     0.000         0      0      0      0.000000  0.000000  99.990000      0          0        0.000000  0.000000  99.990000      0           0
   34085.432 -0.362170  0.260403  99.9900000      0.000000     0.000000    0.017695  0.013395  99.9900000  0.001000   0.001000          0.     0.000     0.000     0.000     0.000         0      0      0      0.000000  0.000000  99.990000      0          0        0.000000  0.000000  99.990000      0           0
   34103.694 -0.329074  0.363555  99.9900000      0.000000     0.000000    0.018145  0.014533  99.9900000  0.001000   0.001000          0.     0.000     0.000     0.000     0.000         0      0      0      0.000000  0.000000  99.990000      0          0        0.000000  0.000000  99.990000      0           0
   34121.957 -0.221127  0.457514  99.9900000      0.000000     0.000000    0.017854  0.013882  99.9900000  0.001000   0.001000          0.     0.000     0.000     0.000     0.000         0      0      0      0.000000  0.000000  99.990000      0          0        0.000000  0.000000  99.990000      0           0
   34140.219 -0.199705  0.551515  99.9900000      0.000000     0.000000    0.016589  0.014596  99.9900000  0.001000   0.001000          0.     0.000     0.000     0.000     0.000         0      0      0      0.000000  0.000000  99.990000      0          0        0.000000  0.000000  99.990000      0           0
   34158.481 -0.150430  0.588033  99.9900000      0.000000     0.000000    0.019440  0.013167  99.9900000  0.001000   0.001000          0.     0.000     0.000     0.000     0.000         0      0      0      0.000000  0.000000  99.990000      0          0        0.000000  0.000000  99.990000      0           0
   34176.743 -0.066326  0.619974  99.9900000      0.000000     0.000000    0.017215  0.012678  99.9900000  0.001000   0.001000          0.     0.000     0.000     0.000     0.000         0      0      0      0.000000  0.000000  99.990000      0          0        0.000000  0.000000  99.990000      0           0
   34195.005  0.089319  0.598162  99.9900000      0.000000     0.000000    0.014276  0.012085  99.9900000  0.001000   0.001000          0.     0.000     0.000     0.000     0.000         0      0      0      0.000000  0.000000  99.990000      0          0        0.000000  0.000000  99.990000      0           0
   34213.267  0.186651  0.562656  99.9900000      0.000000     0.000000    0.015005  0.011287  99.9900000  0.001000   0.001000          0.     0.000     0.000     0.000     0.000         0      0      0      0.000000  0.000000  99.990000      0          0        0.000000  0.000000  99.990000      0           0
   34231.529  0.317671  0.507583  99.9900000      0.000000     0.000000    0.015779  0.013724  99.9900000  0.001000   0.001000          0.     0.000     0.000     0.000     0.000         0      0      0      0.000000  0.000000  99.990000      0          0        0.000000  0.000000  99.990000      0           0
   34249.791  0.395025  0.447120  99.9900000      0.000000     0.000000    0.017751  0.012686  99.9900000  0.001000   0.001000          0.     0.000     0.000     0.000     0.000         0      0      0      0.000000  0.000000  99.990000      0          0        0.000000  0.000000  99.990000      0           0
   34268.053  0.403218  0.363494  99.9900000      0.000000     0.000000    0.017949  0.012232  99.9900000  0.001000   0.001000          0.     0.000     0.000     0.000     0.000         0      0      0      0.000000  0.000000  99.990000      0          0        0.000000  0.000000  99.990000      0           0
   34286.315  0.379703  0.258878  99.9900000      0.000000     0.000000    0.022034  0.013480  99.9900000  0.001000   0.001000          0.     0.000     0.000     0.000     0.000         0      0      0      0.000000  0.000000  99.990000      0          0        0.000000  0.000000  99.990000      0           0
   34304.578  0.388274  0.171481  99.9900000      0.000000     0.000000    0.020813  0.014900  99.9900000  0.001000   0.001000          0.     0.000     0.000     0.000     0.000         0      0      0      0.000000  0.000000  99.990000      0          0        0.000000  0.000000  99.990000      0           0
   34322.840  0.343735  0.068453  99.9900000      0.000000     0.000000    0.018994  0.013419  99.9900000  0.001000   0.001000          0.     0.000     0.000     0.000     0.000         0      0      0      0.000000  0.000000  99.990000      0          0        0.000000  0.000000  99.990000      0           0
   34341.102  0.267042  0.005739  99.9900000      0.000000     0.000000    0.025742  0.014742  99.9900000  0.001000   0.001000          0.     0.000     0.000     0.000     0.000         0      0      0      0.000000  0.000000  99.990000      0          0        0.000000  0.000000  99.990000      0           0
   34359.364  0.165772 -0.065378  99.9900000      0.000000     0.000000    0.030057  0.015059  99.9900000  0.001000   0.001000          0.     0.000     0.000     0.000     0.000         0      0      0      0.000000  0.000000  99.990000      0          0        0.000000  0.000000  99.990000      0           0
   34377.626  0.079414 -0.096676  99.9900000      0.000000     0.000000    0.030261  0.016981  99.9900000  0.001000   0.001000          0.     0.000     0.000     0.000     0.000         0      0      0      0.000000  0.000000  99.990000      0          0        0.000000  0.000000  99.990000      0           0
   34395.888 -0.005332 -0.127032  99.9900000      0.000000     0.000000    0.020566  0.016717  99.9900000  0.001000   0.001000          0.     0.000     0.000     0.000     0.000         0      0      0      0.000000  0.000000  99.990000      0          0        0.000000  0.000000  99.990000      0           0
   34414.150 -0.050306 -0.018095  99.9900000      0.000000     0.000000    0.021680  0.015672  99.9900000  0.001000   0.001000          0.     0.000     0.000     0.000     0.000         0      0      0      0.000000  0.000000  99.990000      0          0        0.000000  0.000000  99.990000      0           0
   34432.412 -0.130325  0.012582  99.9900000      0.000000     0.000000    0.019866  0.015590  99.9900000  0.001000   0.001000          0.     0.000     0.000     0.000     0.000         0      0      0      0.000000  0.000000  99.990000      0          0        0.000000  0.000000  99.990000      0           0
   34450.674 -0.208839  0.024686  99.9900000      0.000000     0.000000    0.018753  0.015957  99.9900000  0.001000   0.001000          0.     0.000     0.000     0.000     0.000         0      0      0      0.000000  0.000000  99.990000      0          0        0.000000  0.000000  99.990000      0           0
   34468.937 -0.240210  0.077965  99.9900000      0.000000     0.000000    0.020169  0.015887  99.9900000  0.001000   0.001000          0.     0.000     0.000     0.000     0.000         0      0      0      0.000000  0.000000  99.990000      0          0        0.000000  0.000000  99.990000      0           0
   34487.199 -0.266225  0.176370  99.9900000      0.000000     0.000000    0.020209  0.014475  99.9900000  0.001000   0.001000          0.     0.000     0.000     0.000     0.000         0      0      0      0.000000  0.000000  99.990000      0          0        0.000000  0.000000  99.990000      0           0
   34505.461 -0.322817  0.284500  99.9900000      0.000000     0.000000    0.019156  0.015431  99.9900000  0.001000   0.001000          0.     0.000     0.000     0.000     0.000         0      0      0      0.000000  0.000000  99.990000      0          0        0.000000  0.000000  99.990000      0           0
   34523.723 -0.308706  0.376585  99.9900000      0.000000     0.000000    0.019828  0.015729  99.9900000  0.001000   0.001000          0.     0.000     0.000     0.000     0.000         0      0      0      0.000000  0.000000  99.990000      0          0        0.000000  0.000000  99.990000      0           0
   34541.985 -0.187388  0.476796  99.9900000      0.000000     0.000000    0.022371  0.015278  99.9900000  0.001000   0.001000          0.     0.000     0.000     0.000     0.000         0      0      0      0.000000  0.000000  99.990000      0          0        0.000000  0.000000  99.990000      0           0
   34560.247 -0.106458  0.570261  99.9900000      0.000000     0.000000    0.018737  0.013951  99.9900000  0.001000   0.001000          0.     0.000     0.000     0.000     0.000         0      0      0      0.000000  0.000000  99.990000      0          0        0.000000  0.000000  99.990000      0           0
   34578.509 -0.008547  0.613938  99.9900000      0.000000     0.000000    0.019750  0.015528  99.9900000  0.001000   0.001000          0.     0.000     0.000     0.000     0.000         0      0      0      0.000000  0.000000  99.990000      0          0        0.000000  0.000000  99.990000      0           0
   34596.771  0.060251  0.568137  99.9900000      0.000000     0.000000    0.020871  0.014291  99.9900000  0.001000   0.001000          0.     0.000     0.000     0.000     0.000         0      0      0      0.000000  0.000000  99.990000      0          0        0.000000  0.000000  99.990000      0           0
   34615.033  0.111231  0.594706  99.9900000      0.000000     0.000000    0.019035  0.014566  99.9900000  0.001000   0.001000          0.     0.000     0.000     0.000     0.000         0      0      0      0.000000  0.000000  99.990000      0          0        0.000000  0.000000  99.990000      0           0
   34633.295  0.214407  0.550080  99.9900000      0.000000     0.000000    0.019977  0.016822  99.9900000  0.001000   0.001000          0.     0.000     0.000     0.000     0.000         0      0      0      0.000000  0.000000  99.990000      0          0        0.000000  0.000000  99.990000      0           0
   34651.558  0.262855  0.454952  99.9900000      0.000000     0.000000    0.020019  0.015991  99.9900000  0.001000   0.001000          0.     0.000     0.000     0.000     0.000         0      0      0      0.000000  0.000000  99.990000      0          0        0.000000  0.000000  99.990000      0           0
   34669.820  0.274119  0.406504  99.9900000      0.000000     0.000000    0.018156  0.012797  99.9900000  0.001000   0.001000          0.     0.000     0.000     0.000     0.000         0      0      0      0.000000  0.000000  99.990000      0          0        0.000000  0.000000  99.990000      0           0
   34688.082  0.296880  0.307594  99.9900000      0.000000     0.000000    0.018559  0.014140  99.9900000  0.001000   0.001000          0.     0.000     0.000     0.000     0.000         0      0      0      0.000000  0.000000  99.990000      0          0        0.000000  0.000000  99.990000      0           0
   34706.344  0.285617  0.219583  99.9900000      0.000000     0.000000    0.023248  0.015317  99.9900000  0.001000   0.001000          0.     0.000     0.000     0.000     0.000         0      0      0      0.000000  0.000000  99.990000      0          0        0.000000  0.000000  99.990000      0           0
   34724.606  0.225382  0.180629  99.9900000      0.000000     0.000000    0.022668  0.015001  99.9900000  0.001000   0.001000          0.     0.000     0.000     0.000     0.000         0      0      0      0.000000  0.000000  99.990000      0          0        0.000000  0.000000  99.990000      0           0
   34742.868  0.193398  0.098474  99.9900000      0.000000     0.000000    0.029284  0.015663  99.9900000  0.001000   0.001000          0.     0.000     0.000     0.000     0.000         0      0      0      0.000000  0.000000  99.990000      0          0        0.000000  0.000000  99.990000      0           0
   34761.130  0.103523  0.065715  99.9900000      0.000000     0.000000    0.025803  0.017299  99.9900000  0.001000   0.001000          0.     0.000     0.000     0.000     0.000         0      0      0      0.000000  0.000000  99.990000      0          0        0.000000  0.000000  99.990000      0           0
   34779.392  0.094438  0.024976  99.9900000      0.000000     0.000000    0.021456  0.013624  99.9900000  0.001000   0.001000          0.     0.000     0.000     0.000     0.000         0      0      0      0.000000  0.000000  99.990000      0          0        0.000000  0.000000  99.990000      0           0
   34797.654  0.014709  0.010969  99.9900000      0.000000     0.000000    0.021884  0.014778  99.9900000  0.001000   0.001000          0.     0.000     0.000     0.000     0.000         0      0      0      0.000000  0.000000  99.990000      0          0        0.000000  0.000000  99.990000      0           0
   34815.916 -0.100675  0.019901  99.9900000      0.000000     0.000000    0.028186  0.018505  99.9900000  0.001000   0.001000          0.     0.000     0.000     0.000     0.000         0      0      0      0.000000  0.000000  99.990000      0          0        0.000000  0.000000  99.990000      0           0
   34834.179 -0.106276  0.030664  99.9900000      0.000000     0.000000    0.019259  0.014911  99.9900000  0.001000   0.001000          0.     0.000     0.000     0.000     0.000         0      0      0      0.000000  0.000000  99.990000      0          0        0.000000  0.000000  99.990000      0           0
   34852.441 -0.135895  0.054056  99.9900000      0.000000     0.000000    0.018805  0.014693  99.9900000  0.001000   0.001000          0.     0.000     0.000     0.000     0.000         0      0      0      0.000000  0.000000  99.990000      0          0        0.000000  0.000000  99.990000      0           0
   34870.703 -0.188348  0.090762  99.9900000      0.000000     0.000000    0.019551  0.015142  99.9900000  0.001000   0.001000          0.     0.000     0.000     0.000     0.000         0      0      0      0.000000  0.000000  99.990000      0          0        0.000000  0.000000  99.990000      0           0
   34888.965 -0.181339  0.186355  99.9900000      0.000000     0.000000    0.020165  0.013614  99.9900000  0.001000   0.001000          0.     0.000     0.000     0.000     0.000         0      0      0      0.000000  0.000000  99.990000      0          0        0.000000  0.000000  99.990000      0           0
   34907.227 -0.142204  0.242445  99.9900000      0.000000     0.000000    0.019362  0.013018  99.9900000  0.001000   0.001000          0.     0.000     0.000     0.000     0.000         0      0      0      0.000000  0.000000  99.990000      0          0        0.000000  0.000000  99.990000      0           0
   34925.489 -0.171784  0.286088  99.9900000      0.000000     0.000000    0.019042  0.011277  99.9900000  0.001000   0.001000          0.     0.000     0.000     0.000     0.000         0      0      0      0.000000  0.000000  99.990000      0          0        0.000000  0.000000  99.990000      0           0
   34943.751 -0.161267  0.310853  99.9900000      0.000000     0.000000    0.016571  0.011194  99.9900000  0.001000   0.001000          0.     0.000     0.000     0.000     0.000         0      0      0      0.000000  0.000000  99.990000      0          0        0.000000  0.000000  99.990000      0           0
   34962.013 -0.121805  0.359073  99.9900000      0.000000     0.000000    0.016853  0.011034  99.9900000  0.001000   0.001000          0.     0.000     0.000     0.000     0.000         0      0      0      0.000000  0.000000  99.990000      0          0        0.000000  0.000000  99.990000      0           0
   34980.275 -0.045079  0.394214  99.9900000      0.000000     0.000000    0.015985  0.012801  99.9900000  0.001000   0.001000          0.     0.000     0.000     0.000     0.000         0      0      0      0.000000  0.000000  99.990000      0          0        0.000000  0.000000  99.990000      0           0
   34998.537 -0.043337  0.426263  99.9900000      0.000000     0.000000    0.014880  0.012120  99.9900000  0.001000   0.001000          0.     0.000     0.000     0.000     0.000         0      0      0      0.000000  0.000000  99.990000      0          0        0.000000  0.000000  99.990000      0           0
   35016.800 -0.007671  0.473708  99.9900000      0.000000     0.000000    0.022008  0.012006  99.9900000  0.001000   0.001000          0.     0.000     0.000     0.000     0.000         0      0      0      0.000000  0.000000  99.990000      0          0        0.000000  0.000000  99.990000      0           0
   35035.062  0.019959  0.448875  99.9900000      0.000000     0.000000    0.017801  0.011456  99.9900000  0.001000   0.001000          0.     0.000     0.000     0.000     0.000         0      0      0      0.000000  0.000000  99.990000      0          0        0.000000  0.000000  99.990000      0           0
   35053.324  0.073731  0.432897  99.9900000      0.000000     0.000000    0.025283  0.014392  99.9900000  0.001000   0.001000          0.     0.000     0.000     0.000     0.000         0      0      0      0.000000  0.000000  99.990000      0          0        0.000000  0.000000  99.990000      0           0
   35071.586  0.075626  0.379991  99.9900000      0.000000     0.000000    0.022422  0.015928  99.9900000  0.001000   0.001000          0.     0.000     0.000     0.000     0.000         0      0      0      0.000000  0.000000  99.990000      0          0        0.000000  0.000000  99.990000      0           0
   35089.848  0.135973  0.395460  99.9900000      0.000000     0.000000    0.030763  0.017753  99.9900000  0.001000   0.001000          0.     0.000     0.000     0.000     0.000         0      0      0      0.000000  0.000000  99.990000      0          0        0.000000  0.000000  99.990000      0           0
   35108.110  0.136581  0.335285  99.9900000      0.000000     0.000000    0.022560  0.010883  99.9900000  0.001000   0.001000          0.     0.000     0.000     0.000     0.000         0      0      0      0.000000  0.000000  99.990000      0          0        0.000000  0.000000  99.990000      0           0
   35126.372  0.179354  0.303595  99.9900000      0.000000     0.000000    0.018607  0.012624  99.9900000  0.001000   0.001000          0.     0.000     0.000     0.000     0.000         0      0      0      0.000000  0.000000  99.990000      0          0        0.000000  0.000000  99.990000      0           0
   35144.634  0.155846  0.286051  99.9900000      0.000000     0.000000    0.021332  0.016158  99.9900000  0.001000   0.001000          0.     0.000     0.000     0.000     0.000         0      0      0      0.000000  0.000000  99.990000      0          0        0.000000  0.000000  99.990000      0           0
   35162.896  0.194145  0.263188  99.9900000      0.000000     0.000000    0.016685  0.014005  99.9900000  0.001000   0.001000          0.     0.000     0.000     0.000     0.000         0      0      0      0.000000  0.000000  99.990000      0          0        0.000000  0.000000  99.990000      0           0
   35181.158  0.193391  0.232677  99.9900000      0.000000     0.000000    0.016030  0.013045  99.9900000  0.001000   0.001000          0.     0.000     0.000     0.000     0.000         0      0      0      0.000000  0.000000  99.990000      0          0        0.000000  0.000000  99.990000      0           0
   35199.421  0.182606  0.205261  99.9900000      0.000000     0.000000    0.016651  0.014183  99.9900000  0.001000   0.001000          0.     0.000     0.000     0.000     0.000         0      0      0      0.000000  0.000000  99.990000      0          0        0.000000  0.000000  99.990000      0           0
   35217.683  0.114608  0.126252  99.9900000      0.000000     0.000000    0.017736  0.015838  99.9900000  0.001000   0.001000          0.     0.000     0.000     0.000     0.000         0      0      0      0.000000  0.000000  99.990000      0          0        0.000000  0.000000  99.990000      0           0
   35235.945  0.116706  0.126866  99.9900000      0.000000     0.000000    0.017056  0.013294  99.9900000  0.001000   0.001000          0.     0.000     0.000     0.000     0.000         0      0      0      0.000000  0.000000  99.990000      0          0        0.000000  0.000000  99.990000      0           0
   35254.207  0.063237  0.085834  99.9900000      0.000000     0.000000    0.016771  0.013236  99.9900000  0.001000   0.001000          0.     0.000     0.000     0.000     0.000         0      0      0      0.000000  0.000000  99.990000      0          0        0.000000  0.000000  99.990000      0           0
   35272.469  0.020570  0.062179  99.9900000      0.000000     0.000000    0.015764  0.013947  99.9900000  0.001000   0.001000          0.     0.000     0.000     0.000     0.000         0      0      0      0.000000  0.000000  99.990000      0          0        0.000000  0.000000  99.990000      0           0
   35290.731 -0.004627  0.122436  99.9900000      0.000000     0.000000    0.015180  0.013068  99.9900000  0.001000   0.001000          0.     0.000     0.000     0.000     0.000         0      0      0      0.000000  0.000000  99.990000      0          0        0.000000  0.000000  99.990000      0           0
   35308.993 -0.030376  0.139668  99.9900000      0.000000     0.000000    0.015296  0.012676  99.9900000  0.001000   0.001000          0.     0.000     0.000     0.000     0.000         0      0      0      0.000000  0.000000  99.990000      0          0        0.000000  0.000000  99.990000      0           0
   35327.255 -0.062477  0.151728  99.9900000      0.000000     0.000000    0.014086  0.013085  99.9900000  0.001000   0.001000          0.     0.000     0.000     0.000     0.000         0      0      0      0.000000  0.000000  99.990000      0          0        0.000000  0.000000  99.990000      0           0
   35345.517 -0.090428  0.157112  99.9900000      0.000000     0.000000    0.013573  0.013788  99.9900000  0.001000   0.001000          0.     0.000     0.000     0.000     0.000         0      0      0      0.000000  0.000000  99.990000      0          0        0.000000  0.000000  99.990000      0           0
   35363.779 -0.119827  0.196562  99.9900000      0.000000     0.000000    0.015009  0.012564  99.9900000  0.001000   0.001000          0.     0.000     0.000     0.000     0.000         0      0      0      0.000000  0.000000  99.990000      0          0        0.000000  0.000000  99.990000      0           0
   35382.041 -0.154510  0.233092  99.9900000      0.000000     0.000000    0.019301  0.012418  99.9900000  0.001000   0.001000          0.     0.000     0.000     0.000     0.000         0      0      0      0.000000  0.000000  99.990000      0          0        0.000000  0.000000  99.990000      0           0
   35400.304 -0.139725  0.289768  99.9900000      0.000000     0.000000    0.018777  0.013943  99.9900000  0.001000   0.001000          0.     0.000     0.000     0.000     0.000         0      0      0      0.000000  0.000000  99.990000      0          0        0.000000  0.000000  99.990000      0           0
   35418.566 -0.133116  0.327423  99.9900000      0.000000     0.000000    0.022086  0.013841  99.9900000  0.001000   0.001000          0.     0.000     0.000     0.000     0.000         0      0      0      0.000000  0.000000  99.990000      0          0        0.000000  0.000000  99.990000      0           0
   35436.828 -0.133973  0.337076  99.9900000      0.000000     0.000000    0.017858  0.014557  99.9900000  0.001000   0.001000          0.     0.000     0.000     0.000     0.000         0      0      0      0.000000  0.000000  99.990000      0          0        0.000000  0.000000  99.990000      0           0
   35455.090 -0.051468  0.393302  99.9900000      0.000000     0.000000    0.018448  0.017592  99.9900000  0.001000   0.001000          0.     0.000     0.000     0.000     0.000         0      0      0      0.000000  0.000000  99.990000      0          0        0.000000  0.000000  99.990000      0           0
   35473.352  0.026626  0.459105   0.8530000      0.000000     0.000000    0.023311  0.014887   0.0030000  0.001000   0.001000          0.     0.000     0.000     0.000     0.000         0      0      0      0.000000  0.000000   0.001000      0          0        0.000000  0.000000   0.000333      0           0
   35491.614  0.111207  0.419980   0.8331370      0.000000     0.000000    0.019807  0.017394   0.0001000  0.001000   0.001000          0.     0.000     0.000     0.000     0.000         0      0      0      0.000000  0.000000   0.001000      0          0        0.000000  0.000000   0.000333      0           0
   35509.876  0.105900  0.491470   0.8135579      0.000000     0.000000    0.020653  0.014414   0.0001000  0.001000   0.001000          0.     0.000     0.000     0.000     0.000         0      0      0      0.000000  0.000000   0.001000      0          0        0.000000  0.000000   0.000333      0           0
   35528.138  0.099620  0.433208   0.7910597      0.000000     0.000000    0.018015  0.013952   0.0001000  0.001000   0.001000          0.     0.000     0.000     0.000     0.000         0      0      0      0.000000  0.000000   0.001000      0          0        0.000000  0.000000   0.000333      0           0
   35546.400  0.188497  0.474233   0.7705976      0.000000     0.000000    0.015880  0.015584   0.0001000  0.001000   0.001000          0.     0.000     0.000     0.000     0.000         0      0      0      0.000000  0.000000   0.001000      0          0        0.000000  0.000000   0.000333      0           0
   35564.662  0.170675  0.411486   0.7461606      0.000000     0.000000    0.018278  0.013704   0.0001000  0.001000   0.001000          0.     0.000     0.000     0.000     0.000         0      0      0      0.000000  0.000000   0.001000      0          0        0.000000  0.000000   0.000333      0           0
   35582.925  0.173085  0.350211   0.7192748      0.000000     0.000000    0.023561  0.013223   0.0001000  0.001000   0.001000          0.     0.000     0.000     0.000     0.000         0      0      0      0.000000  0.000000   0.001000      0          0        0.000000  0.000000   0.000333      0           0
   35601.187  0.199096  0.297692   0.7074766      0.000000     0.000000    0.019419  0.012977   0.0001000  0.001000   0.001000          0.     0.000     0.000     0.000     0.000         0      0      0      0.000000  0.000000   0.001265      0          0        0.000000  0.000000   0.000803      0           0
   35619.449  0.202793  0.249539   0.6857663      0.000000     0.000000    0.018553  0.013621   0.0001000  0.001000   0.001000          0.     0.000     0.000     0.000     0.000         0      0      0      0.000000  0.000000   0.000998      0          0        0.000000  0.000000   0.000666      0           0
   35637.711  0.215566  0.221271   0.6668022      0.000000     0.000000    0.021246  0.014442   0.0001000  0.001000   0.001000          0.     0.000     0.000     0.000     0.000         0      0      0      0.000000  0.000000   0.000644      0          0        0.000000  0.000000   0.000727      0           0
   35655.973  0.235843  0.149032   0.6608064      0.000000     0.000000    0.021685  0.013826   0.0001000  0.001000   0.001000          0.     0.000     0.000     0.000     0.000         0      0      0      0.000000  0.000000   0.000412      0          0        0.000000  0.000000   0.000692      0           0
   35674.235  0.191753  0.111794   0.6589992      0.000000     0.000000    0.017205  0.013668   0.0001000  0.001000   0.001000          0.     0.000     0.000     0.000     0.000         0      0      0      0.000000  0.000000   0.000222      0          0        0.000000  0.000000   0.000593      0           0
   35692.497  0.160709  0.115574   0.6498400      0.000000     0.000000    0.012344  0.011606   0.0001000  0.001000   0.001000          0.     0.000     0.000     0.000     0.000         0      0      0      0.000000  0.000000   0.000211      0          0        0.000000  0.000000   0.000510      0           0
   35710.759  0.122144  0.091970   0.6461140      0.000000     0.000000    0.012900  0.012287   0.0001000  0.001000   0.001000          0.     0.000     0.000     0.000     0.000         0      0      0      0.000000  0.000000   0.000474      0          0        0.000000  0.000000   0.000570      0           0
   35729.021  0.059778  0.093659   0.6335546      0.000000     0.000000    0.011459  0.012177   0.0001000  0.001000   0.001000          0.     0.000     0.000     0.000     0.000         0      0      0      0.000000  0.000000   0.000721      0          0        0.000000  0.000000   0.000536      0           0
   35747.283 -0.012712  0.110384   0.6234626      0.000000     0.000000    0.012515  0.012561   0.0001000  0.001000   0.001000          0.     0.000     0.000     0.000     0.000         0      0      0      0.000000  0.000000   0.000916      0          0        0.000000  0.000000   0.000620      0           0
   35765.546 -0.092545  0.146648   0.5970997      0.000000     0.000000    0.013602  0.013243   0.0001000  0.001000   0.001000          0.     0.000     0.000     0.000     0.000         0      0      0      0.000000  0.000000   0.001110      0          0        0.000000  0.000000   0.000580      0           0
   35783.808 -0.147662  0.168189   0.5734705      0.000000     0.000000    0.017817  0.012630   0.0001000  0.001000   0.001000          0.     0.000     0.000     0.000     0.000         0      0      0      0.000000  0.000000   0.001364      0          0        0.000000  0.000000   0.000577      0           0
   35802.070 -0.232597  0.225764   0.5477522      0.000000     0.000000    0.017343  0.011891   0.0001000  0.001000   0.001000          0.     0.000     0.000     0.000     0.000         0      0      0      0.000000  0.000000   0.001569      0          0        0.000000  0.000000   0.000564      0           0
   35820.332 -0.191151  0.282352   0.5333191      0.000000     0.000000    0.017531  0.014227   0.0001000  0.001000   0.001000          0.     0.000     0.000     0.000     0.000         0      0      0      0.000000  0.000000   0.000908      0          0        0.000000  0.000000   0.000580      0           0
   35838.594 -0.288399  0.355774   0.4997274      0.000000     0.000000    0.017223  0.014519   0.0001000  0.001000   0.001000          0.     0.000     0.000     0.000     0.000         0      0      0      0.000000  0.000000   0.001877      0          0        0.000000  0.000000   0.000620      0           0
   35856.856 -0.276601  0.374794   0.4852588      0.000000     0.000000    0.012932  0.013016   0.0001000  0.001000   0.001000          0.     0.000     0.000     0.000     0.000         0      0      0      0.000000  0.000000   0.000068      0          0        0.000000  0.000000   0.000547      0           0
   35875.118 -0.198316  0.474620   0.4683339      0.000000     0.000000    0.015152  0.013875   0.0001000  0.001000   0.001000          0.     0.000     0.000     0.000     0.000         0      0      0      0.000000  0.000000   0.001355      0          0        0.000000  0.000000   0.000537      0           0
   35893.380 -0.150131  0.526838   0.4436005      0.000000     0.000000    0.013857  0.013606   0.0001000  0.001000   0.001000          0.     0.000     0.000     0.000     0.000         0      0      0      0.000000  0.000000   0.001218      0          0        0.000000  0.000000   0.000621      0           0
   35911.642 -0.119337  0.557761   0.4099877      0.000000     0.000000    0.012782  0.013463   0.0001000  0.001000   0.001000          0.     0.000     0.000     0.000     0.000         0      0      0      0.000000  0.000000   0.001854      0          0        0.000000  0.000000   0.000608      0           0
   35929.904 -0.059977  0.555059   0.3822819      0.000000     0.000000    0.010586  0.011910   0.0001000  0.001000   0.001000          0.     0.000     0.000     0.000     0.000         0      0      0      0.000000  0.000000   0.001462      0          0        0.000000  0.000000   0.000536      0           0
   35948.167  0.021665  0.553346   0.3555372      0.000000     0.000000    0.013252  0.012676   0.0001000  0.001000   0.001000          0.     0.000     0.000     0.000     0.000         0      0      0      0.000000  0.000000   0.001431      0          0        0.000000  0.000000   0.000520      0           0
   35966.429  0.103870  0.578428   0.3196533      0.000000     0.000000    0.013230  0.012821   0.0001000  0.001000   0.001000          0.     0.000     0.000     0.000     0.000         0      0      0      0.000000  0.000000   0.001989      0          0        0.000000  0.000000   0.000601      0           0
   35984.691  0.169069  0.562151   0.2873853      0.000000     0.000000    0.012803  0.012169   0.0001000  0.001000   0.001000          0.     0.000     0.000     0.000     0.000         0      0      0      0.000000  0.000000   0.001680      0          0        0.000000  0.000000   0.000501      0           0
   36002.953  0.255375  0.507054   0.2664419      0.000000     0.000000    0.013763  0.012352   0.0001000  0.001000   0.001000          0.     0.000     0.000     0.000     0.000         0      0      0      0.000000  0.000000   0.000731      0          0        0.000000  0.000000   0.000534      0           0
   36021.215  0.266013  0.417714   0.2455453      0.000000     0.000000    0.012918  0.011473   0.0001000  0.001000   0.001000          0.     0.000     0.000     0.000     0.000         0      0      0      0.000000  0.000000   0.000925      0          0        0.000000  0.000000   0.000531      0           0
   36039.477  0.354246  0.387052   0.2416451      0.000000     0.000000    0.014641  0.012543   0.0001000  0.001000   0.001000          0.     0.000     0.000     0.000     0.000         0      0      0      0.000000  0.000000   0.000678      0          0        0.000000  0.000000   0.000566      0           0
   36057.739  0.361942  0.289456   0.2275810      0.000000     0.000000    0.013033  0.012630   0.0001000  0.001000   0.001000          0.     0.000     0.000     0.000     0.000         0      0      0      0.000000  0.000000   0.000366      0          0        0.000000  0.000000   0.000529      0           0
   36076.001  0.316668  0.174900   0.2230493      0.000000     0.000000    0.014589  0.013840   0.0001000  0.001000   0.001000          0.     0.000     0.000     0.000     0.000         0      0      0      0.000000  0.000000   0.000716      0          0        0.000000  0.000000   0.000656      0           0
   36094.263  0.271647  0.100248   0.2075890      0.000000     0.000000    0.015224  0.014432   0.0001000  0.001000   0.001000          0.     0.000     0.000     0.000     0.000         0      0      0      0.000000  0.000000   0.001252      0          0        0.000000  0.000000   0.000680      0           0
   36112.526  0.186360  0.083659   0.1741477      0.000000     0.000000    0.011861  0.011088   0.0001000  0.001000   0.001000          0.     0.000     0.000     0.000     0.000         0      0      0      0.000000  0.000000   0.001824      0          0        0.000000  0.000000   0.000502      0           0
   36130.788  0.090668  0.027867   0.1406882      0.000000     0.000000    0.012095  0.011628   0.0001000  0.001000   0.001000          0.     0.000     0.000     0.000     0.000         0      0      0      0.000000  0.000000   0.001643      0          0        0.000000  0.000000   0.000479      0           0
   36149.050  0.044306 -0.012609   0.1140898      0.000000     0.000000    0.016873  0.011589   0.0001000  0.001000   0.001000          0.     0.000     0.000     0.000     0.000         0      0      0      0.000000  0.000000   0.001378      0          0        0.000000  0.000000   0.000531      0           0
   36167.312 -0.048078 -0.004875   0.0803848      0.000000     0.000000    0.014155  0.012573   0.0001000  0.001000   0.001000          0.     0.000     0.000     0.000     0.000         0      0      0      0.000000  0.000000   0.001979      0          0        0.000000  0.000000   0.000572      0           0
   36185.574 -0.139169  0.056122   0.0447968      0.000000     0.000000    0.015650  0.013702   0.0001000  0.001000   0.001000          0.     0.000     0.000     0.000     0.000         0      0      0      0.000000  0.000000   0.001747      0          0        0.000000  0.000000   0.000620      0           0
   36203.836 -0.201455  0.101673   0.0108466      0.000000     0.000000    0.019749  0.014300   0.0001000  0.001000   0.001000          0.     0.000     0.000     0.000     0.000         0      0      0      0.000000  0.000000   0.001790      0          0        0.000000  0.000000   0.000694      0           0
   36222.098 -0.268865  0.183351  -0.0260837      0.000000     0.000000    0.015235  0.013307   0.0001000  0.001000   0.001000          0.     0.000     0.000     0.000     0.000         0      0      0      0.000000  0.000000   0.002010      0          0        0.000000  0.000000   0.000608      0           0
   36240.360 -0.265571  0.309288  -0.0505369      0.000000     0.000000    0.017491  0.014763   0.0001000  0.001000   0.001000          0.     0.000     0.000     0.000     0.000         0      0      0      0.000000  0.000000   0.001392      0          0        0.000000  0.000000   0.000596      0           0
   36258.622 -0.285947  0.343926  -0.0791332      0.000000     0.000000    0.018091  0.014544   0.0001000  0.001000   0.001000          0.     0.000     0.000     0.000     0.000         0      0      0      0.000000  0.000000   0.001369      0          0        0.000000  0.000000   0.000662      0           0
   36276.884 -0.275736  0.381393  -0.1133322      0.000000     0.000000    0.011257  0.011730   0.0001000  0.001000   0.001000          0.     0.000     0.000     0.000     0.000         0      0      0      0.000000  0.000000   0.002141      0          0        0.000000  0.000000   0.000536      0           0
   36295.147 -0.236014  0.440453  -0.1437531      0.000000     0.000000    0.012607  0.011777   0.0001000  0.001000   0.001000          0.     0.000     0.000     0.000     0.000         0      0      0      0.000000  0.000000   0.001683      0          0        0.000000  0.000000   0.000534      0           0
   36313.409 -0.153120  0.535970  -0.1787058      0.000000     0.000000    0.011741  0.010631   0.0001000  0.001000   0.001000          0.     0.000     0.000     0.000     0.000         0      0      0      0.000000  0.000000   0.001555      0          0        0.000000  0.000000   0.000507      0           0
   36331.671 -0.080020  0.548321  -0.2125370      0.000000     0.000000    0.012057  0.011590   0.0001000  0.001000   0.001000          0.     0.000     0.000     0.000     0.000         0      0      0      0.000000  0.000000   0.001864      0          0        0.000000  0.000000   0.000543      0           0
   36349.933 -0.024896  0.555378  -0.2441784      0.000000     0.000000    0.011541  0.010862   0.0001000  0.001000   0.001000          0.     0.000     0.000     0.000     0.000         0      0      0      0.000000  0.000000   0.001422      0          0        0.000000  0.000000   0.000544      0           0
   36368.195  0.050891  0.539903  -0.2646294      0.000000     0.000000    0.012655  0.011812   0.0001000  0.001000   0.001000          0.     0.000     0.000     0.000     0.000         0      0      0      0.000000  0.000000   0.000972      0          0        0.000000  0.000000   0.000560      0           0
   36386.457  0.123085  0.538846  -0.2770447      0.000000     0.000000    0.011390  0.011065   0.0001000  0.001000   0.001000          0.     0.000     0.000     0.000     0.000         0      0      0      0.000000  0.000000   0.000775      0          0        0.000000  0.000000   0.000558      0           0
   36404.719  0.201820  0.487700  -0.2881886      0.000000     0.000000    0.011472  0.011121   0.0001000  0.001000   0.001000          0.     0.000     0.000     0.000     0.000         0      0      0      0.000000  0.000000   0.000585      0          0        0.000000  0.000000   0.000494      0           0
   36422.981  0.279089  0.462729  -0.3009426      0.000000     0.000000    0.013362  0.011373   0.0001000  0.001000   0.001000          0.     0.000     0.000     0.000     0.000         0      0      0      0.000000  0.000000   0.000618      0          0        0.000000  0.000000   0.000536      0           0
   36441.243  0.333989  0.370136  -0.3125567      0.000000     0.000000    0.012692  0.010908   0.0001000  0.001000   0.001000          0.     0.000     0.000     0.000     0.000         0      0      0      0.000000  0.000000   0.000622      0          0        0.000000  0.000000   0.000544      0           0
   36459.505  0.345526  0.294224  -0.3245636      0.000000     0.000000    0.010554  0.009492   0.0001000  0.001000   0.001000          0.     0.000     0.000     0.000     0.000         0      0      0      0.000000  0.000000   0.001064      0          0        0.000000  0.000000   0.000449      0           0
   36477.768  0.323856  0.226054  -0.3451449      0.000000     0.000000    0.011111  0.009783   0.0001000  0.001000   0.001000          0.     0.000     0.000     0.000     0.000         0      0      0      0.000000  0.000000   0.001147      0          0        0.000000  0.000000   0.000464      0           0
   36496.030  0.313726  0.215099  -0.3763437      0.000000     0.000000    0.015148  0.011354   0.0001000  0.001000   0.001000          0.     0.000     0.000     0.000     0.000         0      0      0      0.000000  0.000000   0.002059      0          0        0.000000  0.000000   0.000535      0           0
   36514.292  0.246531  0.103922  -0.4104219      0.000000     0.000000    0.015366  0.011186   0.0001000  0.001000   0.001000          0.     0.000     0.000     0.000     0.000         0      0      0      0.000000  0.000000   0.001254      0          0        0.000000  0.000000   0.000556      0           0
   36532.554  0.172911  0.042075  -0.4353242      0.000000     0.000000    0.012200  0.010762   0.0001000  0.001000   0.001000          0.     0.000     0.000     0.000     0.000         0      0      0      0.000000  0.000000   0.001597      0          0        0.000000  0.000000   0.000562      0           0
   36550.816  0.096317  0.036093  -0.4660857      0.000000     0.000000    0.015408  0.012060   0.0001000  0.001000   0.001000          0.     0.000     0.000     0.000     0.000         0      0      0      0.000000  0.000000   0.001946      0          0        0.000000  0.000000   0.000594      0           0
   36569.078  0.003732  0.030045  -0.4905142      0.000000     0.000000    0.016259  0.013262   0.0001000  0.001000   0.001000          0.     0.000     0.000     0.000     0.000         0      0      0      0.000000  0.000000   0.001212      0          0        0.000000  0.000000   0.000668      0           0
   36587.340 -0.080362  0.063706  -0.5200654      0.000000     0.000000    0.011944  0.010993   0.0001000  0.001000   0.001000          0.     0.000     0.000     0.000     0.000         0      0      0      0.000000  0.000000   0.001471      0          0        0.000000  0.000000   0.000493      0           0
   36605.602 -0.142562  0.047517  -0.5463294      0.000000     0.000000    0.012288  0.010850   0.0001000  0.001000   0.001000          0.     0.000     0.000     0.000     0.000         0      0      0      0.000000  0.000000   0.001265      0          0        0.000000  0.000000   0.000459      0           0
   36623.864 -0.192888  0.065151  -0.5757382      0.000000     0.000000    0.011401  0.010578   0.0001000  0.001000   0.001000          0.     0.000     0.000     0.000     0.000         0      0      0      0.000000  0.000000   0.002043      0          0        0.000000  0.000000   0.000504      0           0
   36642.126 -0.231369  0.134489  -0.6062723      0.000000     0.000000    0.009843  0.010170   0.0001000  0.001000   0.001000          0.     0.000     0.000     0.000     0.000         0      0      0      0.000000  0.000000   0.001273      0          0        0.000000  0.000000   0.000558      0           0
   36660.389 -0.247218  0.185788  -0.6324777      0.000000     0.000000    0.011119  0.010215   0.0001000  0.001000   0.001000          0.     0.000     0.000     0.000     0.000         0      0      0      0.000000  0.000000   0.001425      0          0        0.000000  0.000000   0.000532      0           0
   36678.651 -0.250420  0.305403  -0.6599159      0.000000     0.000000    0.011794  0.010651   0.0001000  0.001000   0.001000          0.     0.000     0.000     0.000     0.000         0      0      0      0.000000  0.000000   0.001578      0          0        0.000000  0.000000   0.000534      0           0
   36696.913 -0.250062  0.374409  -0.6841636      0.000000     0.000000    0.011535  0.010640   0.0001000  0.001000   0.001000          0.     0.000     0.000     0.000     0.000         0      0      0      0.000000  0.000000   0.001154      0          0        0.000000  0.000000   0.000550      0           0
   36715.175 -0.205938  0.404305  -0.7032800      0.000000     0.000000    0.011728  0.010423   0.0001000  0.001000   0.001000          0.     0.000     0.000     0.000     0.000         0      0      0      0.000000  0.000000   0.001354      0          0        0.000000  0.000000   0.000528      0           0
   36733.437 -0.150668  0.477279  -0.7273809      0.000000     0.000000    0.011909  0.010945   0.0001000  0.001000   0.001000          0.     0.000     0.000     0.000     0.000         0      0      0      0.000000  0.000000   0.001032      0          0        0.000000  0.000000   0.000538      0           0
   36751.699 -0.067084  0.484661  -0.7430772      0.000000     0.000000    0.010629  0.010023   0.0001000  0.001000   0.001000          0.     0.000     0.000     0.000     0.000         0      0      0      0.000000  0.000000   0.000480      0          0        0.000000  0.000000   0.000488      0           0
   36769.961  0.003990  0.513114  -0.7448941      0.000000     0.000000    0.009862  0.010406   0.0001000  0.001000   0.001000          0.     0.000     0.000     0.000     0.000         0      0      0      0.000000  0.000000   0.000736      0          0        0.000000  0.000000   0.000490      0           0
   36788.223  0.087129  0.497094  -0.7702511      0.000000     0.000000    0.011357  0.010825   0.0001000  0.001000   0.001000          0.     0.000     0.000     0.000     0.000         0      0      0      0.000000  0.000000   0.000742      0          0        0.000000  0.000000   0.000542      0           0
   36806.485  0.147627  0.488678  -0.7787977      0.000000     0.000000    0.010871  0.010480   0.0001000  0.001000   0.001000          0.     0.000     0.000     0.000     0.000         0      0      0      0.000000  0.000000   0.000660      0          0        0.000000  0.000000   0.000509      0           0
   36824.747  0.201404  0.464924  -0.7981257      0.000000     0.000000    0.012339  0.010474   0.0001000  0.001000   0.001000          0.     0.000     0.000     0.000     0.000         0      0      0      0.000000  0.000000   0.001321      0          0        0.000000  0.000000   0.000536      0           0
   36843.010  0.236344  0.401119  -0.8251275      0.000000     0.000000    0.011430  0.009995   0.0001000  0.001000   0.001000          0.     0.000     0.000     0.000     0.000         0      0      0      0.000000  0.000000   0.001440      0          0        0.000000  0.000000   0.000506      0           0
   36861.272  0.247527  0.338431  -0.8553013      0.000000     0.000000    0.010705  0.009713   0.0001000  0.001000   0.001000          0.     0.000     0.000     0.000     0.000         0      0      0      0.000000  0.000000   0.001697      0          0        0.000000  0.000000   0.000443      0           0
   36879.534  0.236754  0.285145  -0.8904669      0.000000     0.000000    0.012301  0.010441   0.0001000  0.001000   0.001000          0.     0.000     0.000     0.000     0.000         0      0      0      0.000000  0.000000   0.001921      0          0        0.000000  0.000000   0.000481      0           0
   36897.796  0.228111  0.213266  -0.9137229      0.000000     0.000000    0.010483  0.009498   0.0001000  0.001000   0.001000          0.     0.000     0.000     0.000     0.000         0      0      0      0.000000  0.000000   0.001456      0          0        0.000000  0.000000   0.000499      0           0
   36916.058  0.175495  0.178530  -0.9463063      0.000000     0.000000    0.013031  0.011807   0.0001000  0.001000   0.001000          0.     0.000     0.000     0.000     0.000         0      0      0      0.000000  0.000000   0.001374      0          0        0.000000  0.000000   0.000574      0           0
   36934.320  0.121683  0.124155  -0.9769533      0.000000     0.000000    0.015911  0.012733   0.0001000  0.001000   0.001000          0.     0.000     0.000     0.000     0.000         0      0      0      0.000000  0.000000   0.001838      0          0        0.000000  0.000000   0.000603      0           0
   36952.582  0.086595  0.124880  -0.9999697      0.000000     0.000000    0.013290  0.011538   0.0001000  0.001000   0.001000          0.     0.000     0.000     0.000     0.000         0      0      0      0.000000  0.000000   0.001352      0          0        0.000000  0.000000   0.000555      0           0
   36970.844  0.014826  0.090367  -1.0271643      0.000000     0.000000    0.012665  0.011219   0.0001000  0.001000   0.001000          0.     0.000     0.000     0.000     0.000         0      0      0      0.000000  0.000000   0.000961      0          0        0.000000  0.000000   0.000536      0           0
   36989.106  0.001441  0.098125  -1.0446703      0.000000     0.000000    0.012959  0.010714   0.0001000  0.001000   0.001000          0.     0.000     0.000     0.000     0.000         0      0      0      0.000000  0.000000   0.001655      0          0        0.000000  0.000000   0.000565      0           0
   37007.368 -0.045976  0.117879  -1.0768022      0.000000     0.000000    0.012335  0.010456   0.0001000  0.001000   0.001000          0.     0.000     0.000     0.000     0.000         0      0      0      0.000000  0.000000   0.001956      0          0        0.000000  0.000000   0.000481      0           0
   37025.630 -0.065299  0.118822  -1.1043524      0.000000     0.000000    0.011175  0.010090   0.0001000  0.001000   0.001000          0.     0.000     0.000     0.000     0.000         0      0      0      0.000000  0.000000   0.001298      0          0        0.000000  0.000000   0.000488      0           0
   37043.893 -0.125829  0.160412  -1.1323857      0.000000     0.000000    0.010659  0.009893   0.0001000  0.001000   0.001000          0.     0.000     0.000     0.000     0.000         0      0      0      0.000000  0.000000   0.001599      0          0        0.000000  0.000000   0.000473      0           0
   37062.155 -0.116345  0.214354  -1.1660158      0.000000     0.000000    0.011763  0.010710   0.0001000  0.001000   0.001000          0.     0.000     0.000     0.000     0.000         0      0      0      0.000000  0.000000   0.001929      0          0        0.000000  0.000000   0.000495      0           0
   37080.417 -0.151405  0.224523  -1.1882302      0.000000     0.000000    0.010806  0.010538   0.0001000  0.001000   0.001000          0.     0.000     0.000     0.000     0.000         0      0      0      0.000000  0.000000   0.000947      0          0        0.000000  0.000000   0.000509      0           0
   37098.679 -0.144020  0.265358  -1.2074484      0.000000     0.000000    0.009242  0.009410   0.0001000  0.001000   0.001000          0.     0.000     0.000     0.000     0.000         0      0      0      0.000000  0.000000   0.000881      0          0        0.000000  0.000000   0.000477      0           0
   37116.941 -0.126133  0.317191  -1.2111174      0.000000     0.000000    0.010019  0.009807   0.0001000  0.001000   0.001000          0.     0.000     0.000     0.000     0.000         0      0      0      0.000000  0.000000   0.000811      0          0        0.000000  0.000000   0.000461      0           0
   37135.203 -0.092007  0.339529  -1.2272077      0.000000     0.000000    0.010783  0.009683   0.0001000  0.001000   0.001000          0.     0.000     0.000     0.000     0.000         0      0      0      0.000000  0.000000   0.000237      0          0        0.000000  0.000000   0.000541      0           0
   37153.465 -0.033553  0.348834  -1.2306334      0.000000     0.000000    0.009683  0.009986   0.0001000  0.001000   0.001000          0.     0.000     0.000     0.000     0.000         0      0      0      0.000000  0.000000   0.000182      0          0        0.000000  0.000000   0.000598      0           0
   37171.727 -0.012837  0.368361  -1.2457736      0.000000     0.000000    0.009832  0.010156   0.0001000  0.001000   0.001000          0.     0.000     0.000     0.000     0.000         0      0      0      0.000000  0.000000   0.001118      0          0        0.000000  0.000000   0.000495      0           0
   37189.989  0.030296  0.376580  -1.2623500      0.000000     0.000000    0.011025  0.010336   0.0001000  0.001000   0.001000          0.     0.000     0.000     0.000     0.000         0      0      0      0.000000  0.000000   0.000683      0          0        0.000000  0.000000   0.000524      0           0
   37208.251  0.053646  0.374039  -1.2768971      0.000000     0.000000    0.010361  0.009282   0.0001000  0.001000   0.001000          0.     0.000     0.000     0.000     0.000         0      0      0      0.000000  0.000000   0.001309      0          0        0.000000  0.000000   0.000437      0           0
   37226.514  0.063065  0.351508  -1.2981492      0.000000     0.000000    0.011653  0.009735   0.0001000  0.001000   0.001000          0.     0.000     0.000     0.000     0.000         0      0      0      0.000000  0.000000   0.001219      0          0        0.000000  0.000000   0.000441      0           0
   37244.776  0.053978  0.372996  -1.3285401      0.000000     0.000000    0.012695  0.010341   0.0001000  0.001000   0.001000          0.     0.000     0.000     0.000     0.000         0      0      0      0.000000  0.000000   0.001449      0          0        0.000000  0.000000   0.000464      0           0
   37263.038  0.066041  0.319370  -1.3525639      0.000000     0.000000    0.013263  0.010397   0.0001000  0.001000   0.001000          0.     0.000     0.000     0.000     0.000         0      0      0      0.000000  0.000000   0.001512      0          0        0.000000  0.000000   0.000463      0           0
   37281.300  0.095883  0.294012  -1.3786344      0.000000     0.000000    0.016520  0.011763   0.0001000  0.001000   0.001000          0.     0.000     0.000     0.000     0.000         0      0      0      0.000000  0.000000   0.001627      0          0        0.000000  0.000000   0.000599      0           0
   37299.562  0.069089  0.303553  -1.4023453      0.000000     0.000000    0.015169  0.012275   0.0001000  0.001000   0.001000          0.     0.000     0.000     0.000     0.000         0      0      0      0.000000  0.000000   0.000920      0          0        0.000000  0.000000   0.000583      0           0
   37317.824  0.091829  0.215330  -1.4250158      0.000000     0.000000    0.016388  0.013866   0.0001000  0.001000   0.001000          0.     0.000     0.000     0.000     0.000         0      0      0      0.000000  0.000000   0.001099      0          0        0.000000  0.000000   0.000612      0           0
   37336.086  0.052734  0.229312  -1.4477728      0.000000     0.000000    0.013428  0.011869   0.0001000  0.001000   0.001000          0.     0.000     0.000     0.000     0.000         0      0      0      0.000000  0.000000   0.001162      0          0        0.000000  0.000000   0.000533      0           0
   37354.348  0.068832  0.153388  -1.4661371      0.000000     0.000000    0.009241  0.009643   0.0001000  0.001000   0.001000          0.     0.000     0.000     0.000     0.000         0      0      0      0.000000  0.000000   0.001176      0          0        0.000000  0.000000   0.000399      0           0
   37372.610  0.033153  0.173751  -1.4973613      0.000000     0.000000    0.009511  0.010134   0.0001000  0.001000   0.001000          0.     0.000     0.000     0.000     0.000         0      0      0      0.000000  0.000000   0.001964      0          0        0.000000  0.000000   0.000430      0           0
   37390.872  0.048069  0.167247  -1.5308454      0.000000     0.000000    0.010933  0.011000   0.0001000  0.001000   0.001000          0.     0.000     0.000     0.000     0.000         0      0      0      0.000000  0.000000   0.001585      0          0        0.000000  0.000000   0.000453      0           0
   37409.135  0.024242  0.161177  -1.5467596      0.000000     0.000000    0.011612  0.010972   0.0001000  0.001000   0.001000          0.     0.000     0.000     0.000     0.000         0      0      0      0.000000  0.000000   0.000889      0          0        0.000000  0.000000   0.000498      0           0
   37427.397 -0.002507  0.173263  -1.5696066      0.000000     0.000000    0.010687  0.010667   0.0001000  0.001000   0.001000          0.     0.000     0.000     0.000     0.000         0      0      0      0.000000  0.000000   0.001569      0          0        0.000000  0.000000   0.000465      0           0
   37445.659  0.003338  0.173216  -1.6039934      0.000000     0.000000    0.010445  0.010198   0.0001000  0.001000   0.001000          0.     0.000     0.000     0.000     0.000         0      0      0      0.000000  0.000000   0.001375      0          0        0.000000  0.000000   0.000473      0           0
   37463.921  0.008822  0.174158  -1.6154794      0.000000     0.000000    0.009827  0.010387   0.0001000  0.001000   0.001000          0.     0.000     0.000     0.000     0.000         0      0      0      0.000000  0.000000   0.000765      0          0        0.000000  0.000000   0.000454      0           0
   37482.183  0.012509  0.158168  -1.6247678      0.000000     0.000000    0.011074  0.010497   0.0001000  0.001000   0.001000          0.     0.000     0.000     0.000     0.000         0      0      0      0.000000  0.000000   0.000349      0          0        0.000000  0.000000   0.000452      0           0
   37500.445  0.030123  0.182201  -1.6337400      0.000000     0.000000    0.012494  0.010727   0.0001000  0.001000   0.001000          0.     0.000     0.000     0.000     0.000         0      0      0      0.000000  0.000000   0.000470      0          0        0.000000  0.000000   0.000475      0           0
   37518.707  0.009346  0.210784  -1.6405715      0.000000     0.000000    0.012194  0.011071   0.0001000  0.001000   0.001000          0.     0.000     0.000     0.000     0.000         0      0      0      0.000000  0.000000   0.000707      0          0        0.000000  0.000000   0.000486      0           0
   37536.969  0.012800  0.185066  -1.6600984      0.000000     0.000000    0.011353  0.010763   0.0001000  0.001000   0.001000          0.     0.000     0.000     0.000     0.000         0      0      0      0.000000  0.000000   0.001061      0          0        0.000000  0.000000   0.000489      0           0
   37555.231 -0.015198  0.206726  -1.6786043      0.000000     0.000000    0.010229  0.009487   0.0001000  0.001000   0.001000          0.     0.000     0.000     0.000     0.000         0      0      0      0.000000  0.000000   0.000824      0          0        0.000000  0.000000   0.000414      0           0
   37573.493 -0.016394  0.216486  -1.6916831      0.000000     0.000000    0.010972  0.010163   0.0001000  0.001000   0.001000          0.     0.000     0.000     0.000     0.000         0      0      0      0.000000  0.000000   0.001025      0          0        0.000000  0.000000   0.000433      0           0
   37591.756 -0.036838  0.216628  -1.7103749      0.000000     0.000000    0.011733  0.010956   0.0001000  0.001000   0.001000          0.     0.000     0.000     0.000     0.000         0      0      0      0.000000  0.000000   0.001197      0          0        0.000000  0.000000   0.000515      0           0
   37610.018 -0.051958  0.249013  -1.7365182      0.000000     0.000000    0.012704  0.011404   0.0001000  0.001000   0.001000          0.     0.000     0.000     0.000     0.000         0      0      0      0.000000  0.000000   0.001230      0          0        0.000000  0.000000   0.000477      0           0
   37628.280 -0.062868  0.288391  -1.7647626      0.000000     0.000000    0.012681  0.010803   0.0001000  0.001000   0.001000          0.     0.000     0.000     0.000     0.000         0      0      0      0.000000  0.000000   0.001535      0          0        0.000000  0.000000   0.000462      0           0
   37646.542 -0.050273  0.270680  -1.7829369      0.000000     0.000000    0.011446  0.011132   0.0001000  0.001000   0.001000          0.     0.000     0.000     0.000     0.000         0      0      0      0.000000  0.000000   0.001163      0          0        0.000000  0.000000   0.000453      0           0
   37664.804 -0.018354  0.225756  -1.8130400      0.000000     0.000000    0.026086  0.025759   0.0001000  0.001000   0.001000          0.     0.000     0.000     0.000     0.000         0      0      0      0.000000  0.000000   0.001655      0          0        0.000000  0.000000   0.001171      0           0
   37683.066 -0.053824  0.228186  -1.8383595      0.000000     0.000000    0.030148  0.030174   0.0001000  0.001000   0.001000          0.     0.000     0.000     0.000     0.000         0      0      0      0.000000  0.000000   0.001057      0          0        0.000000  0.000000   0.001410      0           0
   37701.328 -0.060135  0.238641  -1.8584748      0.000000     0.000000    0.029999  0.029996   0.0001000  0.001000   0.001000          0.     0.000     0.000     0.000     0.000         0      0      0      0.000000  0.000000   0.001331      0          0        0.000000  0.000000   0.001400      0           0
   37719.590 -0.037163  0.251850  -1.8839863      0.000000     0.000000    0.029997  0.029997   0.0001000  0.001000   0.001000          0.     0.000     0.000     0.000     0.000         0      0      0      0.000000  0.000000   0.001373      0          0        0.000000  0.000000   0.001400      0           0
   37737.852  0.002395  0.260877  -1.9105542      0.000000     0.000000    0.030001  0.030001   0.0001000  0.001000   0.001000          0.     0.000     0.000     0.000     0.000         0      0      0      0.000000  0.000000   0.001550      0          0        0.000000  0.000000   0.001400      0           0
   37756.115  0.042475  0.250372  -1.9389632      0.000000     0.000000    0.030000  0.030000   0.0001000  0.001000   0.001000          0.     0.000     0.000     0.000     0.000         0      0      0      0.000000  0.000000   0.001558      0          0        0.000000  0.000000   0.001400      0           0
   37774.377  0.074018  0.229117  -1.9688765      0.000000     0.000000    0.030000  0.030000   0.0001000  0.001000   0.001000          0.     0.000     0.000     0.000     0.000         0      0      0      0.000000  0.000000   0.001686      0          0        0.000000  0.000000   0.001400      0           0
   37792.639  0.091302  0.210024  -1.9992299      0.000000     0.000000    0.030000  0.030000   0.0001000  0.001000   0.001000          0.     0.000     0.000     0.000     0.000         0      0      0      0.000000  0.000000   0.001662      0          0        0.000000  0.000000   0.001400      0           0
   37810.901  0.096735  0.181083  -2.0287794      0.000000     0.000000    0.030000  0.030000   0.0001000  0.001000   0.001000          0.     0.000     0.000     0.000     0.000         0      0      0      0.000000  0.000000   0.001397      0          0        0.000000  0.000000   0.001400      0           0
   37829.163  0.098536  0.142018  -2.0469031      0.000000     0.000000    0.030000  0.030000   0.0001000  0.001000   0.001000          0.     0.000     0.000     0.000     0.000         0      0      0      0.000000  0.000000   0.000710      0          0        0.000000  0.000000   0.001400      0           0
   37847.425  0.098375  0.114017  -2.0581498      0.000000     0.000000    0.030000  0.030000   0.0001000  0.001000   0.001000          0.     0.000     0.000     0.000     0.000         0      0      0      0.000000  0.000000   0.000588      0          0        0.000000  0.000000   0.001400      0           0
   37865.687  0.090453  0.097142  -2.0708043      0.000000     0.000000    0.030000  0.030000   0.0001000  0.001000   0.001000          0.     0.000     0.000     0.000     0.000         0      0      0      0.000000  0.000000   0.000813      0          0        0.000000  0.000000   0.001400      0           0
   37883.949  0.073870  0.074435  -2.0859520      0.000000     0.000000    0.030000  0.030000   0.0001000  0.001000   0.001000          0.     0.000     0.000     0.000     0.000         0      0      0      0.000000  0.000000   0.000768      0          0        0.000000  0.000000   0.001400      0           0
   37902.211  0.048888  0.050907  -2.0991564      0.000000     0.000000    0.030000  0.030000   0.0001000  0.001000   0.001000          0.     0.000     0.000     0.000     0.000         0      0      0      0.000000  0.000000   0.000813      0          0        0.000000  0.000000   0.001400      0           0
   37920.473  0.015078  0.042841  -2.1197001      0.000000     0.000000    0.030000  0.030000   0.0001000  0.001000   0.001000          0.     0.000     0.000     0.000     0.000         0      0      0      0.000000  0.000000   0.001348      0          0        0.000000  0.000000   0.001400      0           0
   37938.736 -0.025028  0.050149  -2.1429636      0.000000     0.000000    0.030000  0.030000   0.0001000  0.001000   0.001000          0.     0.000     0.000     0.000     0.000         0      0      0      0.000000  0.000000   0.001223      0          0        0.000000  0.000000   0.001400      0           0
   37956.998 -0.067873  0.067357  -2.1696465      0.000000     0.000000    0.030000  0.030000   0.0001000  0.001000   0.001000          0.     0.000     0.000     0.000     0.000         0      0      0      0.000000  0.000000   0.001761      0          0        0.000000  0.000000   0.001400      0           0
   37975.260 -0.098504  0.096995  -2.2022964      0.000000     0.000000    0.030000  0.030000   0.0001000  0.001000   0.001000          0.     0.000     0.000     0.000     0.000         0      0      0      0.000000  0.000000   0.001672      0          0        0.000000  0.000000   0.001400      0           0
   37993.522 -0.122398  0.133365  -2.2319014      0.000000     0.000000    0.030000  0.030000   0.0001000  0.001000   0.001000          0.     0.000     0.000     0.000     0.000         0      0      0      0.000000  0.000000   0.001661      0          0        0.000000  0.000000   0.001400      0           0
   38011.784 -0.158748  0.174988  -2.2636951      0.000000     0.000000    0.030000  0.030000   0.0001000  0.001000   0.001000          0.     0.000     0.000     0.000     0.000         0      0      0      0.000000  0.000000   0.001722      0          0        0.000000  0.000000   0.001400      0           0
   38030.046 -0.195430  0.218487  -2.2905145      0.000000     0.000000    0.030000  0.030000   0.0001000  0.001000   0.001000          0.     0.000     0.000     0.000     0.000         0      0      0      0.000000  0.000000   0.001204      0          0        0.000000  0.000000   0.001400      0           0
   38048.308 -0.204118  0.259918  -2.3097479      0.000000     0.000000    0.030000  0.030000   0.0001000  0.001000   0.001000          0.     0.000     0.000     0.000     0.000         0      0      0      0.000000  0.000000   0.000922      0          0        0.000000  0.000000   0.001400      0           0
   38066.570 -0.179995  0.293757  -2.3269581      0.000000     0.000000    0.030000  0.030000   0.0001000  0.001000   0.001000          0.     0.000     0.000     0.000     0.000         0      0      0      0.000000  0.000000   0.001092      0          0        0.000000  0.000000   0.001400      0           0
   38084.832 -0.143193  0.320728  -2.3495233      0.000000     0.000000    0.030000  0.030000   0.0001000  0.001000   0.001000          0.     0.000     0.000     0.000     0.000         0      0      0      0.000000  0.000000   0.001341      0          0        0.000000  0.000000   0.001400      0           0
   38103.094 -0.098939  0.344135  -2.3766253      0.000000     0.000000    0.030000  0.030000   0.0001000  0.001000   0.001000          0.     0.000     0.000     0.000     0.000         0      0      0      0.000000  0.000000   0.001614      0          0        0.000000  0.000000   0.001400      0           0
   38121.357 -0.043199  0.358184  -2.4084875      0.000000     0.000000    0.030000  0.030000   0.0001000  0.001000   0.001000          0.     0.000     0.000     0.000     0.000         0      0      0      0.000000  0.000000   0.001873      0          0        0.000000  0.000000   0.001400      0           0
   38139.619  0.021622  0.352366  -2.4423076      0.000000     0.000000    0.030000  0.030000   0.0001000  0.001000   0.001000          0.     0.000     0.000     0.000     0.000         0      0      0      0.000000  0.000000   0.001803      0          0        0.000000  0.000000   0.001400      0           0
   38157.881  0.089438  0.330914  -2.4757316      0.000000     0.000000    0.030000  0.030000   0.0001000  0.001000   0.001000          0.     0.000     0.000     0.000     0.000         0      0      0      0.000000  0.000000   0.001811      0          0        0.000000  0.000000   0.001400      0           0
   38176.143  0.147116  0.303392  -2.5050108      0.000000     0.000000    0.030000  0.030000   0.0001000  0.001000   0.001000          0.     0.000     0.000     0.000     0.000         0      0      0      0.000000  0.000000   0.001427      0          0        0.000000  0.000000   0.001400      0           0
   38194.405  0.191183  0.269112  -2.5308768      0.000000     0.000000    0.030000  0.030000   0.0001000  0.001000   0.001000          0.     0.000     0.000     0.000     0.000         0      0      0      0.000000  0.000000   0.001351      0          0        0.000000  0.000000   0.001400      0           0
   38212.667  0.220005  0.226620  -2.5517767      0.000000     0.000000    0.030000  0.030000   0.0001000  0.001000   0.001000          0.     0.000     0.000     0.000     0.000         0      0      0      0.000000  0.000000   0.000953      0          0        0.000000  0.000000   0.001400      0           0
   38230.929  0.224032  0.180344  -2.5664810      0.000000     0.000000    0.030000  0.030000   0.0001000  0.001000   0.001000          0.     0.000     0.000     0.000     0.000         0      0      0      0.000000  0.000000   0.000746      0          0        0.000000  0.000000   0.001400      0           0
   38249.191  0.200042  0.130365  -2.5833681      0.000000     0.000000    0.030000  0.030000   0.0001000  0.001000   0.001000          0.     0.000     0.000     0.000     0.000         0      0      0      0.000000  0.000000   0.001133      0          0        0.000000  0.000000   0.001400      0           0
   38267.453  0.153509  0.077994  -2.6052098      0.000000     0.000000    0.030000  0.030000   0.0001000  0.001000   0.001000          0.     0.000     0.000     0.000     0.000         0      0      0      0.000000  0.000000   0.001228      0          0        0.000000  0.000000   0.001400      0           0
   38285.715  0.100624  0.029293  -2.6309204      0.000000     0.000000    0.030000  0.030000   0.0001000  0.001000   0.001000          0.     0.000     0.000     0.000     0.000         0      0      0      0.000000  0.000000   0.001613      0          0        0.000000  0.000000   0.001400      0           0
   38303.978  0.044254 -0.007333  -2.6621208      0.000000     0.000000    0.030000  0.030000   0.0001000  0.001000   0.001000          0.     0.000     0.000     0.000     0.000         0      0      0      0.000000  0.000000   0.001775      0          0        0.000000  0.000000   0.001400      0           0
   38322.240 -0.025371 -0.022842  -2.6978028      0.000000     0.000000    0.030000  0.030000   0.0001000  0.001000   0.001000          0.     0.000     0.000     0.000     0.000         0      0      0      0.000000  0.000000   0.002216      0          0        0.000000  0.000000   0.001400      0           0
   38340.502 -0.096789 -0.011890  -2.7407657      0.000000     0.000000    0.030000  0.030000   0.0001000  0.001000   0.001000          0.     0.000     0.000     0.000     0.000         0      0      0      0.000000  0.000000   0.002255      0          0        0.000000  0.000000   0.001400      0           0
   38358.764 -0.146878  0.014651  -2.7778023      0.000000     0.000000    0.030000  0.030000   0.0001000  0.001000   0.001000          0.     0.000     0.000     0.000     0.000         0      0      0      0.000000  0.000000   0.001920      0          0        0.000000  0.000000   0.001400      0           0
   38377.026 -0.181562  0.044185  -2.8122321      0.000000     0.000000    0.030000  0.030000   0.0001000  0.001000   0.001000          0.     0.000     0.000     0.000     0.000         0      0      0      0.000000  0.000000   0.001855      0          0        0.000000  0.000000   0.001400      0           0
   38395.288 -0.226326  0.082555  -2.8470494      0.000000     0.000000    0.030000  0.030000   0.0001000  0.001000   0.001000          0.     0.000     0.000     0.000     0.000         0      0      0      0.000000  0.000000   0.002032      0          0        0.000000  0.000000   0.001400      0           0
   38413.550 -0.278863  0.140171  -2.8872116      0.000000     0.000000    0.030000  0.030000   0.0001000  0.001000   0.001000          0.     0.000     0.000     0.000     0.000         0      0      0      0.000000  0.000000   0.002243      0          0        0.000000  0.000000   0.001400      0           0
   38431.812 -0.305957  0.210892  -2.9260063      0.000000     0.000000    0.030000  0.030000   0.0001000  0.001000   0.001000          0.     0.000     0.000     0.000     0.000         0      0      0      0.000000  0.000000   0.002023      0          0        0.000000  0.000000   0.001400      0           0
   38450.074 -0.288675  0.277567  -2.9620836      0.000000     0.000000    0.030000  0.030000   0.0001000  0.001000   0.001000          0.     0.000     0.000     0.000     0.000         0      0      0      0.000000  0.000000   0.001992      0          0        0.000000  0.000000   0.001400      0           0
   38468.336 -0.241773  0.333998  -3.0019537      0.000000     0.000000    0.030000  0.030000   0.0001000  0.001000   0.001000          0.     0.000     0.000     0.000     0.000         0      0      0      0.000000  0.000000   0.002340      0          0        0.000000  0.000000   0.001400      0           0
   38486.599 -0.180072  0.384846  -3.0440129      0.000000     0.000000    0.030000  0.030000   0.0001000  0.001000   0.001000          0.     0.000     0.000     0.000     0.000         0      0      0      0.000000  0.000000   0.002220      0          0        0.000000  0.000000   0.001400      0           0
   38504.861 -0.112361  0.426302  -3.0821984      0.000000     0.000000    0.030000  0.030000   0.0001000  0.001000   0.001000          0.     0.000     0.000     0.000     0.000         0      0      0      0.000000  0.000000   0.002098      0          0        0.000000  0.000000   0.001400      0           0
   38523.123 -0.050480  0.453334  -3.1241596      0.000000     0.000000    0.030000  0.030000   0.0001000  0.001000   0.001000          0.     0.000     0.000     0.000     0.000         0      0      0      0.000000  0.000000   0.002325      0          0        0.000000  0.000000   0.001400      0           0
   38541.385  0.006542  0.459446  -3.1647547      0.000000     0.000000    0.030000  0.030000   0.0001000  0.001000   0.001000          0.     0.000     0.000     0.000     0.000         0      0      0      0.000000  0.000000   0.002208      0          0        0.000000  0.000000   0.001400      0           0
   38559.647  0.065288  0.445365  -3.1996358      0.000000     0.000000    0.030000  0.030000   0.0001000  0.001000   0.001000          0.     0.000     0.000     0.000     0.000         0      0      0      0.000000  0.000000   0.001388      0          0        0.000000  0.000000   0.001400      0           0
   38577.909  0.124090  0.415220  -3.2202158      0.000000     0.000000    0.030000  0.030000   0.0001000  0.001000   0.001000          0.     0.000     0.000     0.000     0.000         0      0      0      0.000000  0.000000   0.001156      0          0        0.000000  0.000000   0.001400      0           0
   38596.171  0.178723  0.374891  -3.2418369      0.000000     0.000000    0.030000  0.030000   0.0001000  0.001000   0.001000          0.     0.000     0.000     0.000     0.000         0      0      0      0.000000  0.000000   0.001152      0          0        0.000000  0.000000   0.001400      0           0
   38614.433  0.222360  0.319900  -3.2651168      0.000000     0.000000    0.030000  0.030000   0.0001000  0.001000   0.001000          0.     0.000     0.000     0.000     0.000         0      0      0      0.000000  0.000000   0.001368      0          0        0.000000  0.000000   0.001400      0           0
   38632.695  0.241938  0.245833  -3.2870750      0.000000     0.000000    0.030000  0.030000   0.0001000  0.001000   0.001000          0.     0.000     0.000     0.000     0.000         0      0      0      0.000000  0.000000   0.001100      0          0        0.000000  0.000000   0.001400      0           0
   38650.957  0.232859  0.163614  -3.3130804      0.000000     0.000000    0.030000  0.030000   0.0001000  0.001000   0.001000          0.     0.000     0.000     0.000     0.000         0      0      0      0.000000  0.000000   0.001839      0          0        0.000000  0.000000   0.001400      0           0
   38669.219  0.203752  0.092739  -3.3510727      0.000000     0.000000    0.030000  0.030000   0.0001000  0.001000   0.001000          0.     0.000     0.000     0.000     0.000         0      0      0      0.000000  0.000000   0.002241      0          0        0.000000  0.000000   0.001400      0           0
   38687.482  0.160684  0.043771  -3.3937860      0.000000     0.000000    0.030000  0.030000   0.0001000  0.001000   0.001000          0.     0.000     0.000     0.000     0.000         0      0      0      0.000000  0.000000   0.002352      0          0        0.000000  0.000000   0.001400      0           0
   38705.744  0.105109  0.011840  -3.4349225      0.000000     0.000000    0.030000  0.030000   0.0001000  0.001000   0.001000          0.     0.000     0.000     0.000     0.000         0      0      0      0.000000  0.000000   0.002209      0          0        0.000000  0.000000   0.001400      0           0
   38724.006  0.042777 -0.012589  -3.4756190      0.000000     0.000000    0.030000  0.030000   0.0001000  0.001000   0.001000          0.     0.000     0.000     0.000     0.000         0      0      0      0.000000  0.000000   0.002225      0          0        0.000000  0.000000   0.001400      0           0
   38742.268 -0.017426 -0.021176  -3.5176160      0.000000     0.000000    0.030000  0.030000   0.0001000  0.001000   0.001000          0.     0.000     0.000     0.000     0.000         0      0      0      0.000000  0.000000   0.002354      0          0        0.000000  0.000000   0.001400      0           0
   38760.530 -0.075557 -0.006819  -3.5566525      0.000000     0.000000    0.030000  0.030000   0.0001000  0.001000   0.001000          0.     0.000     0.000     0.000     0.000         0      0      0      0.000000  0.000000   0.001859      0          0        0.000000  0.000000   0.001400      0           0
   38778.792 -0.135133  0.026214  -3.5895721      0.000000     0.000000    0.030000  0.030000   0.0001000  0.001000   0.001000          0.     0.000     0.000     0.000     0.000         0      0      0      0.000000  0.000000   0.001950      0          0        0.000000  0.000000   0.001400      0           0
   38797.054 -0.187238  0.068932  -3.6292232      0.000000     0.000000    0.030000  0.030000   0.0001000  0.001000   0.001000          0.     0.000     0.000     0.000     0.000         0      0      0      0.000000  0.000000   0.002243      0          0        0.000000  0.000000   0.001400      0           0
   38815.316 -0.222283  0.114672  -3.6691670      0.000000     0.000000    0.030000  0.030000   0.0001000  0.001000   0.001000          0.     0.000     0.000     0.000     0.000         0      0      0      0.000000  0.000000   0.002249      0          0        0.000000  0.000000   0.001400      0           0
   38833.578 -0.241417  0.170247  -3.7147343      0.000000     0.000000    0.030000  0.030000   0.0001000  0.001000   0.001000          0.     0.000     0.000     0.000     0.000         0      0      0      0.000000  0.000000   0.002687      0          0        0.000000  0.000000   0.001400      0           0
   38851.840 -0.238206  0.230705  -3.7645416      0.000000     0.000000    0.030000  0.030000   0.0001000  0.001000   0.001000          0.     0.000     0.000     0.000     0.000         0      0      0      0.000000  0.000000   0.002753      0          0        0.000000  0.000000   0.001400      0           0
   38870.103 -0.214942  0.286809  -3.8133370      0.000000     0.000000    0.030000  0.030000   0.0001000  0.001000   0.001000          0.     0.000     0.000     0.000     0.000         0      0      0      0.000000  0.000000   0.002482      0          0        0.000000  0.000000   0.001400      0           0
   38888.365 -0.185427  0.335402  -3.8551744      0.000000     0.000000    0.030000  0.030000   0.0001000  0.001000   0.001000          0.     0.000     0.000     0.000     0.000         0      0      0      0.000000  0.000000   0.002215      0          0        0.000000  0.000000   0.001400      0           0
   38906.627 -0.153101  0.374423  -3.8956912      0.000000     0.000000    0.030000  0.030000   0.0001000  0.001000   0.001000          0.     0.000     0.000     0.000     0.000         0      0      0      0.000000  0.000000   0.002195      0          0        0.000000  0.000000   0.001400      0           0
   38924.889 -0.105004  0.406951  -3.9347920      0.000000     0.000000    0.030000  0.030000   0.0001000  0.001000   0.001000          0.     0.000     0.000     0.000     0.000         0      0      0      0.000000  0.000000   0.002026      0          0        0.000000  0.000000   0.001400      0           0
   38943.151 -0.034649  0.430055  -3.9659710      0.000000     0.000000    0.030000  0.030000   0.0001000  0.001000   0.001000          0.     0.000     0.000     0.000     0.000         0      0      0      0.000000  0.000000   0.001466      0          0        0.000000  0.000000   0.001400      0           0
   38961.413  0.035130  0.432472  -3.9950144      0.000000     0.000000    0.030000  0.030000   0.0001000  0.001000   0.001000          0.     0.000     0.000     0.000     0.000         0      0      0      0.000000  0.000000   0.001718      0          0        0.000000  0.000000   0.001400      0           0
   38979.675  0.079038  0.412687  -4.0254479      0.000000     0.000000    0.030000  0.030000   0.0001000  0.001000   0.001000          0.     0.000     0.000     0.000     0.000         0      0      0      0.000000  0.000000   0.001617      0          0        0.000000  0.000000   0.001400      0           0
   38997.937  0.106346  0.368533  -4.0572441      0.000000     0.000000    0.030000  0.030000   0.0001000  0.001000   0.001000          0.     0.000     0.000     0.000     0.000         0      0      0      0.000000  0.000000   0.001940      0          0        0.000000  0.000000   0.001400      0           0
   39016.199  0.137719  0.306069  -4.0954148      0.000000     0.000000    0.030000  0.030000   0.0001000  0.001000   0.001000          0.     0.000     0.000     0.000     0.000         0      0      0      0.000000  0.000000   0.002204      0          0        0.000000  0.000000   0.001400      0           0
   39034.461  0.170939  0.241014  -4.1389691      0.000000     0.000000    0.030000  0.030000   0.0001000  0.001000   0.001000          0.     0.000     0.000     0.000     0.000         0      0      0      0.000000  0.000000   0.002549      0          0        0.000000  0.000000   0.001400      0           0
   39052.724  0.192057  0.183271  -4.1845130      0.000000     0.000000    0.030000  0.030000   0.0001000  0.001000   0.001000          0.     0.000     0.000     0.000     0.000         0      0      0      0.000000  0.000000   0.002421      0          0        0.000000  0.000000   0.001400      0           0
   39070.986  0.188129  0.136048  -4.2303793      0.000000     0.000000    0.030000  0.030000   0.0001000  0.001000   0.001000          0.     0.000     0.000     0.000     0.000         0      0      0      0.000000  0.000000   0.002649      0          0        0.000000  0.000000   0.001400      0           0
   39089.248  0.158141  0.091135  -4.2789655      0.000000     0.000000    0.030000  0.030000   0.0001000  0.001000   0.001000          0.     0.000     0.000     0.000     0.000         0      0      0      0.000000  0.000000   0.002553      0          0        0.000000  0.000000   0.001400      0           0
   39107.510  0.110088  0.048507  -4.3209993      0.000000     0.000000    0.030000  0.030000   0.0001000  0.001000   0.001000          0.     0.000     0.000     0.000     0.000         0      0      0      0.000000  0.000000   0.002068      0          0        0.000000  0.000000   0.001400      0           0
   39125.772  0.055908  0.019072  -4.3602732      0.000000     0.000000    0.030000  0.030000   0.0001000  0.001000   0.001000          0.     0.000     0.000     0.000     0.000         0      0      0      0.000000  0.000000   0.002306      0          0        0.000000  0.000000   0.001400      0           0
   39144.034  0.007949  0.013026  -4.4031323      0.000000     0.000000    0.030000  0.030000   0.0001000  0.001000   0.001000          0.     0.000     0.000     0.000     0.000         0      0      0      0.000000  0.000000   0.002394      0          0        0.000000  0.000000   0.001400      0           0
   39162.296 -0.036921  0.021765  -4.4491544      0.000000     0.000000    0.030000  0.030000   0.0001000  0.001000   0.001000          0.     0.000     0.000     0.000     0.000         0      0      0      0.000000  0.000000   0.002608      0          0        0.000000  0.000000   0.001400      0           0
   39180.558 -0.082423  0.037232  -4.4947068      0.000000     0.000000    0.030000  0.030000   0.0001000  0.001000   0.001000          0.     0.000     0.000     0.000     0.000         0      0      0      0.000000  0.000000   0.002367      0          0        0.000000  0.000000   0.001400      0           0
   39198.820 -0.117176  0.059649  -4.5401856      0.000000     0.000000    0.030000  0.030000   0.0001000  0.001000   0.001000          0.     0.000     0.000     0.000     0.000         0      0      0      0.000000  0.000000   0.002677      0          0        0.000000  0.000000   0.001400      0           0
   39217.082 -0.141819  0.092509  -4.5907090      0.000000     0.000000    0.030000  0.030000   0.0001000  0.001000   0.001000          0.     0.000     0.000     0.000     0.000         0      0      0      0.000000  0.000000   0.002823      0          0        0.000000  0.000000   0.001400      0           0
   39235.345 -0.161450  0.131578  -4.6432830      0.000000     0.000000    0.030000  0.030000   0.0001000  0.001000   0.001000          0.     0.000     0.000     0.000     0.000         0      0      0      0.000000  0.000000   0.002908      0          0        0.000000  0.000000   0.001400      0           0
   39253.607 -0.164822  0.165396  -4.6953038      0.000000     0.000000    0.030000  0.030000   0.0001000  0.001000   0.001000          0.     0.000     0.000     0.000     0.000         0      0      0      0.000000  0.000000   0.002767      0          0        0.000000  0.000000   0.001400      0           0
   39271.869 -0.150697  0.196717  -4.7421119      0.000000     0.000000    0.030000  0.030000   0.0001000  0.001000   0.001000          0.     0.000     0.000     0.000     0.000         0      0      0      0.000000  0.000000   0.002320      0          0        0.000000  0.000000   0.001400      0           0
   39290.131 -0.130014  0.238130  -4.7819538      0.000000     0.000000    0.030000  0.030000   0.0001000  0.001000   0.001000          0.     0.000     0.000     0.000     0.000         0      0      0      0.000000  0.000000   0.002110      0          0        0.000000  0.000000   0.001400      0           0
   39308.393 -0.108328  0.282495  -4.8180924      0.000000     0.000000    0.030000  0.030000   0.0001000  0.001000   0.001000          0.     0.000     0.000     0.000     0.000         0      0      0      0.000000  0.000000   0.001791      0          0        0.000000  0.000000   0.001400      0           0
   39326.655 -0.082491  0.311535  -4.8479855      0.000000     0.000000    0.030000  0.030000   0.0001000  0.001000   0.001000          0.     0.000     0.000     0.000     0.000         0      0      0      0.000000  0.000000   0.001589      0          0        0.000000  0.000000   0.001400      0           0
   39344.917 -0.052871  0.327780  -4.8798979      0.000000     0.000000    0.030000  0.030000   0.0001000  0.001000   0.001000          0.     0.000     0.000     0.000     0.000         0      0      0      0.000000  0.000000   0.001930      0          0        0.000000  0.000000   0.001400      0           0
   39363.179 -0.021758  0.335965  -4.9181681      0.000000     0.000000    0.030000  0.030000   0.0001000  0.001000   0.001000          0.     0.000     0.000     0.000     0.000         0      0      0      0.000000  0.000000   0.002254      0          0        0.000000  0.000000   0.001400      0           0
   39381.441  0.010512  0.331069  -4.9609272      0.000000     0.000000    0.030000  0.030000   0.0001000  0.001000   0.001000          0.     0.000     0.000     0.000     0.000         0      0      0      0.000000  0.000000   0.002425      0          0        0.000000  0.000000   0.001400      0           0
   39399.704  0.046274  0.313186  -5.0080145      0.000000     0.000000    0.030000  0.030000   0.0001000  0.001000   0.001000          0.     0.000     0.000     0.000     0.000         0      0      0      0.000000  0.000000   0.002715      0          0        0.000000  0.000000   0.001400      0           0
   39417.966  0.079472  0.285959  -5.0576330      0.000000     0.000000    0.030000  0.030000   0.0001000  0.001000   0.001000          0.     0.000     0.000     0.000     0.000         0      0      0      0.000000  0.000000   0.002739      0          0        0.000000  0.000000   0.001400      0           0
   39436.228  0.102958  0.250271  -5.1091927      0.000000     0.000000    0.030000  0.030000   0.0001000  0.001000   0.001000          0.     0.000     0.000     0.000     0.000         0      0      0      0.000000  0.000000   0.002872      0          0        0.000000  0.000000   0.001400      0           0
   39454.490  0.121443  0.210120  -5.1598243      0.000000     0.000000    0.030000  0.030000   0.0001000  0.001000   0.001000          0.     0.000     0.000     0.000     0.000         0      0      0      0.000000  0.000000   0.002623      0          0        0.000000  0.000000   0.001400      0           0
   39472.752  0.124925  0.179743  -5.2063953      0.000000     0.000000    0.030000  0.030000   0.0001000  0.001000   0.001000          0.     0.000     0.000     0.000     0.000         0      0      0      0.000000  0.000000   0.002534      0          0        0.000000  0.000000   0.001400      0           0
   39491.014  0.099885  0.165697  -5.2490790      0.000000     0.000000    0.030000  0.030000   0.0001000  0.001000   0.001000          0.     0.000     0.000     0.000     0.000         0      0      0      0.000000  0.000000   0.002091      0          0        0.000000  0.000000   0.001400      0           0
   39509.276  0.063234  0.158006  -5.2886293      0.000000     0.000000    0.030000  0.030000   0.0001000  0.001000   0.001000          0.     0.000     0.000     0.000     0.000         0      0      0      0.000000  0.000000   0.002350      0          0        0.000000  0.000000   0.001400      0           0
   39527.538  0.037184  0.152011  -5.3321409      0.000000     0.000000    0.030000  0.030000   0.0001000  0.001000   0.001000          0.     0.000     0.000     0.000     0.000         0      0      0      0.000000  0.000000   0.002401      0          0        0.000000  0.000000   0.001400      0           0
   39545.800  0.023843  0.147007  -5.3796445      0.000000     0.000000    0.030000  0.030000   0.0001000  0.001000   0.001000          0.     0.000     0.000     0.000     0.000         0      0      0      0.000000  0.000000   0.002744      0          0        0.000000  0.000000   0.001400      0           0
   39564.062  0.014867  0.139698  -5.4287881      0.000000     0.000000    0.030000  0.030000   0.0001000  0.001000   0.001000          0.     0.000     0.000     0.000     0.000         0      0      0      0.000000  0.000000   0.002660      0          0        0.000000  0.000000   0.001400      0           0
   39582.325  0.005280  0.138533  -5.4786831      0.000000     0.000000    0.030000  0.030000   0.0001000  0.001000   0.001000          0.     0.000     0.000     0.000     0.000         0      0      0      0.000000  0.000000   0.002837      0          0        0.000000  0.000000   0.001400      0           0
   39600.587 -0.005123  0.146919  -5.5316631      0.000000     0.000000    0.030000  0.030000   0.0001000  0.001000   0.001000          0.     0.000     0.000     0.000     0.000         0      0      0      0.000000  0.000000   0.002902      0          0        0.000000  0.000000   0.001400      0           0
   39618.849 -0.009749  0.153984  -5.5837565      0.000000     0.000000    0.030000  0.030000   0.0001000  0.001000   0.001000          0.     0.000     0.000     0.000     0.000         0      0      0      0.000000  0.000000   0.002790      0          0        0.000000  0.000000   0.001400      0           0
   39637.111 -0.005766  0.156673  -5.6312320      0.000000     0.000000    0.030000  0.030000   0.0001000  0.001000   0.001000          0.     0.000     0.000     0.000     0.000         0      0      0      0.000000  0.000000   0.002358      0          0        0.000000  0.000000   0.001400      0           0
   39655.373 -0.002271  0.162391  -5.6692506      0.000000     0.000000    0.030000  0.030000   0.0001000  0.001000   0.001000          0.     0.000     0.000     0.000     0.000         0      0      0      0.000000  0.000000   0.001868      0          0        0.000000  0.000000   0.001400      0           0
   39673.635 -0.004830  0.175389  -5.7022195      0.000000     0.000000    0.030000  0.030000   0.0001000  0.001000   0.001000          0.     0.000     0.000     0.000     0.000         0      0      0      0.000000  0.000000   0.001740      0          0        0.000000  0.000000   0.001400      0           0
   39691.897 -0.008808  0.186401  -5.7324070      0.000000     0.000000    0.030000  0.030000   0.0001000  0.001000   0.001000          0.     0.000     0.000     0.000     0.000         0      0      0      0.000000  0.000000   0.001592      0          0        0.000000  0.000000   0.001400      0           0
   39710.159 -0.011346  0.189759  -5.7628984      0.000000     0.000000    0.030000  0.030000   0.0001000  0.001000   0.001000          0.     0.000     0.000     0.000     0.000         0      0      0      0.000000  0.000000   0.001801      0          0        0.000000  0.000000   0.001400      0           0
   39728.421 -0.015408  0.189087  -5.7976636      0.000000     0.000000    0.030000  0.030000   0.0001000  0.001000   0.001000          0.     0.000     0.000     0.000     0.000         0      0      0      0.000000  0.000000   0.001951      0          0        0.000000  0.000000   0.001400      0           0
   39746.683 -0.024647  0.187952  -5.8334958      0.000000     0.000000    0.030000  0.030000   0.0001000  0.001000   0.001000          0.     0.000     0.000     0.000     0.000         0      0      0      0.000000  0.000000   0.002062      0          0        0.000000  0.000000   0.001400      0           0
   39764.946 -0.031563  0.188884  -5.8745391      0.000000     0.000000    0.030000  0.030000   0.0001000  0.001000   0.001000          0.     0.000     0.000     0.000     0.000         0      0      0      0.000000  0.000000   0.002349      0          0        0.000000  0.000000   0.001400      0           0
   39783.208 -0.032540  0.195250  -5.9194336      0.000000     0.000000    0.030000  0.030000   0.0001000  0.001000   0.001000          0.     0.000     0.000     0.000     0.000         0      0      0      0.000000  0.000000   0.002628      0          0        0.000000  0.000000   0.001400      0           0
   39801.470 -0.030499  0.203517  -5.9686266      0.000000     0.000000    0.030002  0.030002   0.0001000  0.001000   0.001000          0.     0.000     0.000     0.000     0.000         0      0      0      0.000000  0.000000   0.002711      0          0        0.000000  0.000000   0.001400      0           0
   39819.732 -0.028350  0.212333  -6.0173051      0.000000     0.000000    0.029962  0.029962   0.0001000  0.001000   0.001000          0.     0.000     0.000     0.000     0.000         0      0      0      0.000000  0.000000   0.002571      0          0        0.000000  0.000000   0.001398      0           0
   39837.994 -0.028981  0.225906  -6.0649593      0.000000     0.000000    0.030393  0.030393   0.0001000  0.001000   0.001000          0.     0.000     0.000     0.000     0.000         0      0      0      0.000000  0.000000   0.002695      0          0        0.000000  0.000000   0.001416      0           0
   39856.256 -0.026958  0.237249  -6.1118466      0.000000     0.000000    0.024422  0.024422   0.0001000  0.001000   0.001000          0.     0.000     0.000     0.000     0.000         0      0      0      0.000000  0.000000   0.002396      0          0        0.000000  0.000000   0.001177      0           0
   39874.518 -0.018441  0.240982  -6.1557581      0.000000     0.000000    0.019718  0.019718   0.0001000  0.001000   0.001000          0.     0.000     0.000     0.000     0.000         0      0      0      0.000000  0.000000   0.002465      0          0        0.000000  0.000000   0.000989      0           0
   39892.780 -0.008035  0.241684  -6.2029519      0.000000     0.000000    0.020021  0.020021   0.0001000  0.001000   0.001000          0.     0.000     0.000     0.000     0.000         0      0      0      0.000000  0.000000   0.002732      0          0        0.000000  0.000000   0.001001      0           0
   39911.042  0.007677  0.239773  -6.2521372      0.000000     0.000000    0.020000  0.020000   0.0001000  0.001000   0.001000          0.     0.000     0.000     0.000     0.000         0      0      0      0.000000  0.000000   0.002553      0          0        0.000000  0.000000   0.001000      0           0
   39929.304  0.022547  0.236393  -6.2980352      0.000000     0.000000    0.020000  0.020000   0.0001000  0.001000   0.001000          0.     0.000     0.000     0.000     0.000         0      0      0      0.000000  0.000000   0.002518      0          0        0.000000  0.000000   0.001000      0           0
   39947.567  0.031246  0.234823  -6.3451760      0.000000     0.000000    0.020000  0.020000   0.0001000  0.001000   0.001000          0.     0.000     0.000     0.000     0.000         0      0      0      0.000000  0.000000   0.002791      0          0        0.000000  0.000000   0.001000      0           0
   39965.829  0.044705  0.231763  -6.4004414      0.000000     0.000000    0.020000  0.020000   0.0001000  0.001000   0.001000          0.     0.000     0.000     0.000     0.000         0      0      0      0.000000  0.000000   0.003024      0          0        0.000000  0.000000   0.001000      0           0
   39984.091  0.056216  0.222374  -6.4511692      0.000000     0.000000    0.020000  0.020000   0.0001000  0.001000   0.001000          0.     0.000     0.000     0.000     0.000         0      0      0      0.000000  0.000000   0.002596      0          0        0.000000  0.000000   0.001000      0           0
   40002.353  0.058086  0.207969  -6.4981511      0.000000     0.000000    0.020000  0.020000   0.0001000  0.001000   0.001000          0.     0.000     0.000     0.000     0.000         0      0      0      0.000000  0.000000   0.002577      0          0        0.000000  0.000000   0.001000      0           0
   40020.615  0.060139  0.191366  -6.5426661      0.000000     0.000000    0.020000  0.020000   0.0001000  0.001000   0.001000          0.     0.000     0.000     0.000     0.000         0      0      0      0.000000  0.000000   0.002162      0          0        0.000000  0.000000   0.001000      0           0
   40038.877  0.065524  0.173410  -6.5756338      0.000000     0.000000    0.020000  0.020000   0.0001000  0.001000   0.001000          0.     0.000     0.000     0.000     0.000         0      0      0      0.000000  0.000000   0.001619      0          0        0.000000  0.000000   0.001000      0           0
   40057.139  0.064689  0.158012  -6.6081091      0.000000     0.000000    0.020000  0.020000   0.0001000  0.001000   0.001000          0.     0.000     0.000     0.000     0.000         0      0      0      0.000000  0.000000   0.001919      0          0        0.000000  0.000000   0.001000      0           0
   40075.401  0.050989  0.147425  -6.6455093      0.000000     0.000000    0.020000  0.020000   0.0001000  0.001000   0.001000          0.     0.000     0.000     0.000     0.000         0      0      0      0.000000  0.000000   0.002257      0          0        0.000000  0.000000   0.001000      0           0
   40093.663  0.029334  0.140401  -6.6874853      0.000000     0.000000    0.020000  0.020000   0.0001000  0.001000   0.001000          0.     0.000     0.000     0.000     0.000         0      0      0      0.000000  0.000000   0.002210      0          0        0.000000  0.000000   0.001000      0           0
   40111.925  0.007750  0.130759  -6.7292892      0.000000     0.000000    0.020000  0.020000   0.0001000  0.001000   0.001000          0.     0.000     0.000     0.000     0.000         0      0      0      0.000000  0.000000   0.002480      0          0        0.000000  0.000000   0.001000      0           0
   40130.188 -0.012445  0.117203  -6.7760951      0.000000     0.000000    0.020000  0.020000   0.0001000  0.001000   0.001000          0.     0.000     0.000     0.000     0.000         0      0      0      0.000000  0.000000   0.002552      0          0        0.000000  0.000000   0.001000      0           0
   40148.450 -0.041873  0.111361  -6.8235013      0.000000     0.000000    0.020000  0.020000   0.0001000  0.001000   0.001000          0.     0.000     0.000     0.000     0.000         0      0      0      0.000000  0.000000   0.002710      0          0        0.000000  0.000000   0.001000      0           0
   40166.712 -0.085782  0.124945  -6.8739205      0.000000     0.000000    0.020000  0.020000   0.0001000  0.001000   0.001000          0.     0.000     0.000     0.000     0.000         0      0      0      0.000000  0.000000   0.002776      0          0        0.000000  0.000000   0.001000      0           0
   40184.974 -0.124712  0.152248  -6.9246324      0.000000     0.000000    0.020000  0.020000   0.0001000  0.001000   0.001000          0.     0.000     0.000     0.000     0.000         0      0      0      0.000000  0.000000   0.002723      0          0        0.000000  0.000000   0.001000      0           0
   40203.236 -0.136791  0.183387  -6.9725940      0.000000     0.000000    0.020000  0.020000   0.0001000  0.001000   0.001000          0.     0.000     0.000     0.000     0.000         0      0      0      0.000000  0.000000   0.002572      0          0        0.000000  0.000000   0.001000      0           0
   40221.498 -0.130193  0.213621  -7.0187779      0.000000     0.000000    0.020000  0.020000   0.0001000  0.001000   0.001000          0.     0.000     0.000     0.000     0.000         0      0      0      0.000000  0.000000   0.002461      0          0        0.000000  0.000000   0.001000      0           0
   40239.760 -0.117758  0.244222  -7.0631885      0.000000     0.000000    0.020000  0.020000   0.0001000  0.001000   0.001000          0.     0.000     0.000     0.000     0.000         0      0      0      0.000000  0.000000   0.002436      0          0        0.000000  0.000000   0.001000      0           0
   40258.022 -0.106536  0.278661  -7.1103222      0.000000     0.000000    0.020000  0.020000   0.0001000  0.001000   0.001000          0.     0.000     0.000     0.000     0.000         0      0      0      0.000000  0.000000   0.002791      0          0        0.000000  0.000000   0.001000      0           0
   40276.284 -0.096190  0.314045  -7.1629600      0.000000     0.000000    0.020000  0.020000   0.0001000  0.001000   0.001000          0.     0.000     0.000     0.000     0.000         0      0      0      0.000000  0.000000   0.002925      0          0        0.000000  0.000000   0.001000      0           0
   40294.546 -0.075254  0.337314  -7.2186269      0.000000     0.000000    0.020000  0.020000   0.0001000  0.001000   0.001000          0.     0.000     0.000     0.000     0.000         0      0      0      0.000000  0.000000   0.003176      0          0        0.000000  0.000000   0.001000      0           0
   40312.808 -0.038962  0.348650  -7.2775651      0.000000     0.000000    0.020000  0.020000   0.0001000  0.001000   0.001000          0.     0.000     0.000     0.000     0.000         0      0      0      0.000000  0.000000   0.003234      0          0        0.000000  0.000000   0.001000      0           0
   40331.071  0.003889  0.355222  -7.3358546      0.000000     0.000000    0.020000  0.020000   0.0001000  0.001000   0.001000          0.     0.000     0.000     0.000     0.000         0      0      0      0.000000  0.000000   0.003129      0          0        0.000000  0.000000   0.001000      0           0
   40349.333  0.048456  0.349971  -7.3894594      0.000000     0.000000    0.020000  0.020000   0.0001000  0.001000   0.001000          0.     0.000     0.000     0.000     0.000         0      0      0      0.000000  0.000000   0.002735      0          0        0.000000  0.000000   0.001000      0           0
   40367.595  0.089184  0.326188  -7.4395164      0.000000     0.000000    0.020000  0.020000   0.0001000  0.001000   0.001000          0.     0.000     0.000     0.000     0.000         0      0      0      0.000000  0.000000   0.002801      0          0        0.000000  0.000000   0.001000      0           0
   40385.857  0.119162  0.294901  -7.4872768      0.000000     0.000000    0.020000  0.020000   0.0001000  0.001000   0.001000          0.     0.000     0.000     0.000     0.000         0      0      0      0.000000  0.000000   0.002268      0          0        0.000000  0.000000   0.001000      0           0
   40404.119  0.136279  0.262703  -7.5237630      0.000000     0.000000    0.020000  0.020000   0.0001000  0.001000   0.001000          0.     0.000     0.000     0.000     0.000         0      0      0      0.000000  0.000000   0.001924      0          0        0.000000  0.000000   0.001000      0           0
   40422.381  0.141416  0.227223  -7.5609990      0.000000     0.000000    0.020000  0.020000   0.0001000  0.001000   0.001000          0.     0.000     0.000     0.000     0.000         0      0      0      0.000000  0.000000   0.002080      0          0        0.000000  0.000000   0.001000      0           0
   40440.643  0.136063  0.187523  -7.5968106      0.000000     0.000000    0.020000  0.020000   0.0001000  0.001000   0.001000          0.     0.000     0.000     0.000     0.000         0      0      0      0.000000  0.000000   0.001876      0          0        0.000000  0.000000   0.001000      0           0
   40458.905  0.121841  0.149417  -7.6342662      0.000000     0.000000    0.020000  0.020000   0.0001000  0.001000   0.001000          0.     0.000     0.000     0.000     0.000         0      0      0      0.000000  0.000000   0.002323      0          0        0.000000  0.000000   0.001000      0           0
   40477.167  0.096916  0.118360  -7.6818428      0.000000     0.000000    0.020000  0.020000   0.0001000  0.001000   0.001000          0.     0.000     0.000     0.000     0.000         0      0      0      0.000000  0.000000   0.002815      0          0        0.000000  0.000000   0.001000      0           0
   40495.429  0.059909  0.092740  -7.7335324      0.000000     0.000000    0.020000  0.020000   0.0001000  0.001000   0.001000          0.     0.000     0.000     0.000     0.000         0      0      0      0.000000  0.000000   0.002830      0          0        0.000000  0.000000   0.001000      0           0
   40513.692  0.020093  0.072017  -7.7872275      0.000000     0.000000    0.020000  0.020000   0.0001000  0.001000   0.001000          0.     0.000     0.000     0.000     0.000         0      0      0      0.000000  0.000000   0.003032      0          0        0.000000  0.000000   0.001000      0           0
   40531.954 -0.016898  0.063396  -7.8402809      0.000000     0.000000    0.020000  0.020000   0.0001000  0.001000   0.001000          0.     0.000     0.000     0.000     0.000         0      0      0      0.000000  0.000000   0.002763      0          0        0.000000  0.000000   0.001000      0           0
   40550.216 -0.061438  0.066213  -7.8927002      0.000000     0.000000    0.020000  0.020000   0.0001000  0.001000   0.001000          0.     0.000     0.000     0.000     0.000         0      0      0      0.000000  0.000000   0.003016      0          0        0.000000  0.000000   0.001000      0           0
   40568.478 -0.115423  0.081560  -7.9463816      0.000000     0.000000    0.020000  0.020000   0.0001000  0.001000   0.001000          0.     0.000     0.000     0.000     0.000         0      0      0      0.000000  0.000000   0.002772      0          0        0.000000  0.000000   0.001000      0           0
   40586.740 -0.167338  0.119356  -7.9962287      0.000000     0.000000    0.020000  0.020000   0.0001000  0.001000   0.001000          0.     0.000     0.000     0.000     0.000         0      0      0      0.000000  0.000000   0.002822      0          0        0.000000  0.000000   0.001000      0           0
   40605.002 -0.200264  0.172092  -8.0502865      0.000000     0.000000    0.020000  0.020000   0.0001000  0.001000   0.001000          0.     0.000     0.000     0.000     0.000         0      0      0      0.000000  0.000000   0.002986      0          0        0.000000  0.000000   0.001000      0           0
   40623.264 -0.201231  0.226531  -8.1034711      0.000000     0.000000    0.020000  0.020000   0.0001000  0.001000   0.001000          0.     0.000     0.000     0.000     0.000         0      0      0      0.000000  0.000000   0.002939      0          0        0.000000  0.000000   0.001000      0           0
   40641.526 -0.179065  0.281443  -8.1597047      0.000000     0.000000    0.020000  0.020000   0.0001000  0.001000   0.001000          0.     0.000     0.000     0.000     0.000         0      0      0      0.000000  0.000000   0.003120      0          0        0.000000  0.000000   0.001000      0           0
   40659.788 -0.157907  0.329860  -8.2157564      0.000000     0.000000    0.020000  0.020000   0.0001000  0.001000   0.001000          0.     0.000     0.000     0.000     0.000         0      0      0      0.000000  0.000000   0.003117      0          0        0.000000  0.000000   0.001000      0           0
   40678.050 -0.134061  0.365296  -8.2758241      0.000000     0.000000    0.020000  0.020000   0.0001000  0.001000   0.001000          0.     0.000     0.000     0.000     0.000         0      0      0      0.000000  0.000000   0.003396      0          0        0.000000  0.000000   0.001000      0           0
   40696.313 -0.093039  0.386804  -8.3360527      0.000000     0.000000    0.020000  0.020000   0.0001000  0.001000   0.001000          0.     0.000     0.000     0.000     0.000         0      0      0      0.000000  0.000000   0.003164      0          0        0.000000  0.000000   0.001000      0           0
   40714.575 -0.041094  0.398747  -8.3918132      0.000000     0.000000    0.020000  0.020000   0.0001000  0.001000   0.001000          0.     0.000     0.000     0.000     0.000         0      0      0      0.000000  0.000000   0.002932      0          0        0.000000  0.000000   0.001000      0           0
   40732.837  0.015098  0.404082  -8.4422531      0.000000     0.000000    0.020000  0.020000   0.0001000  0.001000   0.001000          0.     0.000     0.000     0.000     0.000         0      0      0      0.000000  0.000000   0.002617      0          0        0.000000  0.000000   0.001000      0           0
   40751.099  0.074819  0.396868  -8.4880051      0.000000     0.000000    0.020000  0.020000   0.0001000  0.001000   0.001000          0.     0.000     0.000     0.000     0.000         0      0      0      0.000000  0.000000   0.002345      0          0        0.000000  0.000000   0.001000      0           0
   40769.361  0.130338  0.371122  -8.5275291      0.000000     0.000000    0.020000  0.020000   0.0001000  0.001000   0.001000          0.     0.000     0.000     0.000     0.000         0      0      0      0.000000  0.000000   0.002079      0          0        0.000000  0.000000   0.001000      0           0
   40787.623  0.172258  0.326615  -8.5649374      0.000000     0.000000    0.020000  0.020000   0.0001000  0.001000   0.001000          0.     0.000     0.000     0.000     0.000         0      0      0      0.000000  0.000000   0.001949      0          0        0.000000  0.000000   0.001000      0           0
   40805.885  0.197528  0.272935  -8.5982481      0.000000     0.000000    0.020000  0.020000   0.0001000  0.001000   0.001000          0.     0.000     0.000     0.000     0.000         0      0      0      0.000000  0.000000   0.001811      0          0        0.000000  0.000000   0.001000      0           0
   40824.147  0.206605  0.217784  -8.6347635      0.000000     0.000000    0.020000  0.020000   0.0001000  0.001000   0.001000          0.     0.000     0.000     0.000     0.000         0      0      0      0.000000  0.000000   0.002164      0          0        0.000000  0.000000   0.001000      0           0
   40842.409  0.201837  0.158063  -8.6763456      0.000000     0.000000    0.020000  0.020000   0.0001000  0.001000   0.001000          0.     0.000     0.000     0.000     0.000         0      0      0      0.000000  0.000000   0.002420      0          0        0.000000  0.000000   0.001000      0           0
   40860.671  0.179872  0.097901  -8.7235908      0.000000     0.000000    0.020000  0.020000   0.0001000  0.001000   0.001000          0.     0.000     0.000     0.000     0.000         0      0      0      0.000000  0.000000   0.002695      0          0        0.000000  0.000000   0.001000      0           0
   40878.934  0.135239  0.050412  -8.7749688      0.000000     0.000000    0.020000  0.020000   0.0001000  0.001000   0.001000          0.     0.000     0.000     0.000     0.000         0      0      0      0.000000  0.000000   0.002998      0          0        0.000000  0.000000   0.001000      0           0
   40897.196  0.074049  0.024024  -8.8319911      0.000000     0.000000    0.020000  0.020000   0.0001000  0.001000   0.001000          0.     0.000     0.000     0.000     0.000         0      0      0      0.000000  0.000000   0.003163      0          0        0.000000  0.000000   0.001000      0           0
   40915.458  0.012435  0.007001  -8.8877955      0.000000     0.000000    0.020000  0.020000   0.0001000  0.001000   0.001000          0.     0.000     0.000     0.000     0.000         0      0      0      0.000000  0.000000   0.002932      0          0        0.000000  0.000000   0.001000      0           0
   40933.720 -0.042783 -0.000037  -8.9385262      0.000000     0.000000    0.020000  0.020000   0.0001000  0.001000   0.001000          0.     0.000     0.000     0.000     0.000         0      0      0      0.000000  0.000000   0.002605      0          0        0.000000  0.000000   0.001000      0           0
   40951.982 -0.093684  0.017257  -8.9863920      0.000000     0.000000    0.020000  0.020000   0.0001000  0.001000   0.001000          0.     0.000     0.000     0.000     0.000         0      0      0      0.000000  0.000000   0.002735      0          0        0.000000  0.000000   0.001000      0           0
   40970.244 -0.143730  0.057952  -9.0366002      0.000000     0.000000    0.020000  0.020000   0.0001000  0.001000   0.001000          0.     0.000     0.000     0.000     0.000         0      0      0      0.000000  0.000000   0.002688      0          0        0.000000  0.000000   0.001000      0           0
   40988.506 -0.191459  0.110148  -9.0833466      0.000000     0.000000    0.020000  0.020000   0.0001000  0.001000   0.001000          0.     0.000     0.000     0.000     0.000         0      0      0      0.000000  0.000000   0.002447      0          0        0.000000  0.000000   0.001000      0           0
   41006.768 -0.227758  0.166606  -9.1280173      0.000000     0.000000    0.020000  0.020000   0.0001000  0.001000   0.001000          0.     0.000     0.000     0.000     0.000         0      0      0      0.000000  0.000000   0.002541      0          0        0.000000  0.000000   0.001000      0           0
   41025.030 -0.239770  0.228654  -9.1803665      0.000000     0.000000    0.020000  0.020000   0.0001000  0.001000   0.001000          0.     0.000     0.000     0.000     0.000         0      0      0      0.000000  0.000000   0.003185      0          0        0.000000  0.000000   0.001000      0           0
   41043.293 -0.226567  0.293776  -9.2397526      0.000000     0.000000    0.020000  0.020000   0.0001000  0.001000   0.001000          0.     0.000     0.000     0.000     0.000         0      0      0      0.000000  0.000000   0.003227      0          0        0.000000  0.000000   0.001000      0           0
   41061.555 -0.205059  0.347650  -9.2971573      0.000000     0.000000    0.020000  0.020000   0.0001000  0.001000   0.001000          0.     0.000     0.000     0.000     0.000         0      0      0      0.000000  0.000000   0.003076      0          0        0.000000  0.000000   0.001000      0           0
   41079.817 -0.177127  0.390332  -9.3547923      0.000000     0.000000    0.020000  0.020000   0.0001000  0.001000   0.001000          0.     0.000     0.000     0.000     0.000         0      0      0      0.000000  0.000000   0.003265      0          0        0.000000  0.000000   0.001000      0           0
   41098.079 -0.126771  0.430187  -9.4127025      0.000000     0.000000    0.020000  0.020000   0.0001000  0.001000   0.001000          0.     0.000     0.000     0.000     0.000         0      0      0      0.000000  0.000000   0.002961      0          0        0.000000  0.000000   0.001000      0           0
   41116.341 -0.052119  0.458607  -9.4626443      0.000000     0.000000    0.020000  0.020000   0.0001000  0.001000   0.001000          0.     0.000     0.000     0.000     0.000         0      0      0      0.000000  0.000000   0.002545      0          0        0.000000  0.000000   0.001000      0           0
   41134.603  0.029557  0.463451  -9.5064522      0.000000     0.000000    0.020000  0.020000   0.0001000  0.001000   0.001000          0.     0.000     0.000     0.000     0.000         0      0      0      0.000000  0.000000   0.002326      0          0        0.000000  0.000000   0.001000      0           0
   41152.865  0.102260  0.442033  -9.5504143      0.000000     0.000000    0.020000  0.020000   0.0001000  0.001000   0.001000          0.     0.000     0.000     0.000     0.000         0      0      0      0.000000  0.000000   0.002455      0          0        0.000000  0.000000   0.001000      0           0
   41171.127  0.163320  0.404842  -9.5934924      0.000000     0.000000    0.020000  0.020000   0.0001000  0.001000   0.001000          0.     0.000     0.000     0.000     0.000         0      0      0      0.000000  0.000000   0.002309      0          0        0.000000  0.000000   0.001000      0           0
   41189.389  0.209993  0.359505  -9.6391630      0.000000     0.000000    0.020000  0.020000   0.0001000  0.001000   0.001000          0.     0.000     0.000     0.000     0.000         0      0      0      0.000000  0.000000   0.002747      0          0        0.000000  0.000000   0.001000      0           0
   41207.651  0.231583  0.299862  -9.6908169      0.000000     0.000000    0.020000  0.020000   0.0001000  0.001000   0.001000          0.     0.000     0.000     0.000     0.000         0      0      0      0.000000  0.000000   0.002834      0          0        0.000000  0.000000   0.001000      0           0
   41225.914  0.228240  0.228426  -9.7457415      0.000000     0.000000    0.020000  0.020000   0.0001000  0.001000   0.001000          0.     0.000     0.000     0.000     0.000         0      0      0      0.000000  0.000000   0.003275      0          0        0.000000  0.000000   0.001000      0           0
   41244.176  0.208981  0.160900  -9.8081271      0.000000     0.000000    0.020000  0.020000   0.0001000  0.001000   0.001000          0.     0.000     0.000     0.000     0.000         0      0      0      0.000000  0.000000   0.003486      0          0        0.000000  0.000000   0.001000      0           0
   41262.438  0.180781  0.107184  -9.8732928      0.000000     0.000000    0.020001  0.020001   0.0001000  0.001000   0.001000          0.     0.000     0.000     0.000     0.000         0      0      0      0.000000  0.000000   0.003641      0          0        0.000000  0.000000   0.001000      0           0
   41280.700  0.142889  0.069289  -9.9375707      0.000000     0.000000    0.019981  0.019981   0.0001000  0.001000   0.001000          0.     0.000     0.000     0.000     0.000         0      0      0      0.000000  0.000000   0.003294      0          0        0.000000  0.000000   0.000999      0           0
   41298.962  0.091439  0.039526  -9.9940581      0.000000     0.000000    0.020195  0.020195   0.0001000  0.001000   0.001000          0.     0.000     0.000     0.000     0.000         0      0      0      0.000000  0.000000   0.002946      0          0        0.000000  0.000000   0.001012      0           0
   41317.224  0.029580  0.018474 -10.0461943      0.000000     0.000000    0.017224  0.017224   0.0001000  0.001000   0.001000          0.     0.000     0.000     0.000     0.000         0      0      0      0.000000  0.000000   0.002845      0          0        0.000000  0.000000   0.000834      0           0
   41335.486 -0.032541  0.012100 -10.1016081      0.000000     0.000000    0.014858  0.014858   0.0001000  0.001000   0.001000          0.     0.000     0.000     0.000     0.000         0      0      0      0.000000  0.000000   0.003232      0          0        0.000000  0.000000   0.000691      0           0
   41353.748 -0.083953  0.018268 -10.1624878      0.000000     0.000000    0.015010  0.015010   0.0001000  0.001000   0.001000          0.     0.000     0.000     0.000     0.000         0      0      0      0.000000  0.000000   0.003388      0          0        0.000000  0.000000   0.000701      0           0
   41372.010 -0.124783  0.042862 -10.2234889      0.000000     0.000000    0.015000  0.015000   0.0001000  0.001000   0.001000          0.     0.000     0.000     0.000     0.000         0      0      0      0.000000  0.000000   0.003319      0          0        0.000000  0.000000   0.000700      0           0
   41390.272 -0.162966  0.092695 -10.2853199      0.000000     0.000000    0.015000  0.015000   0.0001000  0.001000   0.001000          0.     0.000     0.000     0.000     0.000         0      0      0      0.000000  0.000000   0.003430      0          0        0.000000  0.000000   0.000700      0           0
   41408.535 -0.186223  0.155098 -10.3481718      0.000000     0.000000    0.015000  0.015000   0.0001000  0.001000   0.001000          0.     0.000     0.000     0.000     0.000         0      0      0      0.000000  0.000000   0.003507      0          0        0.000000  0.000000   0.000700      0           0
   41426.797 -0.191423  0.214715 -10.4132907      0.000000     0.000000    0.015000  0.015000   0.0001000  0.001000   0.001000          0.     0.000     0.000     0.000     0.000         0      0      0      0.000000  0.000000   0.003507      0          0        0.000000  0.000000   0.000700      0           0
   41445.059 -0.179479  0.264196 -10.4760354      0.000000     0.000000    0.015000  0.015000   0.0001000  0.001000   0.001000          0.     0.000     0.000     0.000     0.000         0      0      0      0.000000  0.000000   0.003476      0          0        0.000000  0.000000   0.000700      0           0
   41463.321 -0.149790  0.304228 -10.5389015      0.000000     0.000000    0.015000  0.015000   0.0001000  0.001000   0.001000          0.     0.000     0.000     0.000     0.000         0      0      0      0.000000  0.000000   0.003255      0          0        0.000000  0.000000   0.000700      0           0
   41481.583 -0.104724  0.340837 -10.5934793      0.000000     0.000000    0.015000  0.015000   0.0001000  0.001000   0.001000          0.     0.000     0.000     0.000     0.000         0      0      0      0.000000  0.000000   0.002757      0          0        0.000000  0.000000   0.000700      0           0
   41499.845 -0.051512  0.374349 -10.6414607      0.000000     0.000000    0.015000  0.015000   0.0001000  0.001000   0.001000          0.     0.000     0.000     0.000     0.000         0      0      0      0.000000  0.000000   0.002553      0          0        0.000000  0.000000   0.000700      0           0
   41518.107  0.005028  0.398409 -10.6862119      0.000000     0.000000    0.015000  0.015000   0.0001000  0.001000   0.001000          0.     0.000     0.000     0.000     0.000         0      0      0      0.000000  0.000000   0.002412      0          0        0.000000  0.000000   0.000700      0           0
   41536.369  0.055644  0.406957 -10.7336214      0.000000     0.000000    0.015000  0.015000   0.0001000  0.001000   0.001000          0.     0.000     0.000     0.000     0.000         0      0      0      0.000000  0.000000   0.002682      0          0        0.000000  0.000000   0.000700      0           0
   41554.631  0.090814  0.397078 -10.7798796      0.000000     0.000000    0.015000  0.015000   0.0001000  0.001000   0.001000          0.     0.000     0.000     0.000     0.000         0      0      0      0.000000  0.000000   0.002500      0          0        0.000000  0.000000   0.000700      0           0
   41572.893  0.113773  0.367140 -10.8300242      0.000000     0.000000    0.015000  0.015000   0.0001000  0.001000   0.001000          0.     0.000     0.000     0.000     0.000         0      0      0      0.000000  0.000000   0.003016      0          0        0.000000  0.000000   0.000700      0           0
   41591.156  0.134317  0.326101 -10.8890339      0.000000     0.000000    0.015000  0.015000   0.0001000  0.001000   0.001000          0.     0.000     0.000     0.000     0.000         0      0      0      0.000000  0.000000   0.003380      0          0        0.000000  0.000000   0.000700      0           0
   41609.418  0.154594  0.280711 -10.9502242      0.000000     0.000000    0.015000  0.015000   0.0001000  0.001000   0.001000          0.     0.000     0.000     0.000     0.000         0      0      0      0.000000  0.000000   0.003255      0          0        0.000000  0.000000   0.000700      0           0
   41627.680  0.162141  0.237445 -11.0076298      0.000000     0.000000    0.015000  0.015000   0.0001000  0.001000   0.001000          0.     0.000     0.000     0.000     0.000         0      0      0      0.000000  0.000000   0.003112      0          0        0.000000  0.000000   0.000700      0           0
   41645.942  0.155242  0.202103 -11.0674876      0.000000     0.000000    0.015000  0.015000   0.0001000  0.001000   0.001000          0.     0.000     0.000     0.000     0.000         0      0      0      0.000000  0.000000   0.003433      0          0        0.000000  0.000000   0.000700      0           0
   41664.204  0.142951  0.165834 -11.1285842      0.000000     0.000000    0.015000  0.015000   0.0001000  0.001000   0.001000          0.     0.000     0.000     0.000     0.000         0      0      0      0.000000  0.000000   0.003199      0          0        0.000000  0.000000   0.000700      0           0
   41682.466  0.125457  0.126105 -11.1869480      0.000000     0.000000    0.015000  0.015000   0.0001000  0.001000   0.001000          0.     0.000     0.000     0.000     0.000         0      0      0      0.000000  0.000000   0.003256      0          0        0.000000  0.000000   0.000700      0           0
   41700.728  0.096791  0.096001 -11.2459747      0.000000     0.000000    0.015000  0.015000   0.0001000  0.001000   0.001000          0.     0.000     0.000     0.000     0.000         0      0      0      0.000000  0.000000   0.003107      0          0        0.000000  0.000000   0.000700      0           0
   41718.990  0.058605  0.084824 -11.3034360      0.000000     0.000000    0.015000  0.015000   0.0001000  0.001000   0.001000          0.     0.000     0.000     0.000     0.000         0      0      0      0.000000  0.000000   0.003344      0          0        0.000000  0.000000   0.000700      0           0
   41737.252  0.021340  0.086363 -11.3656367      0.000000     0.000000    0.015000  0.015000   0.0001000  0.001000   0.001000          0.     0.000     0.000     0.000     0.000         0      0      0      0.000000  0.000000   0.003301      0          0        0.000000  0.000000   0.000700      0           0
   41755.514 -0.017006  0.093072 -11.4261628      0.000000     0.000000    0.015000  0.015000   0.0001000  0.001000   0.001000          0.     0.000     0.000     0.000     0.000         0      0      0      0.000000  0.000000   0.003538      0          0        0.000000  0.000000   0.000700      0           0
   41773.776 -0.054042  0.109834 -11.4932756      0.000000     0.000000    0.015000  0.015000   0.0001000  0.001000   0.001000          0.     0.000     0.000     0.000     0.000         0      0      0      0.000000  0.000000   0.003615      0          0        0.000000  0.000000   0.000700      0           0
   41792.039 -0.087470  0.142348 -11.5564768      0.000000     0.000000    0.015000  0.015000   0.0001000  0.001000   0.001000          0.     0.000     0.000     0.000     0.000         0      0      0      0.000000  0.000000   0.003355      0          0        0.000000  0.000000   0.000700      0           0
   41810.301 -0.110711  0.176685 -11.6180090      0.000000     0.000000    0.015000  0.015000   0.0001000  0.001000   0.001000          0.     0.000     0.000     0.000     0.000         0      0      0      0.000000  0.000000   0.003367      0          0        0.000000  0.000000   0.000700      0           0
   41828.563 -0.122793  0.205671 -11.6751579      0.000000     0.000000    0.015000  0.015000   0.0001000  0.001000   0.001000          0.     0.000     0.000     0.000     0.000         0      0      0      0.000000  0.000000   0.002931      0          0        0.000000  0.000000   0.000700      0           0
   41846.825 -0.120536  0.234456 -11.7285309      0.000000     0.000000    0.015000  0.015000   0.0001000  0.001000   0.001000          0.     0.000     0.000     0.000     0.000         0      0      0      0.000000  0.000000   0.002824      0          0        0.000000  0.000000   0.000700      0           0
   41865.087 -0.101494  0.268001 -11.7743959      0.000000     0.000000    0.015000  0.015000   0.0001000  0.001000   0.001000          0.     0.000     0.000     0.000     0.000         0      0      0      0.000000  0.000000   0.002277      0          0        0.000000  0.000000   0.000700      0           0
   41883.349 -0.074233  0.301831 -11.8182581      0.000000     0.000000    0.015000  0.015000   0.0001000  0.001000   0.001000          0.     0.000     0.000     0.000     0.000         0      0      0      0.000000  0.000000   0.002591      0          0        0.000000  0.000000   0.000700      0           0
   41901.611 -0.047078  0.318872 -11.8640930      0.000000     0.000000    0.015000  0.015000   0.0001000  0.001000   0.001000          0.     0.000     0.000     0.000     0.000         0      0      0      0.000000  0.000000   0.002391      0          0        0.000000  0.000000   0.000700      0           0
   41919.873 -0.018262  0.323490 -11.9110865      0.000000     0.000000    0.015000  0.015000   0.0001000  0.001000   0.001000          0.     0.000     0.000     0.000     0.000         0      0      0      0.000000  0.000000   0.002780      0          0        0.000000  0.000000   0.000700      0           0
   41938.135  0.013432  0.329066 -11.9619276      0.000000     0.000000    0.015000  0.015000   0.0001000  0.001000   0.001000          0.     0.000     0.000     0.000     0.000         0      0      0      0.000000  0.000000   0.002780      0          0        0.000000  0.000000   0.000700      0           0
   41956.397  0.044874  0.327923 -12.0158066      0.000000     0.000000    0.015000  0.015000   0.0001000  0.001000   0.001000          0.     0.000     0.000     0.000     0.000         0      0      0      0.000000  0.000000   0.003112      0          0        0.000000  0.000000   0.000700      0           0
   41974.660  0.068637  0.311822 -12.0725478      0.000000     0.000000    0.015000  0.015000   0.0001000  0.001000   0.001000          0.     0.000     0.000     0.000     0.000         0      0      0      0.000000  0.000000   0.003109      0          0        0.000000  0.000000   0.000700      0           0
   41992.922  0.083130  0.291755 -12.1320109      0.000000     0.000000    0.015000  0.015000   0.0001000  0.001000   0.001000          0.     0.000     0.000     0.000     0.000         0      0      0      0.000000  0.000000   0.003429      0          0        0.000000  0.000000   0.000700      0           0
   42011.184  0.094208  0.276189 -12.1936909      0.000000     0.000000    0.015000  0.015000   0.0001000  0.001000   0.001000          0.     0.000     0.000     0.000     0.000         0      0      0      0.000000  0.000000   0.003159      0          0        0.000000  0.000000   0.000700      0           0
   42029.446  0.107415  0.258535 -12.2489824      0.000000     0.000000    0.015000  0.015000   0.0001000  0.001000   0.001000          0.     0.000     0.000     0.000     0.000         0      0      0      0.000000  0.000000   0.002993      0          0        0.000000  0.000000   0.000700      0           0
   42047.708  0.113570  0.230640 -12.3007629      0.000000     0.000000    0.015000  0.015000   0.0001000  0.001000   0.001000          0.     0.000     0.000     0.000     0.000         0      0      0      0.000000  0.000000   0.002643      0          0        0.000000  0.000000   0.000700      0           0
   42065.970  0.103138  0.202665 -12.3464316      0.000000     0.000000    0.015000  0.015000   0.0001000  0.001000   0.001000          0.     0.000     0.000     0.000     0.000         0      0      0      0.000000  0.000000   0.002420      0          0        0.000000  0.000000   0.000700      0           0
   42084.232  0.087023  0.181450 -12.3943286      0.000000     0.000000    0.015000  0.015000   0.0001000  0.001000   0.001000          0.     0.000     0.000     0.000     0.000         0      0      0      0.000000  0.000000   0.002807      0          0        0.000000  0.000000   0.000700      0           0
   42102.494  0.073798  0.168514 -12.4455654      0.000000     0.000000    0.015000  0.015000   0.0001000  0.001000   0.001000          0.     0.000     0.000     0.000     0.000         0      0      0      0.000000  0.000000   0.002834      0          0        0.000000  0.000000   0.000700      0           0
   42120.756  0.053585  0.165096 -12.5006407      0.000000     0.000000    0.015000  0.015000   0.0001000  0.001000   0.001000          0.     0.000     0.000     0.000     0.000         0      0      0      0.000000  0.000000   0.003189      0          0        0.000000  0.000000   0.000700      0           0
   42139.018  0.035272  0.176831 -12.5567819      0.000000     0.000000    0.015000  0.015000   0.0001000  0.001000   0.001000          0.     0.000     0.000     0.000     0.000         0      0      0      0.000000  0.000000   0.002894      0          0        0.000000  0.000000   0.000700      0           0
   42157.281  0.025544  0.185520 -12.6134213      0.000000     0.000000    0.015000  0.015000   0.0001000  0.001000   0.001000          0.     0.000     0.000     0.000     0.000         0      0      0      0.000000  0.000000   0.003458      0          0        0.000000  0.000000   0.000700      0           0
   42175.543  0.012144  0.182850 -12.6758029      0.000000     0.000000    0.015000  0.015000   0.0001000  0.001000   0.001000          0.     0.000     0.000     0.000     0.000         0      0      0      0.000000  0.000000   0.003175      0          0        0.000000  0.000000   0.000700      0           0
   42193.805 -0.004192  0.181146 -12.7305269      0.000000     0.000000    0.015000  0.015000   0.0001000  0.001000   0.001000          0.     0.000     0.000     0.000     0.000         0      0      0      0.000000  0.000000   0.002848      0          0        0.000000  0.000000   0.000700      0           0
   42212.067 -0.007481  0.186840 -12.7771581      0.000000     0.000000    0.015000  0.015000   0.0001000  0.001000   0.001000          0.     0.000     0.000     0.000     0.000         0      0      0      0.000000  0.000000   0.002246      0          0        0.000000  0.000000   0.000700      0           0
   42230.329  0.003936  0.198895 -12.8158698      0.000000     0.000000    0.015000  0.015000   0.0001000  0.001000   0.001000          0.     0.000     0.000     0.000     0.000         0      0      0      0.000000  0.000000   0.002077      0          0        0.000000  0.000000   0.000700      0           0
   42248.591  0.008596  0.207976 -12.8525862      0.000000     0.000000    0.015000  0.015000   0.0001000  0.001000   0.001000          0.     0.000     0.000     0.000     0.000         0      0      0      0.000000  0.000000   0.001891      0          0        0.000000  0.000000   0.000700      0           0
   42266.853  0.008540  0.207903 -12.8892236      0.000000     0.000000    0.015000  0.015000   0.0001000  0.001000   0.001000          0.     0.000     0.000     0.000     0.000         0      0      0      0.000000  0.000000   0.002254      0          0        0.000000  0.000000   0.000700      0           0
   42285.115  0.008552  0.208003 -12.9320975      0.000000     0.000000    0.015000  0.015000   0.0001000  0.001000   0.001000          0.     0.000     0.000     0.000     0.000         0      0      0      0.000000  0.000000   0.002327      0          0        0.000000  0.000000   0.000700      0           0
   42303.377  0.008302  0.208342 -12.9755800      0.000000     0.000000    0.015000  0.015000   0.0001000  0.001000   0.001000          0.     0.000     0.000     0.000     0.000         0      0      0      0.000000  0.000000   0.002548      0          0        0.000000  0.000000   0.000700      0           0
   42321.639  0.000795  0.219232 -13.0249543      0.000000     0.000000    0.015000  0.015000   0.0001000  0.001000   0.001000          0.     0.000     0.000     0.000     0.000         0      0      0      0.000000  0.000000   0.002832      0          0        0.000000  0.000000   0.000700      0           0
   42339.902 -0.013251  0.233973 -13.0796533      0.000000     0.000000    0.015000  0.015000   0.0001000  0.001000   0.001000          0.     0.000     0.000     0.000     0.000         0      0      0      0.000000  0.000000   0.003052      0          0        0.000000  0.000000   0.000700      0           0
   42358.164 -0.024547  0.244193 -13.1338737      0.000000     0.000000    0.015000  0.015000   0.0001000  0.001000   0.001000          0.     0.000     0.000     0.000     0.000         0      0      0      0.000000  0.000000   0.002994      0          0        0.000000  0.000000   0.000700      0           0
   42376.426 -0.034402  0.250985 -13.1901462      0.000000     0.000000    0.015000  0.015000   0.0001000  0.001000   0.001000          0.     0.000     0.000     0.000     0.000         0      0      0      0.000000  0.000000   0.003075      0          0        0.000000  0.000000   0.000700      0           0
   42394.688 -0.042423  0.258078 -13.2435600      0.000000     0.000000    0.015000  0.015000   0.0001000  0.001000   0.001000          0.     0.000     0.000     0.000     0.000         0      0      0      0.000000  0.000000   0.002784      0          0        0.000000  0.000000   0.000700      0           0
   42412.950 -0.048711  0.268876 -13.2924656      0.000000     0.000000    0.015000  0.015000   0.0001000  0.001000   0.001000          0.     0.000     0.000     0.000     0.000         0      0      0      0.000000  0.000000   0.002606      0          0        0.000000  0.000000   0.000700      0           0
   42431.212 -0.048881  0.283792 -13.3417640      0.000000     0.000000    0.015000  0.015000   0.0001000  0.001000   0.001000          0.     0.000     0.000     0.000     0.000         0      0      0      0.000000  0.000000   0.002808      0          0        0.000000  0.000000   0.000700      0           0
   42449.474 -0.036124  0.301883 -13.3942688      0.000000     0.000000    0.015000  0.015000   0.0001000  0.001000   0.001000          0.     0.000     0.000     0.000     0.000         0      0      0      0.000000  0.000000   0.002994      0          0        0.000000  0.000000   0.000700      0           0
   42467.736 -0.016039  0.323908 -13.4486209      0.000000     0.000000    0.015000  0.015000   0.0001000  0.001000   0.001000          0.     0.000     0.000     0.000     0.000         0      0      0      0.000000  0.000000   0.002802      0          0        0.000000  0.000000   0.000700      0           0
   42485.998  0.010295  0.338564 -13.4998796      0.000000     0.000000    0.015000  0.015000   0.0001000  0.001000   0.001000          0.     0.000     0.000     0.000     0.000         0      0      0      0.000000  0.000000   0.003009      0          0        0.000000  0.000000   0.000700      0           0
   42504.260  0.041724  0.337196 -13.5563644      0.000000     0.000000    0.015000  0.015000   0.0001000  0.001000   0.001000          0.     0.000     0.000     0.000     0.000         0      0      0      0.000000  0.000000   0.003002      0          0        0.000000  0.000000   0.000700      0           0
   42522.523  0.069087  0.318710 -13.6109814      0.000000     0.000000    0.015000  0.015000   0.0001000  0.001000   0.001000          0.     0.000     0.000     0.000     0.000         0      0      0      0.000000  0.000000   0.003088      0          0        0.000000  0.000000   0.000700      0           0
   42540.785  0.087345  0.293917 -13.6666480      0.000000     0.000000    0.015000  0.015000   0.0001000  0.001000   0.001000          0.     0.000     0.000     0.000     0.000         0      0      0      0.000000  0.000000   0.002889      0          0        0.000000  0.000000   0.000700      0           0
   42559.047  0.103752  0.272244 -13.7165528      0.000000     0.000000    0.015000  0.015000   0.0001000  0.001000   0.001000          0.     0.000     0.000     0.000     0.000         0      0      0      0.000000  0.000000   0.002605      0          0        0.000000  0.000000   0.000700      0           0
   42577.309  0.126361  0.251696 -13.7617828      0.000000     0.000000    0.015000  0.015000   0.0001000  0.001000   0.001000          0.     0.000     0.000     0.000     0.000         0      0      0      0.000000  0.000000   0.002385      0          0        0.000000  0.000000   0.000700      0           0
   42595.571  0.141628  0.228472 -13.8025252      0.000000     0.000000    0.015000  0.015000   0.0001000  0.001000   0.001000          0.     0.000     0.000     0.000     0.000         0      0      0      0.000000  0.000000   0.001988      0          0        0.000000  0.000000   0.000700      0           0
   42613.833  0.138681  0.200594 -13.8357335      0.000000     0.000000    0.015000  0.015000   0.0001000  0.001000   0.001000          0.     0.000     0.000     0.000     0.000         0      0      0      0.000000  0.000000   0.001782      0          0        0.000000  0.000000   0.000700      0           0
   42632.095  0.129940  0.172125 -13.8709651      0.000000     0.000000    0.015000  0.015000   0.0001000  0.001000   0.001000          0.     0.000     0.000     0.000     0.000         0      0      0      0.000000  0.000000   0.002101      0          0        0.000000  0.000000   0.000700      0           0
   42650.357  0.118909  0.146535 -13.9117168      0.000000     0.000000    0.015000  0.015000   0.0001000  0.001000   0.001000          0.     0.000     0.000     0.000     0.000         0      0      0      0.000000  0.000000   0.002283      0          0        0.000000  0.000000   0.000700      0           0
   42668.619  0.096268  0.123823 -13.9539836      0.000000     0.000000    0.015000  0.015000   0.0001000  0.001000   0.001000          0.     0.000     0.000     0.000     0.000         0      0      0      0.000000  0.000000   0.002442      0          0        0.000000  0.000000   0.000700      0           0
   42686.882  0.061239  0.104896 -14.0030932      0.000000     0.000000    0.015000  0.015000   0.0001000  0.001000   0.001000          0.     0.000     0.000     0.000     0.000         0      0      0      0.000000  0.000000   0.002927      0          0        0.000000  0.000000   0.000700      0           0
   42705.144  0.016218  0.094568 -14.0587160      0.000000     0.000000    0.015000  0.015000   0.0001000  0.001000   0.001000          0.     0.000     0.000     0.000     0.000         0      0      0      0.000000  0.000000   0.003088      0          0        0.000000  0.000000   0.000700      0           0
   42723.406 -0.034891  0.100660 -14.1152853      0.000000     0.000000    0.015000  0.015000   0.0001000  0.001000   0.001000          0.     0.000     0.000     0.000     0.000         0      0      0      0.000000  0.000000   0.003134      0          0        0.000000  0.000000   0.000700      0           0
   42741.668 -0.078372  0.123003 -14.1717929      0.000000     0.000000    0.015000  0.015000   0.0001000  0.001000   0.001000          0.     0.000     0.000     0.000     0.000         0      0      0      0.000000  0.000000   0.002982      0          0        0.000000  0.000000   0.000700      0           0
   42759.930 -0.116555  0.155761 -14.2238789      0.000000     0.000000    0.015000  0.015000   0.0001000  0.001000   0.001000          0.     0.000     0.000     0.000     0.000         0      0      0      0.000000  0.000000   0.002797      0          0        0.000000  0.000000   0.000700      0           0
   42778.192 -0.142431  0.194774 -14.2741513      0.000000     0.000000    0.015000  0.015000   0.0001000  0.001000   0.001000          0.     0.000     0.000     0.000     0.000         0      0      0      0.000000  0.000000   0.002640      0          0        0.000000  0.000000   0.000700      0           0
   42796.454 -0.153976  0.240596 -14.3232737      0.000000     0.000000    0.015000  0.015000   0.0001000  0.001000   0.001000          0.     0.000     0.000     0.000     0.000         0      0      0      0.000000  0.000000   0.002885      0          0        0.000000  0.000000   0.000700      0           0
   42814.716 -0.154733  0.286720 -14.3780713      0.000000     0.000000    0.015000  0.015000   0.0001000  0.001000   0.001000          0.     0.000     0.000     0.000     0.000         0      0      0      0.000000  0.000000   0.002965      0          0        0.000000  0.000000   0.000700      0           0
   42832.978 -0.142629  0.327414 -14.4300410      0.000000     0.000000    0.015000  0.015000   0.0001000  0.001000   0.001000          0.     0.000     0.000     0.000     0.000         0      0      0      0.000000  0.000000   0.002829      0          0        0.000000  0.000000   0.000700      0           0
   42851.240 -0.121819  0.360787 -14.4855615      0.000000     0.000000    0.015000  0.015000   0.0001000  0.001000   0.001000          0.     0.000     0.000     0.000     0.000         0      0      0      0.000000  0.000000   0.003231      0          0        0.000000  0.000000   0.000700      0           0
   42869.503 -0.092100  0.391388 -14.5465229      0.000000     0.000000    0.015000  0.015000   0.0001000  0.001000   0.001000          0.     0.000     0.000     0.000     0.000         0      0      0      0.000000  0.000000   0.003439      0          0        0.000000  0.000000   0.000700      0           0
   42887.765 -0.049016  0.421359 -14.6082898      0.000000     0.000000    0.015000  0.015000   0.0001000  0.001000   0.001000          0.     0.000     0.000     0.000     0.000         0      0      0      0.000000  0.000000   0.003254      0          0        0.000000  0.000000   0.000700      0           0
   42906.027 -0.000918  0.435249 -14.6676177      0.000000     0.000000    0.015000  0.015000   0.0001000  0.001000   0.001000          0.     0.000     0.000     0.000     0.000         0      0      0      0.000000  0.000000   0.003291      0          0        0.000000  0.000000   0.000700      0           0
   42924.289  0.049586  0.426497 -14.7256536      0.000000     0.000000    0.015000  0.015000   0.0001000  0.001000   0.001000          0.     0.000     0.000     0.000     0.000         0      0      0      0.000000  0.000000   0.002964      0          0        0.000000  0.000000   0.000700      0           0
   42942.551  0.104988  0.402249 -14.7745605      0.000000     0.000000    0.015000  0.015000   0.0001000  0.001000   0.001000          0.     0.000     0.000     0.000     0.000         0      0      0      0.000000  0.000000   0.002389      0          0        0.000000  0.000000   0.000700      0           0
   42960.813  0.157583  0.370358 -14.8155045      0.000000     0.000000    0.015000  0.015000   0.0001000  0.001000   0.001000          0.     0.000     0.000     0.000     0.000         0      0      0      0.000000  0.000000   0.002242      0          0        0.000000  0.000000   0.000700      0           0
   42979.075  0.202249  0.333761 -14.8582899      0.000000     0.000000    0.015000  0.015000   0.0001000  0.001000   0.001000          0.     0.000     0.000     0.000     0.000         0      0      0      0.000000  0.000000   0.002392      0          0        0.000000  0.000000   0.000700      0           0
   42997.337  0.232009  0.293010 -14.9018376      0.000000     0.000000    0.015000  0.015000   0.0001000  0.001000   0.001000          0.     0.000     0.000     0.000     0.000         0      0      0      0.000000  0.000000   0.002324      0          0        0.000000  0.000000   0.000700      0           0
   43015.599  0.239367  0.242852 -14.9435319      0.000000     0.000000    0.015000  0.015000   0.0001000  0.001000   0.001000          0.     0.000     0.000     0.000     0.000         0      0      0      0.000000  0.000000   0.002401      0          0        0.000000  0.000000   0.000700      0           0
   43033.861  0.224667  0.190156 -14.9940021      0.000000     0.000000    0.015000  0.015000   0.0001000  0.001000   0.001000          0.     0.000     0.000     0.000     0.000         0      0      0      0.000000  0.000000   0.003110      0          0        0.000000  0.000000   0.000700      0           0
   43052.124  0.198570  0.145985 -15.0534146      0.000000     0.000000    0.015000  0.015000   0.0001000  0.001000   0.001000          0.     0.000     0.000     0.000     0.000         0      0      0      0.000000  0.000000   0.003301      0          0        0.000000  0.000000   0.000700      0           0
   43070.386  0.166309  0.114319 -15.1139176      0.000000     0.000000    0.015000  0.015000   0.0001000  0.001000   0.001000          0.     0.000     0.000     0.000     0.000         0      0      0      0.000000  0.000000   0.003351      0          0        0.000000  0.000000   0.000700      0           0
   43088.648  0.122791  0.091608 -15.1744604      0.000000     0.000000    0.015000  0.015000   0.0001000  0.001000   0.001000          0.     0.000     0.000     0.000     0.000         0      0      0      0.000000  0.000000   0.003171      0          0        0.000000  0.000000   0.000700      0           0
   43106.910  0.067387  0.078564 -15.2295303      0.000000     0.000000    0.015000  0.015000   0.0001000  0.001000   0.001000          0.     0.000     0.000     0.000     0.000         0      0      0      0.000000  0.000000   0.002978      0          0        0.000000  0.000000   0.000700      0           0
   43125.172  0.001312  0.073092 -15.2840283      0.000000     0.000000    0.015000  0.015000   0.0001000  0.001000   0.001000          0.     0.000     0.000     0.000     0.000         0      0      0      0.000000  0.000000   0.002878      0          0        0.000000  0.000000   0.000700      0           0
   43143.434 -0.070238  0.082599 -15.3339124      0.000000     0.000000    0.015000  0.015000   0.0001000  0.001000   0.001000          0.     0.000     0.000     0.000     0.000         0      0      0      0.000000  0.000000   0.002710      0          0        0.000000  0.000000   0.000700      0           0
   43161.696 -0.133831  0.114931 -15.3852362      0.000000     0.000000    0.015000  0.015000   0.0001000  0.001000   0.001000          0.     0.000     0.000     0.000     0.000         0      0      0      0.000000  0.000000   0.002857      0          0        0.000000  0.000000   0.000700      0           0
   43179.958 -0.185586  0.167173 -15.4358479      0.000000     0.000000    0.015000  0.015000   0.0001000  0.001000   0.001000          0.     0.000     0.000     0.000     0.000         0      0      0      0.000000  0.000000   0.002668      0          0        0.000000  0.000000   0.000700      0           0
   43198.220 -0.222695  0.232029 -15.4848362      0.000000     0.000000    0.015000  0.015000   0.0001000  0.001000   0.001000          0.     0.000     0.000     0.000     0.000         0      0      0      0.000000  0.000000   0.002777      0          0        0.000000  0.000000   0.000700      0           0
   43216.482 -0.235778  0.298985 -15.5381781      0.000000     0.000000    0.015000  0.015000   0.0001000  0.001000   0.001000          0.     0.000     0.000     0.000     0.000         0      0      0      0.000000  0.000000   0.003129      0          0        0.000000  0.000000   0.000700      0           0
   43234.745 -0.219175  0.361058 -15.5981854      0.000000     0.000000    0.015000  0.015000   0.0001000  0.001000   0.001000          0.     0.000     0.000     0.000     0.000         0      0      0      0.000000  0.000000   0.003225      0          0        0.000000  0.000000   0.000700      0           0
   43253.007 -0.179712  0.410606 -15.6562758      0.000000     0.000000    0.015000  0.015000   0.0001000  0.001000   0.001000          0.     0.000     0.000     0.000     0.000         0      0      0      0.000000  0.000000   0.003321      0          0        0.000000  0.000000   0.000700      0           0
   43271.269 -0.132931  0.449165 -15.7167571      0.000000     0.000000    0.015000  0.015000   0.0001000  0.001000   0.001000          0.     0.000     0.000     0.000     0.000         0      0      0      0.000000  0.000000   0.003145      0          0        0.000000  0.000000   0.000700      0           0
   43289.531 -0.073855  0.476592 -15.7698516      0.000000     0.000000    0.015000  0.015000   0.0001000  0.001000   0.001000          0.     0.000     0.000     0.000     0.000         0      0      0      0.000000  0.000000   0.002671      0          0        0.000000  0.000000   0.000700      0           0
   43307.793  0.004735  0.487940 -15.8149886      0.000000     0.000000    0.015000  0.015000   0.0001000  0.001000   0.001000          0.     0.000     0.000     0.000     0.000         0      0      0      0.000000  0.000000   0.002274      0          0        0.000000  0.000000   0.000700      0           0
   43326.055  0.088167  0.479759 -15.8522390      0.000000     0.000000    0.015000  0.015000   0.0001000  0.001000   0.001000          0.     0.000     0.000     0.000     0.000         0      0      0      0.000000  0.000000   0.001847      0          0        0.000000  0.000000   0.000700      0           0
   43344.317  0.158358  0.450730 -15.8867544      0.000000     0.000000    0.015000  0.015000   0.0001000  0.001000   0.001000          0.     0.000     0.000     0.000     0.000         0      0      0      0.000000  0.000000   0.001995      0          0        0.000000  0.000000   0.000700      0           0
   43362.579  0.212632  0.408438 -15.9221121      0.000000     0.000000    0.015000  0.015000   0.0001000  0.001000   0.001000          0.     0.000     0.000     0.000     0.000         0      0      0      0.000000  0.000000   0.001845      0          0        0.000000  0.000000   0.000700      0           0
   43380.841  0.254395  0.356397 -15.9593557      0.000000     0.000000    0.015000  0.015000   0.0001000  0.001000   0.001000          0.     0.000     0.000     0.000     0.000         0      0      0      0.000000  0.000000   0.002390      0          0        0.000000  0.000000   0.000700      0           0
   43399.103  0.279379  0.296471 -16.0092062      0.000000     0.000000    0.015000  0.015000   0.0001000  0.001000   0.001000          0.     0.000     0.000     0.000     0.000         0      0      0      0.000000  0.000000   0.002924      0          0        0.000000  0.000000   0.000700      0           0
   43417.365  0.277342  0.225488 -16.0622794      0.000000     0.000000    0.015000  0.015000   0.0001000  0.001000   0.001000          0.     0.000     0.000     0.000     0.000         0      0      0      0.000000  0.000000   0.002915      0          0        0.000000  0.000000   0.000700      0           0
   43435.628  0.249362  0.151616 -16.1192387      0.000000     0.000000    0.015000  0.015000   0.0001000  0.001000   0.001000          0.     0.000     0.000     0.000     0.000         0      0      0      0.000000  0.000000   0.003314      0          0        0.000000  0.000000   0.000700      0           0
   43453.890  0.201576  0.094880 -16.1788170      0.000000     0.000000    0.015000  0.015000   0.0001000  0.001000   0.001000          0.     0.000     0.000     0.000     0.000         0      0      0      0.000000  0.000000   0.003164      0          0        0.000000  0.000000   0.000700      0           0
   43472.152  0.141427  0.058579 -16.2353370      0.000000     0.000000    0.015000  0.015000   0.0001000  0.001000   0.001000          0.     0.000     0.000     0.000     0.000         0      0      0      0.000000  0.000000   0.002993      0          0        0.000000  0.000000   0.000700      0           0
   43490.414  0.071953  0.033183 -16.2908987      0.000000     0.000000    0.015000  0.015000   0.0001000  0.001000   0.001000          0.     0.000     0.000     0.000     0.000         0      0      0      0.000000  0.000000   0.003240      0          0        0.000000  0.000000   0.000700      0           0
   43508.676  0.001605  0.025172 -16.3508045      0.000000     0.000000    0.015000  0.015000   0.0001000  0.001000   0.001000          0.     0.000     0.000     0.000     0.000         0      0      0      0.000000  0.000000   0.003151      0          0        0.000000  0.000000   0.000700      0           0
   43526.938 -0.066175  0.040914 -16.4069024      0.000000     0.000000    0.015000  0.015000   0.0001000  0.001000   0.001000          0.     0.000     0.000     0.000     0.000         0      0      0      0.000000  0.000000   0.003073      0          0        0.000000  0.000000   0.000700      0           0
   43545.200 -0.132868  0.071448 -16.4643038      0.000000     0.000000    0.015000  0.015000   0.0001000  0.001000   0.001000          0.     0.000     0.000     0.000     0.000         0      0      0      0.000000  0.000000   0.003335      0          0        0.000000  0.000000   0.000700      0           0
   43563.462 -0.184303  0.110580 -16.5300754      0.000000     0.000000    0.015000  0.015000   0.0001000  0.001000   0.001000          0.     0.000     0.000     0.000     0.000         0      0      0      0.000000  0.000000   0.003637      0          0        0.000000  0.000000   0.000700      0           0
   43581.724 -0.216682  0.164822 -16.5925275      0.000000     0.000000    0.015000  0.015000   0.0001000  0.001000   0.001000          0.     0.000     0.000     0.000     0.000         0      0      0      0.000000  0.000000   0.003339      0          0        0.000000  0.000000   0.000700      0           0
   43599.986 -0.226979  0.233675 -16.6547376      0.000000     0.000000    0.015000  0.015000   0.0001000  0.001000   0.001000          0.     0.000     0.000     0.000     0.000         0      0      0      0.000000  0.000000   0.003431      0          0        0.000000  0.000000   0.000700      0           0
   43618.249 -0.218023  0.311387 -16.7168696      0.000000     0.000000    0.015000  0.015000   0.0001000  0.001000   0.001000          0.     0.000     0.000     0.000     0.000         0      0      0      0.000000  0.000000   0.003317      0          0        0.000000  0.000000   0.000700      0           0
   43636.511 -0.198180  0.376965 -16.7746402      0.000000     0.000000    0.015000  0.015000   0.0001000  0.001000   0.001000          0.     0.000     0.000     0.000     0.000         0      0      0      0.000000  0.000000   0.003102      0          0        0.000000  0.000000   0.000700      0           0
   43654.773 -0.165235  0.417549 -16.8313087      0.000000     0.000000    0.015000  0.015000   0.0001000  0.001000   0.001000          0.     0.000     0.000     0.000     0.000         0      0      0      0.000000  0.000000   0.002989      0          0        0.000000  0.000000   0.000700      0           0
   43673.035 -0.109158  0.447470 -16.8795932      0.000000     0.000000    0.015000  0.015000   0.0001000  0.001000   0.001000          0.     0.000     0.000     0.000     0.000         0      0      0      0.000000  0.000000   0.002286      0          0        0.000000  0.000000   0.000700      0           0
   43691.297 -0.045227  0.473303 -16.9185318      0.000000     0.000000    0.015000  0.015000   0.0001000  0.001000   0.001000          0.     0.000     0.000     0.000     0.000         0      0      0      0.000000  0.000000   0.002068      0          0        0.000000  0.000000   0.000700      0           0
   43709.559  0.022690  0.487602 -16.9536385      0.000000     0.000000    0.015000  0.015000   0.0001000  0.001000   0.001000          0.     0.000     0.000     0.000     0.000         0      0      0      0.000000  0.000000   0.001759      0          0        0.000000  0.000000   0.000700      0           0
   43727.821  0.096930  0.478262 -16.9878250      0.000000     0.000000    0.015000  0.015000   0.0001000  0.001000   0.001000          0.     0.000     0.000     0.000     0.000         0      0      0      0.000000  0.000000   0.002115      0          0        0.000000  0.000000   0.000700      0           0
   43746.083  0.153645  0.445144 -17.0302680      0.000000     0.000000    0.015000  0.015000   0.0001000  0.001000   0.001000          0.     0.000     0.000     0.000     0.000         0      0      0      0.000000  0.000000   0.002474      0          0        0.000000  0.000000   0.000700      0           0
   43764.345  0.194897  0.401548 -17.0754802      0.000000     0.000000    0.015000  0.015000   0.0001000  0.001000   0.001000          0.     0.000     0.000     0.000     0.000         0      0      0      0.000000  0.000000   0.002446      0          0        0.000000  0.000000   0.000700      0           0
   43782.607  0.224028  0.349724 -17.1253857      0.000000     0.000000    0.015000  0.015000   0.0001000  0.001000   0.001000          0.     0.000     0.000     0.000     0.000         0      0      0      0.000000  0.000000   0.003080      0          0        0.000000  0.000000   0.000700      0           0
   43800.870  0.234668  0.283152 -17.1818194      0.000000     0.000000    0.015000  0.015000   0.0001000  0.001000   0.001000          0.     0.000     0.000     0.000     0.000         0      0      0      0.000000  0.000000   0.003004      0          0        0.000000  0.000000   0.000700      0           0
   43819.132  0.226621  0.218009 -17.2365219      0.000000     0.000000    0.015000  0.015000   0.0001000  0.001000   0.001000          0.     0.000     0.000     0.000     0.000         0      0      0      0.000000  0.000000   0.003034      0          0        0.000000  0.000000   0.000700      0           0
   43837.394  0.207354  0.165578 -17.2935158      0.000000     0.000000    0.015000  0.015000   0.0001000  0.001000   0.001000          0.     0.000     0.000     0.000     0.000         0      0      0      0.000000  0.000000   0.003166      0          0        0.000000  0.000000   0.000700      0           0
   43855.656  0.176054  0.119469 -17.3490067      0.000000     0.000000    0.015000  0.015000   0.0001000  0.001000   0.001000          0.     0.000     0.000     0.000     0.000         0      0      0      0.000000  0.000000   0.002890      0          0        0.000000  0.000000   0.000700      0           0
   43873.918  0.138954  0.085097 -17.4017256      0.000000     0.000000    0.015000  0.015000   0.0001000  0.001000   0.001000          0.     0.000     0.000     0.000     0.000         0      0      0      0.000000  0.000000   0.002974      0          0        0.000000  0.000000   0.000700      0           0
   43892.180  0.089514  0.060397 -17.4564121      0.000000     0.000000    0.015000  0.015000   0.0001000  0.001000   0.001000          0.     0.000     0.000     0.000     0.000         0      0      0      0.000000  0.000000   0.002967      0          0        0.000000  0.000000   0.000700      0           0
   43910.442  0.031198  0.053768 -17.5108672      0.000000     0.000000    0.015000  0.015000   0.0001000  0.001000   0.001000          0.     0.000     0.000     0.000     0.000         0      0      0      0.000000  0.000000   0.002946      0          0        0.000000  0.000000   0.000700      0           0
   43928.704 -0.016404  0.070465 -17.5627818      0.000000     0.000000    0.015000  0.015000   0.0001000  0.001000   0.001000          0.     0.000     0.000     0.000     0.000         0      0      0      0.000000  0.000000   0.002817      0          0        0.000000  0.000000   0.000700      0           0
   43946.966 -0.062671  0.100687 -17.6162947      0.000000     0.000000    0.015000  0.015000   0.0001000  0.001000   0.001000          0.     0.000     0.000     0.000     0.000         0      0      0      0.000000  0.000000   0.003045      0          0        0.000000  0.000000   0.000700      0           0
   43965.228 -0.105268  0.131704 -17.6727055      0.000000     0.000000    0.015000  0.015000   0.0001000  0.001000   0.001000          0.     0.000     0.000     0.000     0.000         0      0      0      0.000000  0.000000   0.003121      0          0        0.000000  0.000000   0.000700      0           0
   43983.491 -0.137280  0.173623 -17.7309784      0.000000     0.000000    0.015000  0.015000   0.0001000  0.001000   0.001000          0.     0.000     0.000     0.000     0.000         0      0      0      0.000000  0.000000   0.003204      0          0        0.000000  0.000000   0.000700      0           0
   44001.753 -0.151103  0.217729 -17.7869923      0.000000     0.000000    0.015000  0.015000   0.0001000  0.001000   0.001000          0.     0.000     0.000     0.000     0.000         0      0      0      0.000000  0.000000   0.002953      0          0        0.000000  0.000000   0.000700      0           0
   44020.015 -0.152316  0.258039 -17.8382122      0.000000     0.000000    0.015000  0.015000   0.0001000  0.001000   0.001000          0.     0.000     0.000     0.000     0.000         0      0      0      0.000000  0.000000   0.002551      0          0        0.000000  0.000000   0.000700      0           0
   44038.277 -0.146458  0.300564 -17.8807055      0.000000     0.000000    0.015000  0.015000   0.0001000  0.001000   0.001000          0.     0.000     0.000     0.000     0.000         0      0      0      0.000000  0.000000   0.002255      0          0        0.000000  0.000000   0.000700      0           0
   44056.539 -0.126888  0.341643 -17.9224579      0.000000     0.000000    0.015000  0.015000   0.0001000  0.001000   0.001000          0.     0.000     0.000     0.000     0.000         0      0      0      0.000000  0.000000   0.002215      0          0        0.000000  0.000000   0.000700      0           0
   44074.801 -0.089746  0.377681 -17.9585763      0.000000     0.000000    0.015000  0.015000   0.0001000  0.001000   0.001000          0.     0.000     0.000     0.000     0.000         0      0      0      0.000000  0.000000   0.001783      0          0        0.000000  0.000000   0.000700      0           0
   44093.063 -0.038593  0.401136 -17.9929201      0.000000     0.000000    0.015000  0.015000   0.0001000  0.001000   0.001000          0.     0.000     0.000     0.000     0.000         0      0      0      0.000000  0.000000   0.002091      0          0        0.000000  0.000000   0.000700      0           0
   44111.325  0.014232  0.409258 -18.0320429      0.000000     0.000000    0.015000  0.015000   0.0001000  0.001000   0.001000          0.     0.000     0.000     0.000     0.000         0      0      0      0.000000  0.000000   0.002073      0          0        0.000000  0.000000   0.000700      0           0
   44129.587  0.057307  0.410038 -18.0709431      0.000000     0.000000    0.015000  0.015000   0.0001000  0.001000   0.001000          0.     0.000     0.000     0.000     0.000         0      0      0      0.000000  0.000000   0.002280      0          0        0.000000  0.000000   0.000700      0           0
   44147.849  0.086840  0.401061 -18.1160445      0.000000     0.000000    0.015000  0.015000   0.0001000  0.001000   0.001000          0.     0.000     0.000     0.000     0.000         0      0      0      0.000000  0.000000   0.002686      0          0        0.000000  0.000000   0.000700      0           0
   44166.112  0.105315  0.384698 -18.1670566      0.000000     0.000000    0.015000  0.015000   0.0001000  0.001000   0.001000          0.     0.000     0.000     0.000     0.000         0      0      0      0.000000  0.000000   0.002768      0          0        0.000000  0.000000   0.000700      0           0
   44184.374  0.132370  0.359755 -18.2149463      0.000000     0.000000    0.015002  0.015002   0.0001000  0.001000   0.001000          0.     0.000     0.000     0.000     0.000         0      0      0      0.000000  0.000000   0.002536      0          0        0.000000  0.000000   0.000700      0           0
   44202.636  0.133226  0.320714 -18.2613735      0.000000     0.000000    0.014952  0.014952   0.0001000  0.001000   0.001000          0.     0.000     0.000     0.000     0.000         0      0      0      0.000000  0.000000   0.002556      0          0        0.000000  0.000000   0.000698      0           0
   44220.898  0.135821  0.284892 -18.3088356      0.000000     0.000000    0.015501  0.015501   0.0001000  0.001000   0.001000          0.     0.000     0.000     0.000     0.000         0      0      0      0.000000  0.000000   0.002594      0          0        0.000000  0.000000   0.000722      0           0
   44239.160  0.141275  0.255922 -18.3543699      0.000000     0.000000    0.007844  0.007844   0.0001000  0.001000   0.001000          0.     0.000     0.000     0.000     0.000         0      0      0      0.000000  0.000000   0.002451      0          0        0.000000  0.000000   0.000397      0           0
   44257.422  0.121168  0.222058 -18.4011864      0.000000     0.000000    0.001625  0.001625   0.0001000  0.001000   0.001000          0.     0.000     0.000     0.000     0.000         0      0      0      0.000000  0.000000   0.002615      0          0        0.000000  0.000000   0.000134      0           0
   44275.684  0.089813  0.197602 -18.4451899      0.000000     0.000000    0.002028  0.002028   0.0001000  0.001000   0.001000          0.     0.000     0.000     0.000     0.000         0      0      0      0.000000  0.000000   0.002237      0          0        0.000000  0.000000   0.000151      0           0
   44293.946  0.064555  0.182810 -18.4899252      0.000000     0.000000    0.002000  0.002000   0.0001000  0.001000   0.001000          0.     0.000     0.000     0.000     0.000         0      0      0      0.000000  0.000000   0.002621      0          0        0.000000  0.000000   0.000150      0           0
   44312.208  0.042226  0.179180 -18.5343396      0.000000     0.000000    0.002000  0.002000   0.0001000  0.001000   0.001000          0.     0.000     0.000     0.000     0.000         0      0      0      0.000000  0.000000   0.002414      0          0        0.000000  0.000000   0.000150      0           0
   44330.471  0.010716  0.187431 -18.5834363      0.000000     0.000000    0.002000  0.002000   0.0001000  0.001000   0.001000          0.     0.000     0.000     0.000     0.000         0      0      0      0.000000  0.000000   0.002802      0          0        0.000000  0.000000   0.000150      0           0
   44348.733 -0.021245  0.201935 -18.6320915      0.000000     0.000000    0.002000  0.002000   0.0001000  0.001000   0.001000          0.     0.000     0.000     0.000     0.000         0      0      0      0.000000  0.000000   0.002632      0          0        0.000000  0.000000   0.000150      0           0
   44366.995 -0.044846  0.221565 -18.6796403      0.000000     0.000000    0.002000  0.002000   0.0001000  0.001000   0.001000          0.     0.000     0.000     0.000     0.000         0      0      0      0.000000  0.000000   0.002497      0          0        0.000000  0.000000   0.000150      0           0
   44385.257 -0.053336  0.241005 -18.7237589      0.000000     0.000000    0.002000  0.002000   0.0001000  0.001000   0.001000          0.     0.000     0.000     0.000     0.000         0      0      0      0.000000  0.000000   0.002251      0          0        0.000000  0.000000   0.000150      0           0
   44403.519 -0.056050  0.259099 -18.7606272      0.000000     0.000000    0.002000  0.002000   0.0001000  0.001000   0.001000          0.     0.000     0.000     0.000     0.000         0      0      0      0.000000  0.000000   0.001945      0          0        0.000000  0.000000   0.000150      0           0
   44421.781 -0.052945  0.280985 -18.7947047      0.000000     0.000000    0.002000  0.002000   0.0001000  0.001000   0.001000          0.     0.000     0.000     0.000     0.000         0      0      0      0.000000  0.000000   0.001665      0          0        0.000000  0.000000   0.000150      0           0
   44440.043 -0.040759  0.302138 -18.8242704      0.000000     0.000000    0.002000  0.002000   0.0001000  0.001000   0.001000          0.     0.000     0.000     0.000     0.000         0      0      0      0.000000  0.000000   0.001680      0          0        0.000000  0.000000   0.000150      0           0
   44458.305 -0.036285  0.315190 -18.8539539      0.000000     0.000000    0.002000  0.002000   0.0001000  0.001000   0.001000          0.     0.000     0.000     0.000     0.000         0      0      0      0.000000  0.000000   0.001561      0          0        0.000000  0.000000   0.000150      0           0
   44476.567 -0.032103  0.328547 -18.8860326      0.000000     0.000000    0.002000  0.002000   0.0001000  0.001000   0.001000          0.     0.000     0.000     0.000     0.000         0      0      0      0.000000  0.000000   0.001975      0          0        0.000000  0.000000   0.000150      0           0
   44494.829 -0.031237  0.337256 -18.9251791      0.000000     0.000000    0.002000  0.002000   0.0001000  0.001000   0.001000          0.     0.000     0.000     0.000     0.000         0      0      0      0.000000  0.000000   0.002343      0          0        0.000000  0.000000   0.000150      0           0
   44513.092 -0.024115  0.345789 -18.9687738      0.000000     0.000000    0.002000  0.002000   0.0001000  0.001000   0.001000          0.     0.000     0.000     0.000     0.000         0      0      0      0.000000  0.000000   0.002386      0          0        0.000000  0.000000   0.000150      0           0
   44531.354 -0.013519  0.358753 -19.0144288      0.000000     0.000000    0.002000  0.002000   0.0001000  0.001000   0.001000          0.     0.000     0.000     0.000     0.000         0      0      0      0.000000  0.000000   0.002623      0          0        0.000000  0.000000   0.000150      0           0
   44549.616 -0.000471  0.366792 -19.0618802      0.000000     0.000000    0.002000  0.002000   0.0001000  0.001000   0.001000          0.     0.000     0.000     0.000     0.000         0      0      0      0.000000  0.000000   0.002499      0          0        0.000000  0.000000   0.000150      0           0
   44567.878  0.021893  0.373001 -19.1070385      0.000000     0.000000    0.002000  0.002000   0.0001000  0.001000   0.001000          0.     0.000     0.000     0.000     0.000         0      0      0      0.000000  0.000000   0.002481      0          0        0.000000  0.000000   0.000150      0           0
   44586.140  0.048047  0.372950 -19.1515152      0.000000     0.000000    0.002000  0.002000   0.0001000  0.001000   0.001000          0.     0.000     0.000     0.000     0.000         0      0      0      0.000000  0.000000   0.002426      0          0        0.000000  0.000000   0.000150      0           0
   44604.402  0.071699  0.359273 -19.1947351      0.000000     0.000000    0.002000  0.002000   0.0001000  0.001000   0.001000          0.     0.000     0.000     0.000     0.000         0      0      0      0.000000  0.000000   0.002345      0          0        0.000000  0.000000   0.000150      0           0
   44622.664  0.077803  0.347134 -19.2387052      0.000000     0.000000    0.002000  0.002000   0.0001000  0.001000   0.001000          0.     0.000     0.000     0.000     0.000         0      0      0      0.000000  0.000000   0.002406      0          0        0.000000  0.000000   0.000150      0           0
   44640.926  0.089580  0.330083 -19.2795945      0.000000     0.000000    0.002000  0.002000   0.0001000  0.001000   0.001000          0.     0.000     0.000     0.000     0.000         0      0      0      0.000000  0.000000   0.002175      0          0        0.000000  0.000000   0.000150      0           0
   44659.188  0.086597  0.316408 -19.3216865      0.000000     0.000000    0.002000  0.002000   0.0001000  0.001000   0.001000          0.     0.000     0.000     0.000     0.000         0      0      0      0.000000  0.000000   0.002425      0          0        0.000000  0.000000   0.000150      0           0
   44677.450  0.089867  0.303879 -19.3712766      0.000000     0.000000    0.002000  0.002000   0.0001000  0.001000   0.001000          0.     0.000     0.000     0.000     0.000         0      0      0      0.000000  0.000000   0.002802      0          0        0.000000  0.000000   0.000150      0           0
   44695.713  0.102184  0.288552 -19.4177788      0.000000     0.000000    0.002000  0.002000   0.0001000  0.001000   0.001000          0.     0.000     0.000     0.000     0.000         0      0      0      0.000000  0.000000   0.002483      0          0        0.000000  0.000000   0.000150      0           0
   44713.975  0.097325  0.269121 -19.4675650      0.000000     0.000000    0.002000  0.002000   0.0001000  0.001000   0.001000          0.     0.000     0.000     0.000     0.000         0      0      0      0.000000  0.000000   0.002853      0          0        0.000000  0.000000   0.000150      0           0
   44732.237  0.094032  0.256842 -19.5160582      0.000000     0.000000    0.002000  0.002000   0.0001000  0.001000   0.001000          0.     0.000     0.000     0.000     0.000         0      0      0      0.000000  0.000000   0.002447      0          0        0.000000  0.000000   0.000150      0           0
   44750.499  0.091310  0.241537 -19.5599974      0.000000     0.000000    0.002000  0.002000   0.0001000  0.001000   0.001000          0.     0.000     0.000     0.000     0.000         0      0      0      0.000000  0.000000   0.002326      0          0        0.000000  0.000000   0.000150      0           0
   44768.761  0.077659  0.226409 -19.6004148      0.000000     0.000000    0.002000  0.002000   0.0001000  0.001000   0.001000          0.     0.000     0.000     0.000     0.000         0      0      0      0.000000  0.000000   0.002044      0          0        0.000000  0.000000   0.000150      0           0
   44787.023  0.067584  0.209770 -19.6302104      0.000000     0.000000    0.002000  0.002000   0.0001000  0.001000   0.001000          0.     0.000     0.000     0.000     0.000         0      0      0      0.000000  0.000000   0.001323      0          0        0.000000  0.000000   0.000150      0           0
   44805.285  0.058811  0.193672 -19.6524915      0.000000     0.000000    0.002000  0.002000   0.0001000  0.001000   0.001000          0.     0.000     0.000     0.000     0.000         0      0      0      0.000000  0.000000   0.001236      0          0        0.000000  0.000000   0.000150      0           0
   44823.547  0.033324  0.185347 -19.6799987      0.000000     0.000000    0.002000  0.002000   0.0001000  0.001000   0.001000          0.     0.000     0.000     0.000     0.000         0      0      0      0.000000  0.000000   0.001677      0          0        0.000000  0.000000   0.000150      0           0
   44841.809  0.003392  0.185052 -19.7081464      0.000000     0.000000    0.002000  0.002000   0.0001000  0.001000   0.001000          0.     0.000     0.000     0.000     0.000         0      0      0      0.000000  0.000000   0.001373      0          0        0.000000  0.000000   0.000150      0           0
   44860.071 -0.023569  0.193912 -19.7362889      0.000000     0.000000    0.002000  0.002000   0.0001000  0.001000   0.001000          0.     0.000     0.000     0.000     0.000         0      0      0      0.000000  0.000000   0.001880      0          0        0.000000  0.000000   0.000150      0           0
   44878.334 -0.060805  0.208790 -19.7765443      0.000000     0.000000    0.002000  0.002000   0.0001000  0.001000   0.001000          0.     0.000     0.000     0.000     0.000         0      0      0      0.000000  0.000000   0.002357      0          0        0.000000  0.000000   0.000150      0           0
   44896.596 -0.086081  0.235495 -19.8190268      0.000000     0.000000    0.002000  0.002000   0.0001000  0.001000   0.001000          0.     0.000     0.000     0.000     0.000         0      0      0      0.000000  0.000000   0.002342      0          0        0.000000  0.000000   0.000150      0           0
   44914.858 -0.104869  0.264795 -19.8622107      0.000000     0.000000    0.002000  0.002000   0.0001000  0.001000   0.001000          0.     0.000     0.000     0.000     0.000         0      0      0      0.000000  0.000000   0.002354      0          0        0.000000  0.000000   0.000150      0           0
   44933.120 -0.110885  0.297877 -19.9029524      0.000000     0.000000    0.002000  0.002000   0.0001000  0.001000   0.001000          0.     0.000     0.000     0.000     0.000         0      0      0      0.000000  0.000000   0.002099      0          0        0.000000  0.000000   0.000150      0           0
   44951.382 -0.113167  0.337779 -19.9428743      0.000000     0.000000    0.002000  0.002000   0.0001000  0.001000   0.001000          0.     0.000     0.000     0.000     0.000         0      0      0      0.000000  0.000000   0.002264      0          0        0.000000  0.000000   0.000150      0           0
   44969.644 -0.093709  0.376345 -19.9833452      0.000000     0.000000    0.002000  0.002000   0.0001000  0.001000   0.001000          0.     0.000     0.000     0.000     0.000         0      0      0      0.000000  0.000000   0.002181      0          0        0.000000  0.000000   0.000150      0           0
   44987.906 -0.058704  0.405686 -20.0220555      0.000000     0.000000    0.002000  0.002000   0.0001000  0.001000   0.001000          0.     0.000     0.000     0.000     0.000         0      0      0      0.000000  0.000000   0.002000      0          0        0.000000  0.000000   0.000150      0           0
   45006.168 -0.028695  0.428543 -20.0578009      0.000000     0.000000    0.002000  0.002000   0.0001000  0.001000   0.001000          0.     0.000     0.000     0.000     0.000         0      0      0      0.000000  0.000000   0.002012      0          0        0.000000  0.000000   0.000150      0           0
   45024.430  0.016174  0.440298 -20.0985536      0.000000     0.000000    0.002000  0.002000   0.0001000  0.001000   0.001000          0.     0.000     0.000     0.000     0.000         0      0      0      0.000000  0.000000   0.002480      0          0        0.000000  0.000000   0.000150      0           0
   45042.692  0.063680  0.439277 -20.1418918      0.000000     0.000000    0.002000  0.002000   0.0001000  0.001000   0.001000          0.     0.000     0.000     0.000     0.000         0      0      0      0.000000  0.000000   0.002222      0          0        0.000000  0.000000   0.000150      0           0
   45060.954  0.108766  0.429044 -20.1860774      0.000000     0.000000    0.002000  0.002000   0.0001000  0.001000   0.001000          0.     0.000     0.000     0.000     0.000         0      0      0      0.000000  0.000000   0.002638      0          0        0.000000  0.000000   0.000150      0           0
   45079.217  0.143519  0.410489 -20.2338035      0.000000     0.000000    0.002000  0.002000   0.0001000  0.001000   0.001000          0.     0.000     0.000     0.000     0.000         0      0      0      0.000000  0.000000   0.002593      0          0        0.000000  0.000000   0.000150      0           0
   45097.479  0.174698  0.378585 -20.2814030      0.000000     0.000000    0.002000  0.002000   0.0001000  0.001000   0.001000          0.     0.000     0.000     0.000     0.000         0      0      0      0.000000  0.000000   0.002399      0          0        0.000000  0.000000   0.000150      0           0
   45115.741  0.202484  0.335195 -20.3218091      0.000000     0.000000    0.002000  0.002000   0.0001000  0.001000   0.001000          0.     0.000     0.000     0.000     0.000         0      0      0      0.000000  0.000000   0.002210      0          0        0.000000  0.000000   0.000150      0           0
   45134.003  0.225723  0.284775 -20.3601866      0.000000     0.000000    0.002000  0.002000   0.0001000  0.001000   0.001000          0.     0.000     0.000     0.000     0.000         0      0      0      0.000000  0.000000   0.001922      0          0        0.000000  0.000000   0.000150      0           0
   45152.265  0.225642  0.234872 -20.3911852      0.000000     0.000000    0.002000  0.002000   0.0001000  0.001000   0.001000          0.     0.000     0.000     0.000     0.000         0      0      0      0.000000  0.000000   0.001513      0          0        0.000000  0.000000   0.000150      0           0
   45170.527  0.210470  0.184019 -20.4181694      0.000000     0.000000    0.002000  0.002000   0.0001000  0.001000   0.001000          0.     0.000     0.000     0.000     0.000         0      0      0      0.000000  0.000000   0.001392      0          0        0.000000  0.000000   0.000150      0           0
   45188.789  0.186295  0.139256 -20.4421145      0.000000     0.000000    0.002000  0.002000   0.0001000  0.001000   0.001000          0.     0.000     0.000     0.000     0.000         0      0      0      0.000000  0.000000   0.001358      0          0        0.000000  0.000000   0.000150      0           0
   45207.051  0.146908  0.101439 -20.4717488      0.000000     0.000000    0.002000  0.002000   0.0001000  0.001000   0.001000          0.     0.000     0.000     0.000     0.000         0      0      0      0.000000  0.000000   0.001951      0          0        0.000000  0.000000   0.000150      0           0
   45225.313  0.090850  0.077163 -20.5117031      0.000000     0.000000    0.002000  0.002000   0.0001000  0.001000   0.001000          0.     0.000     0.000     0.000     0.000         0      0      0      0.000000  0.000000   0.002229      0          0        0.000000  0.000000   0.000150      0           0
   45243.575  0.026978  0.068736 -20.5525147      0.000000     0.000000    0.002000  0.002000   0.0001000  0.001000   0.001000          0.     0.000     0.000     0.000     0.000         0      0      0      0.000000  0.000000   0.002325      0          0        0.000000  0.000000   0.000150      0           0
   45261.838 -0.036217  0.078927 -20.5941374      0.000000     0.000000    0.002000  0.002000   0.0001000  0.001000   0.001000          0.     0.000     0.000     0.000     0.000         0      0      0      0.000000  0.000000   0.002207      0          0        0.000000  0.000000   0.000150      0           0
   45280.100 -0.092202  0.099455 -20.6357904      0.000000     0.000000    0.002000  0.002000   0.0001000  0.001000   0.001000          0.     0.000     0.000     0.000     0.000         0      0      0      0.000000  0.000000   0.002392      0          0        0.000000  0.000000   0.000150      0           0
   45298.362 -0.143735  0.138780 -20.6808171      0.000000     0.000000    0.002000  0.002000   0.0001000  0.001000   0.001000          0.     0.000     0.000     0.000     0.000         0      0      0      0.000000  0.000000   0.002487      0          0        0.000000  0.000000   0.000150      0           0
   45316.624 -0.185557  0.194396 -20.7262817      0.000000     0.000000    0.002000  0.002000   0.0001000  0.001000   0.001000          0.     0.000     0.000     0.000     0.000         0      0      0      0.000000  0.000000   0.002520      0          0        0.000000  0.000000   0.000150      0           0
   45334.886 -0.203581  0.258823 -20.7724630      0.000000     0.000000    0.002000  0.002000   0.0001000  0.001000   0.001000          0.     0.000     0.000     0.000     0.000         0      0      0      0.000000  0.000000   0.002501      0          0        0.000000  0.000000   0.000150      0           0
   45353.148 -0.209369  0.319899 -20.8207710      0.000000     0.000000    0.002000  0.002000   0.0001000  0.001000   0.001000          0.     0.000     0.000     0.000     0.000         0      0      0      0.000000  0.000000   0.002948      0          0        0.000000  0.000000   0.000150      0           0
   45371.410 -0.189149  0.386547 -20.8766664      0.000000     0.000000    0.002000  0.002000   0.0001000  0.001000   0.001000          0.     0.000     0.000     0.000     0.000         0      0      0      0.000000  0.000000   0.002969      0          0        0.000000  0.000000   0.000150      0           0
   45389.672 -0.165772  0.446079 -20.9293750      0.000000     0.000000    0.002000  0.002000   0.0001000  0.001000   0.001000          0.     0.000     0.000     0.000     0.000         0      0      0      0.000000  0.000000   0.002958      0          0        0.000000  0.000000   0.000150      0           0
   45407.934 -0.128774  0.499176 -20.9835174      0.000000     0.000000    0.002000  0.002000   0.0001000  0.001000   0.001000          0.     0.000     0.000     0.000     0.000         0      0      0      0.000000  0.000000   0.002930      0          0        0.000000  0.000000   0.000150      0           0
   45426.196 -0.060386  0.541817 -21.0377089      0.000000     0.000000    0.002000  0.002000   0.0001000  0.001000   0.001000          0.     0.000     0.000     0.000     0.000         0      0      0      0.000000  0.000000   0.002986      0          0        0.000000  0.000000   0.000150      0           0
   45444.459  0.018434  0.560547 -21.0901064      0.000000     0.000000    0.002000  0.002000   0.0001000  0.001000   0.001000          0.     0.000     0.000     0.000     0.000         0      0      0      0.000000  0.000000   0.002711      0          0        0.000000  0.000000   0.000150      0           0
   45462.721  0.088431  0.553916 -21.1362913      0.000000     0.000000    0.002000  0.002000   0.0001000  0.001000   0.001000          0.     0.000     0.000     0.000     0.000         0      0      0      0.000000  0.000000   0.002439      0          0        0.000000  0.000000   0.000150      0           0
   45480.983  0.164990  0.530413 -21.1801749      0.000000     0.000000    0.002000  0.002000   0.0001000  0.001000   0.001000          0.     0.000     0.000     0.000     0.000         0      0      0      0.000000  0.000000   0.002278      0          0        0.000000  0.000000   0.000150      0           0
   45499.245  0.221849  0.479897 -21.2199023      0.000000     0.000000    0.002000  0.002000   0.0001000  0.001000   0.001000          0.     0.000     0.000     0.000     0.000         0      0      0      0.000000  0.000000   0.002088      0          0        0.000000  0.000000   0.000150      0           0
   45517.507  0.270306  0.420280 -21.2531238      0.000000     0.000000    0.002000  0.002000   0.0001000  0.001000   0.001000          0.     0.000     0.000     0.000     0.000         0      0      0      0.000000  0.000000   0.001478      0          0        0.000000  0.000000   0.000150      0           0
   45535.769  0.307037  0.348698 -21.2774580      0.000000     0.000000    0.002000  0.002000   0.0001000  0.001000   0.001000          0.     0.000     0.000     0.000     0.000         0      0      0      0.000000  0.000000   0.001388      0          0        0.000000  0.000000   0.000150      0           0
   45554.031  0.324413  0.274550 -21.3053883      0.000000     0.000000    0.002000  0.002000   0.0001000  0.001000   0.001000          0.     0.000     0.000     0.000     0.000         0      0      0      0.000000  0.000000   0.001621      0          0        0.000000  0.000000   0.000150      0           0
   45572.293  0.312180  0.195039 -21.3362181      0.000000     0.000000    0.002000  0.002000   0.0001000  0.001000   0.001000          0.     0.000     0.000     0.000     0.000         0      0      0      0.000000  0.000000   0.001747      0          0        0.000000  0.000000   0.000150      0           0
   45590.555  0.271745  0.122782 -21.3683665      0.000000     0.000000    0.002000  0.002000   0.0001000  0.001000   0.001000          0.     0.000     0.000     0.000     0.000         0      0      0      0.000000  0.000000   0.001791      0          0        0.000000  0.000000   0.000150      0           0
   45608.817  0.213539  0.064572 -21.4032347      0.000000     0.000000    0.002000  0.002000   0.0001000  0.001000   0.001000          0.     0.000     0.000     0.000     0.000         0      0      0      0.000000  0.000000   0.002086      0          0        0.000000  0.000000   0.000150      0           0
   45627.080  0.144636  0.027326 -21.4419238      0.000000     0.000000    0.002000  0.002000   0.0001000  0.001000   0.001000          0.     0.000     0.000     0.000     0.000         0      0      0      0.000000  0.000000   0.002110      0          0        0.000000  0.000000   0.000150      0           0
   45645.342  0.062170  0.015164 -21.4850344      0.000000     0.000000    0.002000  0.002000   0.0001000  0.001000   0.001000          0.     0.000     0.000     0.000     0.000         0      0      0      0.000000  0.000000   0.002554      0          0        0.000000  0.000000   0.000150      0           0
   45663.604 -0.016548  0.025766 -21.5289859      0.000000     0.000000    0.001998  0.001996   0.0001000  0.001000   0.001000          0.     0.000     0.000     0.000     0.000         0      0      0      0.000000  0.000000   0.002212      0          0        0.000000  0.000000   0.000150      0           0
   45681.866 -0.084971  0.050917 -21.5668350      0.000000     0.000000    0.002032  0.002039   0.0001000  0.001000   0.001000          0.     0.000     0.000     0.000     0.000         0      0      0      0.000000  0.000000   0.001989      0          0        0.000000  0.000000   0.000153      0           0
   45700.128 -0.134869  0.091947 -21.6016883      0.000036    -0.000053    0.001544  0.001433   0.0001088  0.000962   0.000962          0.     0.000     0.000     0.000     0.000         0      0      0      0.000000  0.000000   0.001899      0          0        0.000000  0.000000   0.000108      0           0
   45718.390 -0.182008  0.144974 -21.6338706     -0.000110    -0.000451    0.001044  0.000878   0.0002383  0.000648   0.000503          0.     0.000     0.000     0.000     0.000         0      0      0      0.000000  0.000000   0.001638      0          0        0.000000  0.000000   0.000086      0           0
   45736.652 -0.218272  0.202675 -21.6613416      0.000184    -0.000045    0.001153  0.001126   0.0005234  0.001242   0.000908          0.     0.000     0.000     0.000     0.000         0      0      0      0.000000  0.000000   0.001524      0          0        0.000000  0.000000   0.000249      0           0
   45754.914 -0.241826  0.265919 -21.6908735      0.000007    -0.000409    0.001326  0.001103   0.0004798  0.000854   0.000462          0.     0.000     0.000     0.000     0.000         0      0      0      0.000000  0.000000   0.001683      0          0        0.000000  0.000000   0.000219      0           0
   45773.176 -0.241922  0.342477 -21.7244666      0.000264     0.000018    0.001155  0.001098   0.0001024  0.000463   0.000351          0.     0.000     0.000     0.000     0.000         0      0      0      0.000000  0.000000   0.002006      0          0        0.000000  0.000000   0.000224      0           0
   45791.438 -0.214142  0.414473 -21.7614784     -0.000308    -0.000630    0.001194  0.000904   0.0001127  0.000474   0.000368          0.     0.000     0.000     0.000     0.000         0      0      0      0.000000  0.000000   0.001949      0          0        0.000000  0.000000   0.000089      0           0
   45809.701 -0.170943  0.480010 -21.7973419     -0.000059    -0.000277    0.002581  0.002578   0.0001240  0.000498   0.000399          0.     0.000     0.000     0.000     0.000         0      0      0      0.000000  0.000000   0.002036      0          0        0.000000  0.000000   0.000115      0           0
   45827.963 -0.106305  0.527660 -21.8328157      0.000530    -0.000082    0.002754  0.001918   0.0002502  0.000534   0.000437          0.     0.000     0.000     0.000     0.000         0      0      0      0.000000  0.000000   0.001780      0          0        0.000000  0.000000   0.000287      0           0
   45846.225 -0.036662  0.557517 -21.8620134     -0.000031    -0.000176    0.000856  0.000690   0.0000777  0.000375   0.000298          0.     0.000     0.000     0.000     0.000         0      0      0      0.000000  0.000000   0.001415      0          0        0.000000  0.000000   0.000067      0           0
   45864.487  0.042863  0.559343 -21.8845872     -0.000198    -0.000693    0.000999  0.000767   0.0001374  0.000538   0.000448          0.     0.000     0.000     0.000     0.000         0      0      0      0.000000  0.000000   0.001102      0          0        0.000000  0.000000   0.000097      0           0
   45882.749  0.118219  0.543920 -21.9030494      0.000320    -0.000733    0.000970  0.000757   0.0001533  0.000651   0.000485          0.     0.000     0.000     0.000     0.000         0      0      0      0.000000  0.000000   0.000781      0          0        0.000000  0.000000   0.000068      0           0
   45901.011  0.192220  0.505161 -21.9146327     -0.000114    -0.000485    0.001108  0.000858   0.0000910  0.001031   0.000519          0.     0.000     0.000     0.000     0.000         0      0      0      0.000000  0.000000   0.000703      0          0        0.000000  0.000000   0.000251      0           0
   45919.273  0.256067  0.451368 -21.9302828      0.000428    -0.000042    0.000842  0.000704   0.0001212  0.000476   0.000385          0.     0.000     0.000     0.000     0.000         0      0      0      0.000000  0.000000   0.000987      0          0        0.000000  0.000000   0.000192      0           0
   45937.535  0.294552  0.387457 -21.9518342     -0.000517    -0.000654    0.000826  0.000684   0.0001491  0.000509   0.000382          0.     0.000     0.000     0.000     0.000         0      0      0      0.000000  0.000000   0.001329      0          0        0.000000  0.000000   0.000113      0           0
   45955.797  0.307231  0.316821 -21.9772649     -0.000187    -0.000367    0.000967  0.000749   0.0001300  0.000500   0.000403          0.     0.000     0.000     0.000     0.000         0      0      0      0.000000  0.000000   0.001430      0          0        0.000000  0.000000   0.000104      0           0
   45974.060  0.310997  0.246494 -22.0061288     -0.000787    -0.000558    0.000984  0.000748   0.0001282  0.000480   0.000391          0.     0.000     0.000     0.000     0.000         0      0      0      0.000000  0.000000   0.001744      0          0        0.000000  0.000000   0.000110      0           0
   45992.322  0.284485  0.180982 -22.0383050     -0.000248    -0.000295    0.000986  0.000739   0.0001405  0.000547   0.000475          0.     0.000     0.000     0.000     0.000         0      0      0      0.000000  0.000000   0.001775      0          0        0.000000  0.000000   0.000089      0           0
   46010.584  0.247493  0.123068 -22.0710726     -0.000332    -0.000539    0.001269  0.000839   0.0000890  0.000355   0.000293          0.     0.000     0.000     0.000     0.000         0      0      0      0.000000  0.000000   0.001716      0          0        0.000000  0.000000   0.000092      0           0
   46028.846  0.197454  0.080555 -22.1015493      0.000073     0.000030    0.001137  0.000830   0.0001360  0.000479   0.000468          0.     0.000     0.000     0.000     0.000         0      0      0      0.000000  0.000000   0.001706      0          0        0.000000  0.000000   0.000067      0           0
   46047.108  0.126039  0.041108 -22.1313110     -0.000334    -0.000637    0.000954  0.000766   0.0001682  0.000565   0.000542          0.     0.000     0.000     0.000     0.000         0      0      0      0.000000  0.000000   0.001466      0          0        0.000000  0.000000   0.000138      0           0
   46065.370  0.044160  0.022706 -22.1577912      0.000369    -0.000571    0.001496  0.001052   0.0001191  0.000365   0.000274          0.     0.000     0.000     0.000     0.000         0      0      0      0.000000  0.000000   0.001618      0          0        0.000000  0.000000   0.000093      0           0
   46083.632 -0.023508  0.036657 -22.1879606     -0.000054    -0.000501    0.001119  0.001050   0.0000847  0.000544   0.000310          0.     0.000     0.000     0.000     0.000         0      0      0      0.000000  0.000000   0.001530      0          0        0.000000  0.000000   0.000256      0           0
   46101.894 -0.077573  0.064509 -22.2130095      0.000219    -0.000349    0.001248  0.000912   0.0001656  0.000676   0.000447          0.     0.000     0.000     0.000     0.000         0      0      0      0.000000  0.000000   0.001278      0          0        0.000000  0.000000   0.000151      0           0
   46120.156 -0.133106  0.102932 -22.2400067      0.000167    -0.000194    0.000970  0.000789   0.0001017  0.000706   0.000755          0.     0.000     0.000     0.000     0.000         0      0      0      0.000000  0.000000   0.001656      0          0        0.000000  0.000000   0.000076      0           0
   46138.418 -0.184224  0.157562 -22.2723020      0.000335    -0.000671    0.001036  0.000719   0.0000710  0.000837   0.000547          0.     0.000     0.000     0.000     0.000         0      0      0      0.000000  0.000000   0.001994      0          0        0.000000  0.000000   0.000077      0           0
   46156.681 -0.201443  0.230484 -22.3086874      0.000615    -0.000365    0.000923  0.000714   0.0000766  0.000393   0.000278          0.     0.000     0.000     0.000     0.000         0      0      0      0.000000  0.000000   0.001829      0          0        0.000000  0.000000   0.000075      0           0
   46174.943 -0.197576  0.298368 -22.3421816      0.000516    -0.000238    0.000882  0.000670   0.0001040  0.000488   0.000410          0.     0.000     0.000     0.000     0.000         0      0      0      0.000000  0.000000   0.001926      0          0        0.000000  0.000000   0.000117      0           0
   46193.205 -0.184011  0.364287 -22.3760702      0.000501    -0.000707    0.001063  0.001113   0.0000986  0.000664   0.000393          0.     0.000     0.000     0.000     0.000         0      0      0      0.000000  0.000000   0.001724      0          0        0.000000  0.000000   0.000082      0           0
   46211.467 -0.140385  0.418578 -22.4046681      0.000128    -0.000404    0.001122  0.000969   0.0000870  0.000539   0.000349          0.     0.000     0.000     0.000     0.000         0      0      0      0.000000  0.000000   0.001486      0          0        0.000000  0.000000   0.000083      0           0
   46229.729 -0.095335  0.458915 -22.4306918      0.000614    -0.000553    0.000911  0.000711   0.0000927  0.000472   0.000374          0.     0.000     0.000     0.000     0.000         0      0      0      0.000000  0.000000   0.001289      0          0        0.000000  0.000000   0.000066      0           0
   46247.991 -0.044953  0.482374 -22.4509535      0.000678    -0.000397    0.000875  0.000698   0.0000920  0.000453   0.000360          0.     0.000     0.000     0.000     0.000         0      0      0      0.000000  0.000000   0.000822      0          0        0.000000  0.000000   0.000091      0           0
   46266.253  0.016831  0.494157 -22.4620872      0.000296    -0.000688    0.000842  0.000682   0.0001025  0.000557   0.000401          0.     0.000     0.000     0.000     0.000         0      0      0      0.000000  0.000000   0.000603      0          0        0.000000  0.000000   0.000090      0           0
   46284.515  0.076334  0.493469 -22.4738699      0.000205    -0.000368    0.000808  0.000650   0.0000951  0.000526   0.000570          0.     0.000     0.000     0.000     0.000         0      0      0      0.000000  0.000000   0.000656      0          0        0.000000  0.000000   0.000091      0           0
   46302.777  0.135467  0.476387 -22.4876304      0.000184    -0.000524    0.000901  0.000748   0.0001325  0.000600   0.000622          0.     0.000     0.000     0.000     0.000         0      0      0      0.000000  0.000000   0.000907      0          0        0.000000  0.000000   0.000241      0           0
   46321.039  0.181796  0.444992 -22.5069996      0.000081    -0.000505    0.000942  0.000757   0.0001017  0.000533   0.000444          0.     0.000     0.000     0.000     0.000         0      0      0      0.000000  0.000000   0.001208      0          0        0.000000  0.000000   0.000150      0           0
   46339.302  0.211252  0.401706 -22.5329559     -0.000213    -0.000454    0.000937  0.000710   0.0001047  0.000503   0.000515          0.     0.000     0.000     0.000     0.000         0      0      0      0.000000  0.000000   0.001629      0          0        0.000000  0.000000   0.000083      0           0
   46357.564  0.227623  0.347551 -22.5655834      0.000032    -0.000580    0.001075  0.000900   0.0000853  0.000799   0.000586          0.     0.000     0.000     0.000     0.000         0      0      0      0.000000  0.000000   0.001926      0          0        0.000000  0.000000   0.000084      0           0
   46375.826  0.228772  0.298901 -22.5994684     -0.000088    -0.000644    0.000842  0.000695   0.0000857  0.000465   0.000676          0.     0.000     0.000     0.000     0.000         0      0      0      0.000000  0.000000   0.001744      0          0        0.000000  0.000000   0.000077      0           0
   46394.088  0.226648  0.252127 -22.6319256     -0.000141    -0.000128    0.000828  0.000695   0.0000871  0.000375   0.000297          0.     0.000     0.000     0.000     0.000         0      0      0      0.000000  0.000000   0.001786      0          0        0.000000  0.000000   0.000116      0           0
   46412.350  0.209601  0.209979 -22.6631221     -0.000142    -0.000555    0.001066  0.000828   0.0000969  0.001159   0.000497          0.     0.000     0.000     0.000     0.000         0      0      0      0.000000  0.000000   0.001595      0          0        0.000000  0.000000   0.000109      0           0
   46430.612  0.187276  0.169806 -22.6877592     -0.000157    -0.000279    0.001091  0.000766   0.0003091  0.000547   0.000835          0.     0.000     0.000     0.000     0.000         0      0      0      0.000000  0.000000   0.001163      0          0        0.000000  0.000000   0.000112      0           0
   46448.874  0.147204  0.137722 -22.7116751     -0.000111    -0.000130    0.000895  0.000641   0.0000860  0.000517   0.000519          0.     0.000     0.000     0.000     0.000         0      0      0      0.000000  0.000000   0.001459      0          0        0.000000  0.000000   0.000087      0           0
   46467.136  0.098549  0.120267 -22.7401935     -0.000322     0.000127    0.000623  0.000372   0.0000602  0.000414   0.000378          0.     0.000     0.000     0.000     0.000         0      0      0      0.000000  0.000000   0.001618      0          0        0.000000  0.000000   0.000108      0           0
   46485.398  0.049223  0.116831 -22.7673126     -0.000282     0.000215    0.003506  0.003269   0.0000586  0.000434   0.000371          0.     0.000     0.000     0.000     0.000         0      0      0      0.000000  0.000000   0.001358      0          0        0.000000  0.000000   0.000087      0           0
   46503.660 -0.004616  0.120705 -22.7914393     -0.000133     0.000206    0.000525  0.000369   0.0000517  0.000380   0.000329          0.     0.000     0.000     0.000     0.000         0      0      0      0.000000  0.000000   0.001222      0          0        0.000000  0.000000   0.000112      0           0
   46521.923 -0.045160  0.137820 -22.8162273     -0.000214     0.000126    0.000967  0.000923   0.0000541  0.000667   0.000485          0.     0.000     0.000     0.000     0.000         0      0      0      0.000000  0.000000   0.001597      0          0        0.000000  0.000000   0.000071      0           0
   46540.185 -0.075569  0.173518 -22.8463089      0.000589     0.000417    0.000893  0.000626   0.0000553  0.000530   0.000465          0.     0.000     0.000     0.000     0.000         0      0      0      0.000000  0.000000   0.001614      0          0        0.000000  0.000000   0.000091      0           0
   46558.447 -0.091708  0.210906 -22.8764658     -0.000137     0.000115    0.000949  0.000861   0.0001252  0.000645   0.000766          0.     0.000     0.000     0.000     0.000         0      0      0      0.000000  0.000000   0.001668      0          0        0.000000  0.000000   0.000177      0           0
   46576.709 -0.103701  0.247833 -22.9014110      0.000353    -0.000115    0.000937  0.000683   0.0000506  0.000476   0.000427          0.     0.000     0.000     0.000     0.000         0      0      0      0.000000  0.000000   0.001049      0          0        0.000000  0.000000   0.000065      0           0
   46594.971 -0.098237  0.286310 -22.9155927      0.000399     0.000039    0.000952  0.000631   0.0000410  0.000311   0.000503          0.     0.000     0.000     0.000     0.000         0      0      0      0.000000  0.000000   0.000624      0          0        0.000000  0.000000   0.000086      0           0
   46613.233 -0.072182  0.326173 -22.9286920      0.000193    -0.000126    0.000976  0.000613   0.0000658  0.000434   0.000407          0.     0.000     0.000     0.000     0.000         0      0      0      0.000000  0.000000   0.000759      0          0        0.000000  0.000000   0.000085      0           0
   46631.495 -0.044370  0.358554 -22.9411683      0.000514    -0.000043    0.000417  0.000616   0.0000541  0.000384   0.000372          0.     0.000     0.000     0.000     0.000         0      0      0      0.000000  0.000000   0.000601      0          0        0.000000  0.000000   0.000115      0           0
   46649.757 -0.016347  0.376683 -22.9520840      0.000523     0.000025    0.005260  0.001439   0.0000490  0.000320   0.000292          0.     0.000     0.000     0.000     0.000         0      0      0      0.000000  0.000000   0.000661      0          0        0.000000  0.000000   0.000078      0           0
   46668.019  0.011518  0.391761 -22.9655600      0.000131    -0.000121    0.001783  0.000805   0.0000480  0.000380   0.000330          0.     0.000     0.000     0.000     0.000         0      0      0      0.000000  0.000000   0.000775      0          0        0.000000  0.000000   0.000058      0           0
   46686.281  0.039501  0.398004 -22.9821099      0.000246    -0.000003    0.000910  0.000668   0.0000547  0.000336   0.000312          0.     0.000     0.000     0.000     0.000         0      0      0      0.000000  0.000000   0.001159      0          0        0.000000  0.000000   0.000083      0           0
   46704.543  0.061441  0.394351 -23.0082741      0.000322     0.000105    0.000949  0.000674   0.0000596  0.000430   0.000412          0.     0.000     0.000     0.000     0.000         0      0      0      0.000000  0.000000   0.001607      0          0        0.000000  0.000000   0.000083      0           0
   46722.806  0.084591  0.390212 -23.0377935      0.000011    -0.000446    0.000839  0.000605   0.0000560  0.000597   0.001049          0.     0.000     0.000     0.000     0.000         0      0      0      0.000000  0.000000   0.001639      0          0        0.000000  0.000000   0.000064      0           0
   46741.068  0.108728  0.380108 -23.0659653     -0.000122    -0.000419    0.000901  0.000701   0.0000480  0.000439   0.000597          0.     0.000     0.000     0.000     0.000         0      0      0      0.000000  0.000000   0.001396      0          0        0.000000  0.000000   0.000091      0           0
   46759.330  0.123276  0.358620 -23.0914346     -0.000209    -0.000569    0.000903  0.000611   0.0000487  0.000304   0.000361          0.     0.000     0.000     0.000     0.000         0      0      0      0.000000  0.000000   0.001374      0          0        0.000000  0.000000   0.000075      0           0
   46777.592  0.139067  0.334079 -23.1146768     -0.000468    -0.000605    0.000883  0.000650   0.0000511  0.000385   0.000629          0.     0.000     0.000     0.000     0.000         0      0      0      0.000000  0.000000   0.001212      0          0        0.000000  0.000000   0.000080      0           0
   46795.854  0.145870  0.312543 -23.1384999     -0.000184    -0.000660    0.000997  0.000709   0.0000560  0.000349   0.000346          0.     0.000     0.000     0.000     0.000         0      0      0      0.000000  0.000000   0.001360      0          0        0.000000  0.000000   0.000071      0           0
   46814.116  0.139788  0.287833 -23.1614680     -0.000421    -0.000219    0.000751  0.000579   0.0000721  0.000340   0.000313          0.     0.000     0.000     0.000     0.000         0      0      0      0.000000  0.000000   0.001196      0          0        0.000000  0.000000   0.000149      0           0
   46832.378  0.129758  0.265645 -23.1847589     -0.000384     0.000004    0.000870  0.000673   0.0000630  0.000516   0.000590          0.     0.000     0.000     0.000     0.000         0      0      0      0.000000  0.000000   0.001418      0          0        0.000000  0.000000   0.000088      0           0
   46850.640  0.121599  0.248152 -23.2140418     -0.000136    -0.000076    0.000913  0.000658   0.0000651  0.000417   0.000385          0.     0.000     0.000     0.000     0.000         0      0      0      0.000000  0.000000   0.001825      0          0        0.000000  0.000000   0.000105      0           0
   46868.902  0.109902  0.224480 -23.2476088     -0.000406     0.000070    0.000848  0.000660   0.0000590  0.000684   0.000481          0.     0.000     0.000     0.000     0.000         0      0      0      0.000000  0.000000   0.001746      0          0        0.000000  0.000000   0.000094      0           0
   46887.164  0.094179  0.213425 -23.2792449     -0.000575    -0.000007    0.000858  0.000662   0.0000530  0.000486   0.000395          0.     0.000     0.000     0.000     0.000         0      0      0      0.000000  0.000000   0.001703      0          0        0.000000  0.000000   0.000097      0           0
   46905.427  0.072648  0.205155 -23.3092857     -0.000393     0.000166    0.000736  0.000597   0.0000539  0.000311   0.000347          0.     0.000     0.000     0.000     0.000         0      0      0      0.000000  0.000000   0.001596      0          0        0.000000  0.000000   0.000107      0           0
   46923.689  0.052296  0.200620 -23.3373112     -0.000218    -0.000097    0.000814  0.000697   0.0000653  0.000552   0.000543          0.     0.000     0.000     0.000     0.000         0      0      0      0.000000  0.000000   0.001413      0          0        0.000000  0.000000   0.000089      0           0
   46941.951  0.030412  0.197987 -23.3623534     -0.000023     0.000052    0.000785  0.000626   0.0000541  0.000629   0.000985          0.     0.000     0.000     0.000     0.000         0      0      0      0.000000  0.000000   0.001352      0          0        0.000000  0.000000   0.000087      0           0
   46960.213  0.014728  0.199023 -23.3839012     -0.000166     0.000137    0.000850  0.000638   0.0000542  0.000337   0.000325          0.     0.000     0.000     0.000     0.000         0      0      0      0.000000  0.000000   0.001023      0          0        0.000000  0.000000   0.000093      0           0
   46978.475 -0.007427  0.207018 -23.3996576      0.000292    -0.000128    0.000841  0.000722   0.0000560  0.000349   0.000368          0.     0.000     0.000     0.000     0.000         0      0      0      0.000000  0.000000   0.000696      0          0        0.000000  0.000000   0.000121      0           0
   46996.737 -0.025231  0.217964 -23.4107218     -0.000059     0.000208    0.000805  0.000581   0.0000535  0.000365   0.000326          0.     0.000     0.000     0.000     0.000         0      0      0      0.000000  0.000000   0.000538      0          0        0.000000  0.000000   0.000129      0           0
   47014.999 -0.031034  0.235685 -23.4202536     -0.000103    -0.000210    0.002857  0.001970   0.0000810  0.000614   0.000805          0.     0.000     0.000     0.000     0.000         0      0      0      0.000000  0.000000   0.000580      0          0        0.000000  0.000000   0.000240      0           0
   47033.261 -0.039019  0.255028 -23.4353867      0.000304     0.000073    0.001550  0.001538   0.0000652  0.000440   0.000478          0.     0.000     0.000     0.000     0.000         0      0      0      0.000000  0.000000   0.001089      0          0        0.000000  0.000000   0.000111      0           0
   47051.523 -0.043393  0.272769 -23.4566852      0.000525     0.000333    0.000725  0.000518   0.0000675  0.000501   0.000491          0.     0.000     0.000     0.000     0.000         0      0      0      0.000000  0.000000   0.001280      0          0        0.000000  0.000000   0.000077      0           0
   47069.785 -0.055673  0.296371 -23.4836623     -0.000168    -0.000642    0.000860  0.000672   0.0000680  0.000453   0.000492          0.     0.000     0.000     0.000     0.000         0      0      0      0.000000  0.000000   0.001607      0          0        0.000000  0.000000   0.000152      0           0
   47088.048 -0.062545  0.318594 -23.5136313      0.000077    -0.000360    0.000835  0.000701   0.0000610  0.000487   0.000578          0.     0.000     0.000     0.000     0.000         0      0      0      0.000000  0.000000   0.001650      0          0        0.000000  0.000000   0.000069      0           0
   47106.310 -0.059855  0.342284 -23.5441559      0.000193    -0.000513    0.000786  0.000609   0.0000510  0.000485   0.000847          0.     0.000     0.000     0.000     0.000         0      0      0      0.000000  0.000000   0.001728      0          0        0.000000  0.000000   0.000069      0           0
   47124.572 -0.057306  0.371488 -23.5758029     -0.000064    -0.000350    0.001016  0.000760   0.0000556  0.000328   0.000363          0.     0.000     0.000     0.000     0.000         0      0      0      0.000000  0.000000   0.001686      0          0        0.000000  0.000000   0.000108      0           0
   47142.834 -0.051127  0.395400 -23.6050581      0.000350    -0.000516    0.000822  0.000614   0.0000620  0.000356   0.000661          0.     0.000     0.000     0.000     0.000         0      0      0      0.000000  0.000000   0.001534      0          0        0.000000  0.000000   0.000099      0           0
   47161.096 -0.024937  0.412352 -23.6343089     -0.000547    -0.000333    0.000796  0.000697   0.0000551  0.000394   0.000387          0.     0.000     0.000     0.000     0.000         0      0      0      0.000000  0.000000   0.001654      0          0        0.000000  0.000000   0.000102      0           0
   47179.358  0.003929  0.425164 -23.6623636     -0.000503    -0.000028    0.000629  0.000504   0.0000584  0.000360   0.000394          0.     0.000     0.000     0.000     0.000         0      0      0      0.000000  0.000000   0.001311      0          0        0.000000  0.000000   0.000127      0           0
   47197.620  0.044264  0.433003 -23.6862150     -0.000047     0.000040    0.000757  0.000567   0.0000584  0.000331   0.000380          0.     0.000     0.000     0.000     0.000         0      0      0      0.000000  0.000000   0.001561      0          0        0.000000  0.000000   0.000108      0           0
   47215.882  0.066543  0.430174 -23.7197832     -0.000132    -0.000042    0.001768  0.001320   0.0000761  0.001618   0.001140          0.     0.000     0.000     0.000     0.000         0      0      0      0.000000  0.000000   0.002013      0          0        0.000000  0.000000   0.000326      0           0
   47234.144  0.104793  0.428160 -23.7540423     -0.000041     0.000000    0.000753  0.000651   0.0000533  0.000656   0.000831          0.     0.000     0.000     0.000     0.000         0      0      0      0.000000  0.000000   0.001559      0          0        0.000000  0.000000   0.000130      0           0
   47252.406  0.131977  0.404964 -23.7835048      0.000032    -0.000003    0.001062  0.000937   0.0000646  0.001128   0.001428          0.     0.000     0.000     0.000     0.000         0      0      0      0.000000  0.000000   0.001903      0          0        0.000000  0.000000   0.000218      0           0
   47270.669  0.148937  0.377740 -23.8189657     -0.000219    -0.000267    0.000833  0.000824   0.0000416  0.000391   0.000293          0.     0.000     0.000     0.000     0.000         0      0      0      0.000000  0.000000   0.001756      0          0        0.000000  0.000000   0.000104      0           0
   47288.931  0.170743  0.354319 -23.8489612     -0.000236     0.000212    0.000893  0.000752   0.0000491  0.000636   0.000433          0.     0.000     0.000     0.000     0.000         0      0      0      0.000000  0.000000   0.001655      0          0        0.000000  0.000000   0.000097      0           0
   47307.193  0.174334  0.321997 -23.8779261     -0.000106    -0.000040    0.000961  0.000852   0.0000530  0.000333   0.000391          0.     0.000     0.000     0.000     0.000         0      0      0      0.000000  0.000000   0.001450      0          0        0.000000  0.000000   0.000221      0           0
   47325.455  0.165468  0.288780 -23.9001174      0.000078    -0.000144    0.000775  0.000675   0.0000389  0.000283   0.000309          0.     0.000     0.000     0.000     0.000         0      0      0      0.000000  0.000000   0.000937      0          0        0.000000  0.000000   0.000107      0           0
   47343.717  0.167620  0.251594 -23.9113958      0.000084    -0.000175    0.000996  0.000747   0.0000430  0.000296   0.000304          0.     0.000     0.000     0.000     0.000         0      0      0      0.000000  0.000000   0.000362      0          0        0.000000  0.000000   0.000139      0           0
   47361.979  0.161297  0.216141 -23.9193811     -0.000252     0.000123    0.000961  0.000830   0.0000430  0.000154   0.000236          0.     0.000     0.000     0.000     0.000         0      0      0      0.000000  0.000000   0.000572      0          0        0.000000  0.000000   0.000203      0           0
   47380.241  0.140381  0.181411 -23.9298324      0.000211    -0.000131    0.001599  0.001132   0.0000793  0.002746   0.001920          0.     0.000     0.000     0.000     0.000         0      0      0      0.000000  0.000000   0.000558      0          0        0.000000  0.000000   0.000360      0           0
   47398.503  0.107541  0.154771 -23.9412631      0.000045     0.000060    0.000933  0.000757   0.0000585  0.000940   0.000779          0.     0.000     0.000     0.000     0.000         0      0      0      0.000000  0.000000   0.000654      0          0        0.000000  0.000000   0.000140      0           0
   47416.765  0.065661  0.137376 -23.9550332      0.000193    -0.000135    0.000626  0.000542   0.0000422  0.000382   0.000378          0.     0.000     0.000     0.000     0.000         0      0      0      0.000000  0.000000   0.000926      0          0        0.000000  0.000000   0.000124      0           0
   47435.027  0.010437  0.129529 -23.9756218     -0.000110    -0.000028    0.001396  0.001178   0.0001102  0.000469   0.000536          0.     0.000     0.000     0.000     0.000         0      0      0      0.000000  0.000000   0.001307      0          0        0.000000  0.000000   0.000424      0           0
   47453.290 -0.048603  0.139595 -24.0033170      0.000337    -0.000043    0.001164  0.000994   0.0000866  0.000586   0.001016          0.     0.000     0.000     0.000     0.000         0      0      0      0.000000  0.000000   0.001601      0          0        0.000000  0.000000   0.000103      0           0
   47471.552 -0.101541  0.164876 -24.0326629      0.000397     0.000149    0.000661  0.000524   0.0000390  0.000325   0.000366          0.     0.000     0.000     0.000     0.000         0      0      0      0.000000  0.000000   0.001703      0          0        0.000000  0.000000   0.000086      0           0
   47489.814 -0.138462  0.209092 -24.0642919      0.000281    -0.000220    0.000944  0.001187   0.0000390  0.000256   0.000280          0.     0.000     0.000     0.000     0.000         0      0      0      0.000000  0.000000   0.001720      0          0        0.000000  0.000000   0.000085      0           0
   47508.076 -0.165159  0.260438 -24.0931512      0.000420    -0.000318    0.000677  0.000506   0.0000431  0.000299   0.000331          0.     0.000     0.000     0.000     0.000         0      0      0      0.000000  0.000000   0.001332      0          0        0.000000  0.000000   0.000150      0           0
   47526.338 -0.161438  0.315078 -24.1148650      0.000544    -0.000410    0.000984  0.001274   0.0000677  0.001782   0.001387          0.     0.000     0.000     0.000     0.000         0      0      0      0.000000  0.000000   0.001185      0          0        0.000000  0.000000   0.000453      0           0
   47544.600 -0.142419  0.359471 -24.1367985      0.000305    -0.000375    0.001230  0.001211   0.0000531  0.000720   0.000857          0.     0.000     0.000     0.000     0.000         0      0      0      0.000000  0.000000   0.001263      0          0        0.000000  0.000000   0.000306      0           0
   47562.862 -0.118331  0.399272 -24.1628542      0.000293    -0.000258    0.001981  0.001726   0.0000924  0.000891   0.001314          0.     0.000     0.000     0.000     0.000         0      0      0      0.000000  0.000000   0.001510      0          0        0.000000  0.000000   0.000200      0           0
   47581.124 -0.075478  0.437646 -24.1883512      0.000398    -0.000119    0.000917  0.000916   0.0000461  0.000808   0.000620          0.     0.000     0.000     0.000     0.000         0      0      0      0.000000  0.000000   0.001380      0          0        0.000000  0.000000   0.000195      0           0
   47599.386 -0.027619  0.466759 -24.2168885      0.000247    -0.000223    0.000605  0.000586   0.0000446  0.000330   0.000231          0.     0.000     0.000     0.000     0.000         0      0      0      0.000000  0.000000   0.001712      0          0        0.000000  0.000000   0.000101      0           0
   47617.649  0.029230  0.481090 -24.2469017      0.000248    -0.000281    0.000564  0.000520   0.0000474  0.000472   0.000376          0.     0.000     0.000     0.000     0.000         0      0      0      0.000000  0.000000   0.001478      0          0        0.000000  0.000000   0.000128      0           0
   47635.911  0.084411  0.481561 -24.2757836      0.000169    -0.000385    0.000469  0.000491   0.0000349  0.000187   0.000263          0.     0.000     0.000     0.000     0.000         0      0      0      0.000000  0.000000   0.001880      0          0        0.000000  0.000000   0.000117      0           0
   47654.173  0.126850  0.470822 -24.3100359      0.000082    -0.000041    0.002044  0.001915   0.0000428  0.001168   0.000601          0.     0.000     0.000     0.000     0.000         0      0      0      0.000000  0.000000   0.001683      0          0        0.000000  0.000000   0.000105      0           0
   47672.435  0.170277  0.444719 -24.3405656     -0.000052    -0.000252    0.001061  0.000879   0.0000456  0.000332   0.000389          0.     0.000     0.000     0.000     0.000         0      0      0      0.000000  0.000000   0.001703      0          0        0.000000  0.000000   0.000145      0           0
   47690.697  0.203117  0.412281 -24.3673635      0.000107    -0.000402    0.000662  0.000612   0.0000406  0.000293   0.000302          0.     0.000     0.000     0.000     0.000         0      0      0      0.000000  0.000000   0.001209      0          0        0.000000  0.000000   0.000116      0           0
   47708.959  0.238023  0.364946 -24.3852939     -0.000250     0.000149    0.000550  0.000538   0.0000551  0.000595   0.000607          0.     0.000     0.000     0.000     0.000         0      0      0      0.000000  0.000000   0.000783      0          0        0.000000  0.000000   0.000144      0           0
   47727.221  0.258104  0.312355 -24.4024166     -0.000276    -0.000096    0.000737  0.000813   0.0000474  0.000354   0.000364          0.     0.000     0.000     0.000     0.000         0      0      0      0.000000  0.000000   0.001107      0          0        0.000000  0.000000   0.000167      0           0
   47745.483  0.259187  0.255402 -24.4208548      0.000036     0.000076    0.000869  0.001127   0.0000489  0.000338   0.000348          0.     0.000     0.000     0.000     0.000         0      0      0      0.000000  0.000000   0.000989      0          0        0.000000  0.000000   0.000171      0           0
   47763.745  0.250783  0.198587 -24.4416124      0.000025     0.000006    0.000552  0.000520   0.0000430  0.000341   0.000330          0.     0.000     0.000     0.000     0.000         0      0      0      0.000000  0.000000   0.001178      0          0        0.000000  0.000000   0.000135      0           0
   47782.007  0.217792  0.146600 -24.4630212     -0.000128     0.000135    0.000638  0.000598   0.0000420  0.000490   0.000398          0.     0.000     0.000     0.000     0.000         0      0      0      0.000000  0.000000   0.001265      0          0        0.000000  0.000000   0.000113      0           0
   47800.270  0.165415  0.106281 -24.4894049      0.000120     0.000157    0.000571  0.000532   0.0000447  0.000376   0.000385          0.     0.000     0.000     0.000     0.000         0      0      0      0.000000  0.000000   0.001590      0          0        0.000000  0.000000   0.000152      0           0
   47818.532  0.098218  0.082729 -24.5222761     -0.000048    -0.000033    0.000563  0.000557   0.0000360  0.000296   0.000266          0.     0.000     0.000     0.000     0.000         0      0      0      0.000000  0.000000   0.002063      0          0        0.000000  0.000000   0.000163      0           0
   47836.794  0.030736  0.074308 -24.5610586      0.000047     0.000189    0.000576  0.000585   0.0000388  0.000322   0.000329          0.     0.000     0.000     0.000     0.000         0      0      0      0.000000  0.000000   0.002076      0          0        0.000000  0.000000   0.000099      0           0
   47855.056 -0.038690  0.087010 -24.6005119      0.000158     0.000198    0.000542  0.000520   0.0000410  0.000351   0.000333          0.     0.000     0.000     0.000     0.000         0      0      0      0.000000  0.000000   0.002289      0          0        0.000000  0.000000   0.000107      0           0
   47873.318 -0.090203  0.118342 -24.6388726      0.000348     0.000096    0.000551  0.000536   0.0000350  0.000262   0.000280          0.     0.000     0.000     0.000     0.000         0      0      0      0.000000  0.000000   0.001866      0          0        0.000000  0.000000   0.000103      0           0
   47891.580 -0.131542  0.163209 -24.6720499      0.000171    -0.000391    0.000731  0.000780   0.0000344  0.000283   0.000295          0.     0.000     0.000     0.000     0.000         0      0      0      0.000000  0.000000   0.001727      0          0        0.000000  0.000000   0.000128      0           0
   47909.842 -0.166740  0.214487 -24.7016220      0.000230    -0.000214    0.001005  0.000624   0.0000230  0.000346   0.000344          0.     0.000     0.000     0.000     0.000         0      0      0      0.000000  0.000000   0.001640      0          0        0.000000  0.000000   0.000250      0           0
   47928.104 -0.202583  0.276461 -24.7383414     -0.000020    -0.000197    0.001066  0.000656   0.0000260  0.000220   0.000401          0.     0.000     0.000     0.000     0.000         0      0      0      0.000000  0.000000   0.002387      0          0        0.000000  0.000000   0.000245      0           0
   47946.366 -0.199273  0.345554 -24.7809355      0.000283    -0.000275    0.000365  0.000388   0.0000220  0.000161   0.000186          0.     0.000     0.000     0.000     0.000         0      0      0      0.000000  0.000000   0.002109      0          0        0.000000  0.000000   0.000110      0           0
   47964.628 -0.186003  0.411883 -24.8196932      0.000064    -0.000227    0.000397  0.000413   0.0000251  0.000731   0.000279          0.     0.000     0.000     0.000     0.000         0      0      0      0.000000  0.000000   0.002318      0          0        0.000000  0.000000   0.000115      0           0
   47982.891 -0.153373  0.472131 -24.8643505     -0.000021    -0.000161    0.000337  0.000343   0.0000329  0.000298   0.000338          0.     0.000     0.000     0.000     0.000         0      0      0      0.000000  0.000000   0.002396      0          0        0.000000  0.000000   0.000110      0           0
   48001.153 -0.102566  0.524086 -24.9069728      0.000067    -0.000307    0.000280  0.000272   0.0000210  0.000180   0.000185          0.     0.000     0.000     0.000     0.000         0      0      0      0.000000  0.000000   0.002250      0          0        0.000000  0.000000   0.000104      0           0
   48019.415 -0.050363  0.557146 -24.9435457     -0.000021    -0.000233    0.000362  0.000357   0.0000261  0.000199   0.000202          0.     0.000     0.000     0.000     0.000         0      0      0      0.000000  0.000000   0.001892      0          0        0.000000  0.000000   0.000148      0           0
   48037.677  0.024973  0.573727 -24.9794213     -0.000157    -0.000009    0.000358  0.000375   0.0000210  0.000168   0.000179          0.     0.000     0.000     0.000     0.000         0      0      0      0.000000  0.000000   0.001899      0          0        0.000000  0.000000   0.000078      0           0
   48055.939  0.095132  0.569148 -25.0111813     -0.000014    -0.000292    0.000559  0.000701   0.0000230  0.000221   0.000226          0.     0.000     0.000     0.000     0.000         0      0      0      0.000000  0.000000   0.001636      0          0        0.000000  0.000000   0.000177      0           0
   48074.201  0.166009  0.542143 -25.0392653     -0.000134    -0.000075    0.000437  0.000498   0.0000242  0.000181   0.000187          0.     0.000     0.000     0.000     0.000         0      0      0      0.000000  0.000000   0.001433      0          0        0.000000  0.000000   0.000143      0           0
   48092.463  0.230094  0.499592 -25.0616525     -0.000075    -0.000209    0.000363  0.000380   0.0000375  0.000312   0.000297          0.     0.000     0.000     0.000     0.000         0      0      0      0.000000  0.000000   0.001062      0          0        0.000000  0.000000   0.000135      0           0
   48110.725  0.275546  0.439931 -25.0843343     -0.000157    -0.000017    0.000481  0.000533   0.0000199  0.000324   0.000326          0.     0.000     0.000     0.000     0.000         0      0      0      0.000000  0.000000   0.001460      0          0        0.000000  0.000000   0.000189      0           0
   48128.987  0.303521  0.379820 -25.1140188      0.000001    -0.000253    0.000414  0.000424   0.0000460  0.000312   0.000316          0.     0.000     0.000     0.000     0.000         0      0      0      0.000000  0.000000   0.001736      0          0        0.000000  0.000000   0.000131      0           0
   48147.249  0.311606  0.309903 -25.1459606      0.000078     0.000273    0.000376  0.000396   0.0000368  0.000279   0.000288          0.     0.000     0.000     0.000     0.000         0      0      0      0.000000  0.000000   0.001828      0          0        0.000000  0.000000   0.000103      0           0
   48165.512  0.295449  0.242455 -25.1830445      0.000095     0.000187    0.000566  0.000394   0.0000220  0.000196   0.000203          0.     0.000     0.000     0.000     0.000         0      0      0      0.000000  0.000000   0.002163      0          0        0.000000  0.000000   0.000090      0           0
   48183.774  0.258855  0.179992 -25.2216013      0.000022     0.000091    0.000652  0.001226   0.0000212  0.000274   0.000195          0.     0.000     0.000     0.000     0.000         0      0      0      0.000000  0.000000   0.002137      0          0        0.000000  0.000000   0.000156      0           0
   48202.036  0.214396  0.131337 -25.2630071      0.000079     0.000011    0.000585  0.001221   0.0000220  0.000407   0.000258          0.     0.000     0.000     0.000     0.000         0      0      0      0.000000  0.000000   0.002265      0          0        0.000000  0.000000   0.000297      0           0
   48220.298  0.156870  0.095793 -25.3039772     -0.000008     0.000130    0.000379  0.000412   0.0000240  0.000209   0.000232          0.     0.000     0.000     0.000     0.000         0      0      0      0.000000  0.000000   0.002294      0          0        0.000000  0.000000   0.000129      0           0
   48238.560  0.092901  0.075860 -25.3442923      0.000171     0.000303    0.000410  0.000442   0.0000230  0.000196   0.000212          0.     0.000     0.000     0.000     0.000         0      0      0      0.000000  0.000000   0.002022      0          0        0.000000  0.000000   0.000110      0           0
   48256.822  0.024595  0.071241 -25.3813288      0.000098     0.000078    0.000464  0.000511   0.0000250  0.000210   0.000203          0.     0.000     0.000     0.000     0.000         0      0      0      0.000000  0.000000   0.002147      0          0        0.000000  0.000000   0.000173      0           0
   48275.084 -0.038155  0.086627 -25.4220236      0.000204     0.000054    0.000299  0.000311   0.0000398  0.000330   0.000332          0.     0.000     0.000     0.000     0.000         0      0      0      0.000000  0.000000   0.002174      0          0        0.000000  0.000000   0.000066      0           0
   48293.346 -0.102771  0.109917 -25.4609756      0.000268    -0.000061    0.000261  0.000264   0.0000170  0.000147   0.000146          0.     0.000     0.000     0.000     0.000         0      0      0      0.000000  0.000000   0.002214      0          0        0.000000  0.000000   0.000071      0           0
   48311.608 -0.158811  0.155150 -25.5026678      0.000090    -0.000100    0.000288  0.000292   0.0000297  0.000193   0.000203          0.     0.000     0.000     0.000     0.000         0      0      0      0.000000  0.000000   0.002326      0          0        0.000000  0.000000   0.000071      0           0
   48329.870 -0.194145  0.214845 -25.5449991      0.000274    -0.000098    0.000437  0.000468   0.0000191  0.000169   0.000165          0.     0.000     0.000     0.000     0.000         0      0      0      0.000000  0.000000   0.002329      0          0        0.000000  0.000000   0.000177      0           0
   48348.132 -0.218393  0.286189 -25.5885172      0.000253     0.000033    0.000487  0.000473   0.0000200  0.000187   0.000189          0.     0.000     0.000     0.000     0.000         0      0      0      0.000000  0.000000   0.002400      0          0        0.000000  0.000000   0.000073      0           0
   48366.395 -0.213664  0.359182 -25.6309170      0.000171    -0.000151    0.000393  0.000406   0.0000201  0.000171   0.000178          0.     0.000     0.000     0.000     0.000         0      0      0      0.000000  0.000000   0.002291      0          0        0.000000  0.000000   0.000102      0           0
   48384.657 -0.197034  0.427448 -25.6744675      0.000144    -0.000190    0.000349  0.000360   0.0000263  0.000225   0.000236          0.     0.000     0.000     0.000     0.000         0      0      0      0.000000  0.000000   0.002416      0          0        0.000000  0.000000   0.000069      0           0
   48402.919 -0.148714  0.487135 -25.7135291      0.000096    -0.000167    0.000314  0.000329   0.0000250  0.000180   0.000257          0.     0.000     0.000     0.000     0.000         0      0      0      0.000000  0.000000   0.001862      0          0        0.000000  0.000000   0.000095      0           0
   48421.181 -0.088696  0.534438 -25.7491136      0.000063    -0.000186    0.000316  0.000337   0.0000170  0.000134   0.000145          0.     0.000     0.000     0.000     0.000         0      0      0      0.000000  0.000000   0.001931      0          0        0.000000  0.000000   0.000057      0           0
   48439.443 -0.027641  0.562995 -25.7767445      0.000229    -0.000080    0.000437  0.000451   0.0000230  0.000337   0.000306          0.     0.000     0.000     0.000     0.000         0      0      0      0.000000  0.000000   0.001188      0          0        0.000000  0.000000   0.000132      0           0
   48457.705  0.048389  0.572671 -25.7990557      0.000013    -0.000065    0.000379  0.000428   0.0000290  0.000196   0.000203          0.     0.000     0.000     0.000     0.000         0      0      0      0.000000  0.000000   0.001317      0          0        0.000000  0.000000   0.000088      0           0
   48475.967  0.119435  0.560750 -25.8218800     -0.000036    -0.000049    0.000319  0.000361   0.0000190  0.000168   0.000172          0.     0.000     0.000     0.000     0.000         0      0      0      0.000000  0.000000   0.001215      0          0        0.000000  0.000000   0.000071      0           0
   48494.229  0.173053  0.527948 -25.8483568     -0.000019    -0.000024    0.000321  0.000330   0.0000170  0.000171   0.000262          0.     0.000     0.000     0.000     0.000         0      0      0      0.000000  0.000000   0.001698      0          0        0.000000  0.000000   0.000084      0           0
   48512.491  0.217444  0.487133 -25.8836688     -0.000247     0.000164    0.000316  0.000356   0.0000200  0.000167   0.000174          0.     0.000     0.000     0.000     0.000         0      0      0      0.000000  0.000000   0.002079      0          0        0.000000  0.000000   0.000069      0           0
   48530.753  0.250443  0.434163 -25.9224220     -0.000134    -0.000079    0.000294  0.000300   0.0000280  0.000180   0.000257          0.     0.000     0.000     0.000     0.000         0      0      0      0.000000  0.000000   0.002142      0          0        0.000000  0.000000   0.000080      0           0
   48549.016  0.260696  0.372555 -25.9589724     -0.000083     0.000089    0.000253  0.000256   0.0000180  0.000179   0.000190          0.     0.000     0.000     0.000     0.000         0      0      0      0.000000  0.000000   0.001938      0          0        0.000000  0.000000   0.000082      0           0
   48567.278  0.260826  0.316868 -25.9983386      0.000037     0.000060    0.000250  0.000248   0.0000180  0.000171   0.000181          0.     0.000     0.000     0.000     0.000         0      0      0      0.000000  0.000000   0.002302      0          0        0.000000  0.000000   0.000061      0           0
   48585.540  0.247084  0.262793 -26.0404629     -0.000001     0.000015    0.000394  0.000416   0.0000265  0.000226   0.000243          0.     0.000     0.000     0.000     0.000         0      0      0      0.000000  0.000000   0.002359      0          0        0.000000  0.000000   0.000094      0           0
   48603.802  0.218629  0.210225 -26.0842728      0.000069     0.000059    0.000280  0.000275   0.0000180  0.000190   0.000235          0.     0.000     0.000     0.000     0.000         0      0      0      0.000000  0.000000   0.002322      0          0        0.000000  0.000000   0.000071      0           0
   48622.064  0.182495  0.168304 -26.1240658      0.000022     0.000084    0.000510  0.000685   0.0000221  0.000173   0.000173          0.     0.000     0.000     0.000     0.000         0      0      0      0.000000  0.000000   0.002188      0          0        0.000000  0.000000   0.000057      0           0
   48640.326  0.132696  0.138689 -26.1673817      0.000040     0.000091    0.000317  0.000314   0.0000353  0.000383   0.000347          0.     0.000     0.000     0.000     0.000         0      0      0      0.000000  0.000000   0.002499      0          0        0.000000  0.000000   0.000021      0           0
   48658.588  0.081944  0.120176 -26.2138471      0.000112    -0.000062    0.000548  0.000722   0.0000272  0.000481   0.000588          0.     0.000     0.000     0.000     0.000         0      0      0      0.000000  0.000000   0.002519      0          0        0.000000  0.000000   0.000083      0           0
   48676.850  0.026491  0.115929 -26.2576705      0.000129     0.000032    0.000307  0.000323   0.0000497  0.000487   0.000537          0.     0.000     0.000     0.000     0.000         0      0      0      0.000000  0.000000   0.002386      0          0        0.000000  0.000000   0.000049      0           0
   48695.112 -0.036032  0.126969 -26.3050726      0.000101    -0.000056    0.000314  0.000266   0.0000259  0.000214   0.000273          0.     0.000     0.000     0.000     0.000         0      0      0      0.000000  0.000000   0.002842      0          0        0.000000  0.000000   0.000035      0           0
   48713.374 -0.084375  0.162588 -26.3575670      0.000274     0.000010    0.000370  0.000392   0.0000288  0.000167   0.000202          0.     0.000     0.000     0.000     0.000         0      0      0      0.000000  0.000000   0.002798      0          0        0.000000  0.000000   0.000043      0           0
   48731.637 -0.115209  0.202724 -26.4086937      0.000108    -0.000069    0.000289  0.000327   0.0000301  0.000205   0.000421          0.     0.000     0.000     0.000     0.000         0      0      0      0.000000  0.000000   0.002781      0          0        0.000000  0.000000   0.000025      0           0
   48749.899 -0.144407  0.246717 -26.4549052      0.000138    -0.000092    0.000358  0.000456   0.0000189  0.000138   0.000125          0.     0.000     0.000     0.000     0.000         0      0      0      0.000000  0.000000   0.002312      0          0        0.000000  0.000000   0.000047      0           0
   48768.161 -0.157188  0.290633 -26.4961335      0.000131    -0.000023    0.000619  0.000742   0.0000250  0.000166   0.000164          0.     0.000     0.000     0.000     0.000         0      0      0      0.000000  0.000000   0.002104      0          0        0.000000  0.000000   0.000034      0           0
   48786.423 -0.154142  0.335887 -26.5294482      0.000197    -0.000120    0.000383  0.000343   0.0000219  0.000308   0.000299          0.     0.000     0.000     0.000     0.000         0      0      0      0.000000  0.000000   0.001706      0          0        0.000000  0.000000   0.000036      0           0
   48804.685 -0.141385  0.383129 -26.5586666      0.000143    -0.000193    0.000717  0.000697   0.0000186  0.000527   0.000541          0.     0.000     0.000     0.000     0.000         0      0      0      0.000000  0.000000   0.001350      0          0        0.000000  0.000000   0.000029      0           0
   48822.947 -0.115334  0.420869 -26.5820112     -0.000061    -0.000122    0.000205  0.000219   0.0000271  0.000305   0.000312          0.     0.000     0.000     0.000     0.000         0      0      0      0.000000  0.000000   0.001375      0          0        0.000000  0.000000   0.000026      0           0
   48841.209 -0.078385  0.459810 -26.6093485     -0.000135    -0.000195    0.000175  0.000173   0.0000160  0.000144   0.000146          0.     0.000     0.000     0.000     0.000         0      0      0      0.000000  0.000000   0.001614      0          0        0.000000  0.000000   0.000021      0           0
   48859.471 -0.032706  0.493061 -26.6418410     -0.000047    -0.000200    0.000280  0.000309   0.0000241  0.000230   0.000255          0.     0.000     0.000     0.000     0.000         0      0      0      0.000000  0.000000   0.001925      0          0        0.000000  0.000000   0.000041      0           0
   48877.733  0.014272  0.506438 -26.6769516     -0.000244    -0.000298    0.000323  0.000346   0.0000167  0.000193   0.000194          0.     0.000     0.000     0.000     0.000         0      0      0      0.000000  0.000000   0.001921      0          0        0.000000  0.000000   0.000038      0           0
   48895.995  0.056040  0.504589 -26.7132317     -0.000325    -0.000064    0.000325  0.000358   0.0000180  0.000228   0.000237          0.     0.000     0.000     0.000     0.000         0      0      0      0.000000  0.000000   0.002124      0          0        0.000000  0.000000   0.000026      0           0
   48914.258  0.102233  0.493988 -26.7555794     -0.000286    -0.000166    0.000257  0.000271   0.0000240  0.000161   0.000176          0.     0.000     0.000     0.000     0.000         0      0      0      0.000000  0.000000   0.002481      0          0        0.000000  0.000000   0.000028      0           0
   48932.520  0.137408  0.472406 -26.8005746     -0.000091    -0.000116    0.000260  0.000262   0.0000220  0.000200   0.000201          0.     0.000     0.000     0.000     0.000         0      0      0      0.000000  0.000000   0.002391      0          0        0.000000  0.000000   0.000030      0           0
   48950.782  0.169608  0.444138 -26.8448525     -0.000263    -0.000122    0.000356  0.000400   0.0000172  0.000165   0.000263          0.     0.000     0.000     0.000     0.000         0      0      0      0.000000  0.000000   0.002477      0          0        0.000000  0.000000   0.000027      0           0
   48969.044  0.186356  0.407177 -26.8911588     -0.000338    -0.000090    0.000288  0.000320   0.0000271  0.000175   0.000211          0.     0.000     0.000     0.000     0.000         0      0      0      0.000000  0.000000   0.002527      0          0        0.000000  0.000000   0.000069      0           0
   48987.306  0.205548  0.360908 -26.9363842     -0.000127    -0.000224    0.000329  0.000383   0.0000193  0.000141   0.000157          0.     0.000     0.000     0.000     0.000         0      0      0      0.000000  0.000000   0.002554      0          0        0.000000  0.000000   0.000029      0           0
   49005.568  0.213304  0.311675 -26.9824943     -0.000125     0.000022    0.000234  0.000233   0.0000120  0.000126   0.000165          0.     0.000     0.000     0.000     0.000         0      0      0      0.000000  0.000000   0.002447      0          0        0.000000  0.000000   0.000028      0           0
   49023.830  0.205419  0.266052 -27.0295268      0.000009    -0.000139    0.000210  0.000203   0.0000150  0.000219   0.000394          0.     0.000     0.000     0.000     0.000         0      0      0      0.000000  0.000000   0.002686      0          0        0.000000  0.000000   0.000032      0           0
   49042.092  0.185832  0.224125 -27.0782520     -0.000081     0.000109    0.000232  0.000217   0.0000130  0.000129   0.000145          0.     0.000     0.000     0.000     0.000         0      0      0      0.000000  0.000000   0.002629      0          0        0.000000  0.000000   0.000030      0           0
   49060.354  0.157412  0.193738 -27.1264050     -0.000034     0.000002    0.000198  0.000190   0.0000300  0.000206   0.000222          0.     0.000     0.000     0.000     0.000         0      0      0      0.000000  0.000000   0.002757      0          0        0.000000  0.000000   0.000038      0           0
   49078.616  0.112964  0.170226 -27.1766340     -0.000071     0.000113    0.000236  0.000222   0.0000120  0.000143   0.000170          0.     0.000     0.000     0.000     0.000         0      0      0      0.000000  0.000000   0.002690      0          0        0.000000  0.000000   0.000028      0           0
   49096.879  0.063347  0.163887 -27.2281515      0.000125    -0.000147    0.000203  0.000199   0.0000140  0.000138   0.000200          0.     0.000     0.000     0.000     0.000         0      0      0      0.000000  0.000000   0.002924      0          0        0.000000  0.000000   0.000031      0           0
   49115.141  0.024457  0.166194 -27.2801880      0.000023    -0.000021    0.000198  0.000193   0.0000140  0.000151   0.000182          0.     0.000     0.000     0.000     0.000         0      0      0      0.000000  0.000000   0.002680      0          0        0.000000  0.000000   0.000032      0           0
   49133.403 -0.005201  0.176676 -27.3261499      0.000162    -0.000155    0.000221  0.000206   0.0000153  0.000164   0.000195          0.     0.000     0.000     0.000     0.000         0      0      0      0.000000  0.000000   0.002386      0          0        0.000000  0.000000   0.000031      0           0
   49151.665 -0.037410  0.190890 -27.3667729      0.000059    -0.000239    0.000257  0.000253   0.0000203  0.000194   0.000208          0.     0.000     0.000     0.000     0.000         0      0      0      0.000000  0.000000   0.002089      0          0        0.000000  0.000000   0.000035      0           0
   49169.927 -0.063710  0.210917 -27.4015285      0.000054    -0.000217    0.000695  0.000782   0.0000120  0.000137   0.000159          0.     0.000     0.000     0.000     0.000         0      0      0      0.000000  0.000000   0.001677      0          0        0.000000  0.000000   0.000064      0           0
   49188.189 -0.073060  0.233992 -27.4302859      0.000097    -0.000052    0.000143  0.000127   0.0000120  0.000136   0.000154          0.     0.000     0.000     0.000     0.000         0      0      0      0.000000  0.000000   0.001598      0          0        0.000000  0.000000   0.000026      0           0
   49206.451 -0.091225  0.266663 -27.4620828      0.000126    -0.000123    0.000193  0.000184   0.0000214  0.000172   0.000244          0.     0.000     0.000     0.000     0.000         0      0      0      0.000000  0.000000   0.001848      0          0        0.000000  0.000000   0.000027      0           0
   49224.713 -0.101353  0.302802 -27.4966116      0.000204    -0.000163    0.000190  0.000182   0.0000157  0.000151   0.000243          0.     0.000     0.000     0.000     0.000         0      0      0      0.000000  0.000000   0.001933      0          0        0.000000  0.000000   0.000038      0           0
   49242.975 -0.099273  0.337775 -27.5335935      0.000089    -0.000244    0.000207  0.000199   0.0000200  0.000170   0.000184          0.     0.000     0.000     0.000     0.000         0      0      0      0.000000  0.000000   0.002145      0          0        0.000000  0.000000   0.000034      0           0
   49261.238 -0.095313  0.370743 -27.5749215      0.000042    -0.000164    0.000197  0.000185   0.0000169  0.000180   0.000228          0.     0.000     0.000     0.000     0.000         0      0      0      0.000000  0.000000   0.002392      0          0        0.000000  0.000000   0.000029      0           0
   49279.500 -0.081607  0.404118 -27.6214250      0.000008    -0.000136    0.000195  0.000181   0.0000120  0.000111   0.000137          0.     0.000     0.000     0.000     0.000         0      0      0      0.000000  0.000000   0.002651      0          0        0.000000  0.000000   0.000028      0           0
   49297.762 -0.063134  0.428894 -27.6693950     -0.000152    -0.000217    0.000213  0.000200   0.0000160  0.000323   0.000246          0.     0.000     0.000     0.000     0.000         0      0      0      0.000000  0.000000   0.002549      0          0        0.000000  0.000000   0.000038      0           0
   49316.024 -0.041428  0.447985 -27.7141478     -0.000074    -0.000279    0.000218  0.000209   0.0000160  0.000148   0.000195          0.     0.000     0.000     0.000     0.000         0      0      0      0.000000  0.000000   0.002309      0          0        0.000000  0.000000   0.000023      0           0
   49334.286 -0.020361  0.465113 -27.7552456     -0.000108    -0.000169    0.000191  0.000180   0.0000181  0.000128   0.000142          0.     0.000     0.000     0.000     0.000         0      0      0      0.000000  0.000000   0.002381      0          0        0.000000  0.000000   0.000033      0           0
   49352.548  0.010695  0.477457 -27.8005573     -0.000062    -0.000162    0.000309  0.000293   0.0000140  0.000131   0.000163          0.     0.000     0.000     0.000     0.000         0      0      0      0.000000  0.000000   0.002402      0          0        0.000000  0.000000   0.000030      0           0
   49370.810  0.053713  0.478442 -27.8418200     -0.000179    -0.000103    0.000188  0.000173   0.0000101  0.000071   0.000088          0.     0.000     0.000     0.000     0.000         0      0      0      0.000000  0.000000   0.002231      0          0        0.000000  0.000000   0.000019      0           0
   49389.072  0.098561  0.466910 -27.8830425     -0.000163    -0.000009    0.000253  0.000234   0.0000211  0.000258   0.000329          0.     0.000     0.000     0.000     0.000         0      0      0      0.000000  0.000000   0.002206      0          0        0.000000  0.000000   0.000040      0           0
   49407.334  0.135128  0.448356 -27.9257834      0.000190    -0.000020    0.000269  0.000257   0.0000542  0.000669   0.000814          0.     0.000     0.000     0.000     0.000         0      0      0      0.000000  0.000000   0.002632      0          0        0.000000  0.000000   0.000042      0           0
   49425.596  0.157437  0.422079 -27.9746333     -0.000112     0.000018    0.000256  0.000237   0.0000582  0.000345   0.000358          0.     0.000     0.000     0.000     0.000         0      0      0      0.000000  0.000000   0.002544      0          0        0.000000  0.000000   0.000035      0           0
   49443.859  0.174885  0.390195 -28.0212906     -0.000201    -0.000077    0.000257  0.000241   0.0000090  0.000079   0.000103          0.     0.000     0.000     0.000     0.000         0      0      0      0.000000  0.000000   0.002584      0          0        0.000000  0.000000   0.000040      0           0
   49462.121  0.183506  0.357247 -28.0679229     -0.000171     0.000101    0.000254  0.000240   0.0000120  0.000092   0.000115          0.     0.000     0.000     0.000     0.000         0      0      0      0.000000  0.000000   0.002538      0          0        0.000000  0.000000   0.000039      0           0
   49480.383  0.186697  0.318082 -28.1147283     -0.000093     0.000079    0.000231  0.000215   0.0000110  0.000082   0.000103          0.     0.000     0.000     0.000     0.000         0      0      0      0.000000  0.000000   0.002564      0          0        0.000000  0.000000   0.000034      0           0
   49498.645  0.180854  0.281073 -28.1578944      0.000102     0.000084    0.000237  0.000219   0.0000230  0.000180   0.000254          0.     0.000     0.000     0.000     0.000         0      0      0      0.000000  0.000000   0.002048      0          0        0.000000  0.000000   0.000039      0           0
   49516.907  0.161005  0.243916 -28.1920489      0.000023    -0.000050    0.000235  0.000221   0.0000110  0.000087   0.000111          0.     0.000     0.000     0.000     0.000         0      0      0      0.000000  0.000000   0.001741      0          0        0.000000  0.000000   0.000037      0           0
   49535.169  0.134613  0.210557 -28.2177889     -0.000056     0.000145    0.000238  0.000229   0.0000110  0.000084   0.000107          0.     0.000     0.000     0.000     0.000         0      0      0      0.000000  0.000000   0.001194      0          0        0.000000  0.000000   0.000033      0           0
   49553.431  0.101131  0.185159 -28.2430383     -0.000043    -0.000192    0.000226  0.000213   0.0000120  0.000089   0.000115          0.     0.000     0.000     0.000     0.000         0      0      0      0.000000  0.000000   0.001489      0          0        0.000000  0.000000   0.000032      0           0
   49571.693  0.067684  0.171871 -28.2695343      0.000045    -0.000111    0.000224  0.000211   0.0000140  0.000120   0.000150          0.     0.000     0.000     0.000     0.000         0      0      0      0.000000  0.000000   0.001414      0          0        0.000000  0.000000   0.000032      0           0
   49589.955  0.027717  0.168491 -28.2962469      0.000098    -0.000047    0.000226  0.000207   0.0000110  0.000076   0.000098          0.     0.000     0.000     0.000     0.000         0      0      0      0.000000  0.000000   0.001662      0          0        0.000000  0.000000   0.000032      0           0
   49608.217 -0.017098  0.178617 -28.3330029      0.000065     0.000011    0.000227  0.000210   0.0000213  0.000184   0.000227          0.     0.000     0.000     0.000     0.000         0      0      0      0.000000  0.000000   0.002349      0          0        0.000000  0.000000   0.000033      0           0
   49626.480 -0.066594  0.199824 -28.3765937     -0.000066    -0.000158    0.000226  0.000213   0.0000131  0.000099   0.000129          0.     0.000     0.000     0.000     0.000         0      0      0      0.000000  0.000000   0.002340      0          0        0.000000  0.000000   0.000034      0           0
   49644.742 -0.107824  0.232410 -28.4196825      0.000073    -0.000106    0.000217  0.000205   0.0000108  0.000073   0.000092          0.     0.000     0.000     0.000     0.000         0      0      0      0.000000  0.000000   0.002359      0          0        0.000000  0.000000   0.000030      0           0
   49663.004 -0.141376  0.272241 -28.4635768      0.000086    -0.000193    0.000243  0.000224   0.0000310  0.000258   0.000326          0.     0.000     0.000     0.000     0.000         0      0      0      0.000000  0.000000   0.002421      0          0        0.000000  0.000000   0.000034      0           0
   49681.266 -0.152220  0.320885 -28.5078670     -0.000049    -0.000194    0.000241  0.000227   0.0000109  0.000075   0.000103          0.     0.000     0.000     0.000     0.000         0      0      0      0.000000  0.000000   0.002414      0          0        0.000000  0.000000   0.000031      0           0
   49699.528 -0.154183  0.367656 -28.5513694      0.000002    -0.000161    0.000232  0.000223   0.0000120  0.000088   0.000114          0.     0.000     0.000     0.000     0.000         0      0      0      0.000000  0.000000   0.002506      0          0        0.000000  0.000000   0.000030      0           0
   49717.790 -0.152853  0.417006 -28.6008615     -0.000070    -0.000282    0.000260  0.000245   0.0000120  0.000086   0.000137          0.     0.000     0.000     0.000     0.000         0      0      0      0.000000  0.000000   0.002738      0          0        0.000000  0.000000   0.000038      0           0
   49736.052 -0.125896  0.460614 -28.6480216     -0.000054    -0.000257    0.000289  0.000250   0.0000161  0.000127   0.000243          0.     0.000     0.000     0.000     0.000         0      0      0      0.000000  0.000000   0.002520      0          0        0.000000  0.000000   0.000042      0           0
   49754.314 -0.108757  0.495359 -28.6960079     -0.000293    -0.000218    0.000265  0.000233   0.0000354  0.000177   0.000319          0.     0.000     0.000     0.000     0.000         0      0      0      0.000000  0.000000   0.002630      0          0        0.000000  0.000000   0.000041      0           0
   49772.576 -0.072634  0.525125 -28.7425505     -0.000358    -0.000114    0.000263  0.000225   0.0000176  0.000180   0.000344          0.     0.000     0.000     0.000     0.000         0      0      0      0.000000  0.000000   0.002627      0          0        0.000000  0.000000   0.000049      0           0
   49790.838 -0.021971  0.546548 -28.7952781     -0.000052     0.000017    0.000268  0.000231   0.0000110  0.000081   0.000151          0.     0.000     0.000     0.000     0.000         0      0      0      0.000000  0.000000   0.002955      0          0        0.000000  0.000000   0.000044      0           0
   49809.101  0.034107  0.557466 -28.8459727     -0.000176    -0.000046    0.000268  0.000231   0.0000150  0.000119   0.000235          0.     0.000     0.000     0.000     0.000         0      0      0      0.000000  0.000000   0.002745      0          0        0.000000  0.000000   0.000044      0           0
   49827.363  0.093208  0.555112 -28.8967858     -0.000207     0.000029    0.000231  0.000193   0.0000120  0.000095   0.000187          0.     0.000     0.000     0.000     0.000         0      0      0      0.000000  0.000000   0.002746      0          0        0.000000  0.000000   0.000040      0           0
   49845.625  0.162210  0.533473 -28.9466674     -0.000037    -0.000099    0.000223  0.000189   0.0000126  0.000094   0.000184          0.     0.000     0.000     0.000     0.000         0      0      0      0.000000  0.000000   0.002709      0          0        0.000000  0.000000   0.000032      0           0
   49863.887  0.209609  0.497068 -28.9922933     -0.000114     0.000170    0.000280  0.000243   0.0000111  0.000111   0.000215          0.     0.000     0.000     0.000     0.000         0      0      0      0.000000  0.000000   0.002285      0          0        0.000000  0.000000   0.000028      0           0
   49882.149  0.254922  0.443363 -29.0324456      0.000015    -0.000019    0.000246  0.000213   0.0000468  0.000183   0.000461          0.     0.000     0.000     0.000     0.000         0      0      0      0.000000  0.000000   0.002055      0          0        0.000000  0.000000   0.000027      0           0
   49900.411  0.281628  0.378525 -29.0649591      0.000415     0.000346    0.000185  0.000156   0.0000202  0.000123   0.000259          0.     0.000     0.000     0.000     0.000         0      0      0      0.000000  0.000000   0.001531      0          0        0.000000  0.000000   0.000027      0           0
   49918.673  0.287433  0.308090 -29.0911285     -0.000066    -0.000007    0.000239  0.000208   0.0000120  0.000092   0.000177          0.     0.000     0.000     0.000     0.000         0      0      0      0.000000  0.000000   0.001310      0          0        0.000000  0.000000   0.000027      0           0
   49936.935  0.273241  0.237940 -29.1139134      0.000031     0.000049    0.000232  0.000201   0.0000130  0.000096   0.000180          0.     0.000     0.000     0.000     0.000         0      0      0      0.000000  0.000000   0.001339      0          0        0.000000  0.000000   0.000027      0           0
   49955.197  0.238220  0.179821 -29.1428667     -0.000043     0.000080    0.000228  0.000194   0.0000110  0.000091   0.000177          0.     0.000     0.000     0.000     0.000         0      0      0      0.000000  0.000000   0.001837      0          0        0.000000  0.000000   0.000026      0           0
   49973.459  0.190546  0.134799 -29.1792591     -0.000069     0.000010    0.000231  0.000201   0.0000141  0.000103   0.000189          0.     0.000     0.000     0.000     0.000         0      0      0      0.000000  0.000000   0.002123      0          0        0.000000  0.000000   0.000027      0           0
   49991.721  0.134041  0.105678 -29.2214127     -0.000032     0.000024    0.000229  0.000197   0.0000110  0.000086   0.000167          0.     0.000     0.000     0.000     0.000         0      0      0      0.000000  0.000000   0.002430      0          0        0.000000  0.000000   0.000026      0           0
   50009.984  0.067339  0.086460 -29.2642770     -0.000033     0.000051    0.000182  0.000154   0.0000120  0.000089   0.000173          0.     0.000     0.000     0.000     0.000         0      0      0      0.000000  0.000000   0.002248      0          0        0.000000  0.000000   0.000025      0           0
   50028.246  0.002880  0.084233 -29.3069878      0.000091     0.000018    0.000218  0.000187   0.0000090  0.000072   0.000140          0.     0.000     0.000     0.000     0.000         0      0      0      0.000000  0.000000   0.002445      0          0        0.000000  0.000000   0.000026      0           0
   50046.508 -0.067595  0.101397 -29.3531348     -0.000026    -0.000007    0.000220  0.000193   0.0000119  0.000091   0.000179          0.     0.000     0.000     0.000     0.000         0      0      0      0.000000  0.000000   0.002581      0          0        0.000000  0.000000   0.000027      0           0
   50064.770 -0.137266  0.136815 -29.3993193      0.000053    -0.000130    0.000226  0.000197   0.0000119  0.000094   0.000186          0.     0.000     0.000     0.000     0.000         0      0      0      0.000000  0.000000   0.002502      0          0        0.000000  0.000000   0.000028      0           0
   50083.032 -0.174988  0.192231 -29.4430478     -0.000042     0.000012    0.000214  0.000185   0.0000090  0.000075   0.000120          0.     0.000     0.000     0.000     0.000         0      0      0      0.000000  0.000000   0.002172      0          0        0.000000  0.000000   0.000032      0           0
   50101.294 -0.204251  0.247075 -29.4782462      0.000080    -0.000339    0.000222  0.000191   0.0000273  0.000183   0.000192          0.     0.000     0.000     0.000     0.000         0      0      0      0.000000  0.000000   0.001755      0          0        0.000000  0.000000   0.000034      0           0
   50119.556 -0.222958  0.311867 -29.5109478     -0.000051     0.000028    0.000211  0.000180   0.0000230  0.000232   0.000247          0.     0.000     0.000     0.000     0.000         0      0      0      0.000000  0.000000   0.001932      0          0        0.000000  0.000000   0.000034      0           0
   50137.818 -0.219846  0.378677 -29.5483774      0.000127    -0.000049    0.000215  0.000180   0.0000168  0.000130   0.000145          0.     0.000     0.000     0.000     0.000         0      0      0      0.000000  0.000000   0.002172      0          0        0.000000  0.000000   0.000034      0           0
   50156.080 -0.195739  0.449043 -29.5905832     -0.000156    -0.000125    0.000209  0.000179   0.0000130  0.000098   0.000112          0.     0.000     0.000     0.000     0.000         0      0      0      0.000000  0.000000   0.002279      0          0        0.000000  0.000000   0.000030      0           0
   50174.342 -0.152552  0.507862 -29.6309906     -0.000353     0.000075    0.000206  0.000174   0.0000127  0.000102   0.000117          0.     0.000     0.000     0.000     0.000         0      0      0      0.000000  0.000000   0.002291      0          0        0.000000  0.000000   0.000032      0           0
   50192.605 -0.102393  0.552125 -29.6729189     -0.000042    -0.000054    0.000203  0.000172   0.0000150  0.000125   0.000148          0.     0.000     0.000     0.000     0.000         0      0      0      0.000000  0.000000   0.002240      0          0        0.000000  0.000000   0.000030      0           0
   50210.867 -0.033657  0.584520 -29.7155556     -0.000328    -0.000054    0.000193  0.000166   0.0000130  0.000105   0.000124          0.     0.000     0.000     0.000     0.000         0      0      0      0.000000  0.000000   0.002411      0          0        0.000000  0.000000   0.000031      0           0
   50229.129  0.040316  0.596502 -29.7554364     -0.000105     0.000008    0.000198  0.000173   0.0000350  0.000261   0.000345          0.     0.000     0.000     0.000     0.000         0      0      0      0.000000  0.000000   0.001862      0          0        0.000000  0.000000   0.000030      0           0
   50247.391  0.116003  0.581760 -29.7871773     -0.000176     0.000063    0.000193  0.000166   0.0000186  0.000126   0.000190          0.     0.000     0.000     0.000     0.000         0      0      0      0.000000  0.000000   0.001695      0          0        0.000000  0.000000   0.000030      0           0
   50265.653  0.182144  0.545777 -29.8139217     -0.000165     0.000088    0.000194  0.000167   0.0000130  0.000111   0.000121          0.     0.000     0.000     0.000     0.000         0      0      0      0.000000  0.000000   0.001178      0          0        0.000000  0.000000   0.000032      0           0
   50283.915  0.237847  0.495866 -29.8349387     -0.000128     0.000062    0.000197  0.000172   0.0000130  0.000076   0.000089          0.     0.000     0.000     0.000     0.000         0      0      0      0.000000  0.000000   0.001242      0          0        0.000000  0.000000   0.000032      0           0
   50302.177  0.268594  0.437784 -29.8574786     -0.000136     0.000166    0.000201  0.000171   0.0000471  0.000572   0.000600          0.     0.000     0.000     0.000     0.000         0      0      0      0.000000  0.000000   0.001125      0          0        0.000000  0.000000   0.000031      0           0
   50320.439  0.296521  0.370702 -29.8777595     -0.000058    -0.000038    0.000193  0.000167   0.0000089  0.000057   0.000071          0.     0.000     0.000     0.000     0.000         0      0      0      0.000000  0.000000   0.001192      0          0        0.000000  0.000000   0.000031      0           0
   50338.701  0.290097  0.296363 -29.9023478      0.000037     0.000146    0.000191  0.000163   0.0000130  0.000109   0.000126          0.     0.000     0.000     0.000     0.000         0      0      0      0.000000  0.000000   0.001569      0          0        0.000000  0.000000   0.000030      0           0
   50356.963  0.267423  0.227822 -29.9347335     -0.000079     0.000118    0.000184  0.000156   0.0000140  0.000128   0.000142          0.     0.000     0.000     0.000     0.000         0      0      0      0.000000  0.000000   0.001903      0          0        0.000000  0.000000   0.000039      0           0
   50375.226  0.227234  0.171420 -29.9708426     -0.000056     0.000167    0.000178  0.000152   0.0000130  0.000117   0.000131          0.     0.000     0.000     0.000     0.000         0      0      0      0.000000  0.000000   0.002031      0          0        0.000000  0.000000   0.000044      0           0
   50393.488  0.175224  0.122538 -30.0078646      0.000006     0.000167    0.000179  0.000153   0.0000100  0.000083   0.000098          0.     0.000     0.000     0.000     0.000         0      0      0      0.000000  0.000000   0.002029      0          0        0.000000  0.000000   0.000037      0           0
   50411.750  0.108555  0.096559 -30.0432557      0.000042     0.000153    0.000182  0.000156   0.0000118  0.000090   0.000108          0.     0.000     0.000     0.000     0.000         0      0      0      0.000000  0.000000   0.001833      0          0        0.000000  0.000000   0.000039      0           0
   50430.012  0.041029  0.086588 -30.0754551     -0.000058    -0.000043    0.000183  0.000155   0.0000190  0.000133   0.000184          0.     0.000     0.000     0.000     0.000         0      0      0      0.000000  0.000000   0.001755      0          0        0.000000  0.000000   0.000036      0           0
   50448.274 -0.019696  0.095343 -30.1102324      0.000075     0.000037    0.000163  0.000152   0.0000263  0.000103   0.000111          0.     0.000     0.000     0.000     0.000         0      0      0      0.000000  0.000000   0.001974      0          0        0.000000  0.000000   0.000029      0           0
   50466.536 -0.074506  0.119517 -30.1447147      0.000099    -0.000085    0.000142  0.000147   0.0000174  0.000075   0.000068          0.     0.000     0.000     0.000     0.000         0      0      0      0.000000  0.000000   0.001796      0          0        0.000000  0.000000   0.000022      0           0
   50484.798 -0.123051  0.156820 -30.1741535      0.000038     0.000001    0.000134  0.000138   0.0000120  0.000201   0.000264          0.     0.000     0.000     0.000     0.000         0      0      0      0.000000  0.000000   0.001495      0          0        0.000000  0.000000   0.000021      0           0
   50503.060 -0.162283  0.205040 -30.2059478      0.000034    -0.000053    0.000141  0.000146   0.0000150  0.000116   0.000134          0.     0.000     0.000     0.000     0.000         0      0      0      0.000000  0.000000   0.002004      0          0        0.000000  0.000000   0.000021      0           0
   50521.322 -0.186549  0.264066 -30.2468450     -0.000033    -0.000172    0.000150  0.000153   0.0000160  0.000299   0.000265          0.     0.000     0.000     0.000     0.000         0      0      0      0.000000  0.000000   0.002505      0          0        0.000000  0.000000   0.000022      0           0
   50539.584 -0.189112  0.331998 -30.2939481      0.000014    -0.000181    0.000152  0.000157   0.0000230  0.000081   0.000081          0.     0.000     0.000     0.000     0.000         0      0      0      0.000000  0.000000   0.002535      0          0        0.000000  0.000000   0.000020      0           0
   50557.847 -0.175320  0.396981 -30.3387344     -0.000122    -0.000085    0.000143  0.000148   0.0000160  0.000156   0.000139          0.     0.000     0.000     0.000     0.000         0      0      0      0.000000  0.000000   0.002321      0          0        0.000000  0.000000   0.000018      0           0
   50576.109 -0.145326  0.452558 -30.3782877     -0.000129    -0.000145    0.000136  0.000141   0.0000240  0.000165   0.000149          0.     0.000     0.000     0.000     0.000         0      0      0      0.000000  0.000000   0.002128      0          0        0.000000  0.000000   0.000018      0           0
   50594.371 -0.098304  0.498427 -30.4171538     -0.000181    -0.000250    0.000140  0.000144   0.0000206  0.000102   0.000108          0.     0.000     0.000     0.000     0.000         0      0      0      0.000000  0.000000   0.002123      0          0        0.000000  0.000000   0.000021      0           0
   50612.633 -0.048720  0.525437 -30.4520356      0.000047     0.000090    0.000140  0.000147   0.0000226  0.000106   0.000105          0.     0.000     0.000     0.000     0.000         0      0      0      0.000000  0.000000   0.001542      0          0        0.000000  0.000000   0.000019      0           0
   50630.895  0.022786  0.536331 -30.4725005      0.000040    -0.000028    0.000138  0.000144   0.0000270  0.000073   0.000077          0.     0.000     0.000     0.000     0.000         0      0      0      0.000000  0.000000   0.000852      0          0        0.000000  0.000000   0.000019      0           0
   50649.157  0.089413  0.526638 -30.4915392     -0.000352    -0.000051    0.000145  0.000148   0.0000241  0.000241   0.000203          0.     0.000     0.000     0.000     0.000         0      0      0      0.000000  0.000000   0.001374      0          0        0.000000  0.000000   0.000022      0           0
   50667.419  0.140502  0.504317 -30.5191682     -0.000253    -0.000061    0.000146  0.000151   0.0000279  0.000085   0.000083          0.     0.000     0.000     0.000     0.000         0      0      0      0.000000  0.000000   0.001460      0          0        0.000000  0.000000   0.000022      0           0
   50685.681  0.180784  0.468130 -30.5446268      0.000215    -0.000144    0.000147  0.000152   0.0000260  0.000103   0.000098          0.     0.000     0.000     0.000     0.000         0      0      0      0.000000  0.000000   0.001476      0          0        0.000000  0.000000   0.000024      0           0
   50703.943  0.215914  0.429600 -30.5738354     -0.000179     0.000108    0.000148  0.000151   0.0000220  0.000094   0.000092          0.     0.000     0.000     0.000     0.000         0      0      0      0.000000  0.000000   0.001711      0          0        0.000000  0.000000   0.000023      0           0
   50722.205  0.221371  0.379141 -30.6090852     -0.000042     0.000024    0.000144  0.000145   0.0000220  0.000093   0.000090          0.     0.000     0.000     0.000     0.000         0      0      0      0.000000  0.000000   0.002095      0          0        0.000000  0.000000   0.000022      0           0
   50740.468  0.226435  0.329553 -30.6469903     -0.000181     0.000268    0.000140  0.000144   0.0000190  0.000097   0.000095          0.     0.000     0.000     0.000     0.000         0      0      0      0.000000  0.000000   0.002023      0          0        0.000000  0.000000   0.000019      0           0
   50758.730  0.214941  0.278761 -30.6859994     -0.000109     0.000165    0.000142  0.000146   0.0000220  0.000083   0.000081          0.     0.000     0.000     0.000     0.000         0      0      0      0.000000  0.000000   0.002243      0          0        0.000000  0.000000   0.000021      0           0
   50776.992  0.189536  0.235611 -30.7213949     -0.000033     0.000074    0.000148  0.000151   0.0000220  0.000101   0.000104          0.     0.000     0.000     0.000     0.000         0      0      0      0.000000  0.000000   0.001631      0          0        0.000000  0.000000   0.000022      0           0
   50795.254  0.150175  0.201122 -30.7520242      0.000085     0.000066    0.000138  0.000142   0.0000158  0.000089   0.000089          0.     0.000     0.000     0.000     0.000         0      0      0      0.000000  0.000000   0.001764      0          0        0.000000  0.000000   0.000018      0           0
   50813.516  0.104135  0.175433 -30.7822545     -0.000042     0.000124    0.000125  0.000122   0.0000150  0.000103   0.000095          0.     0.000     0.000     0.000     0.000         0      0      0      0.000000  0.000000   0.001550      0          0        0.000000  0.000000   0.000022      0           0
   50831.778  0.051641  0.167305 -30.8120302     -0.000022    -0.000008    0.000094  0.000085   0.0000122  0.000112   0.000101          0.     0.000     0.000     0.000     0.000         0      0      0      0.000000  0.000000   0.001766      0          0        0.000000  0.000000   0.000023      0           0
   50850.040 -0.004199  0.172601 -30.8486507      0.000028     0.000063    0.000104  0.000098   0.0000210  0.000122   0.000110          0.     0.000     0.000     0.000     0.000         0      0      0      0.000000  0.000000   0.002184      0          0        0.000000  0.000000   0.000021      0           0
   50868.302 -0.049782  0.187666 -30.8867395     -0.000058    -0.000051    0.000100  0.000094   0.0000183  0.000103   0.000091          0.     0.000     0.000     0.000     0.000         0      0      0      0.000000  0.000000   0.002044      0          0        0.000000  0.000000   0.000020      0           0
   50886.564 -0.080849  0.219247 -30.9252490     -0.000043     0.000054    0.000099  0.000090   0.0000184  0.000101   0.000090          0.     0.000     0.000     0.000     0.000         0      0      0      0.000000  0.000000   0.002107      0          0        0.000000  0.000000   0.000020      0           0
   50904.827 -0.110158  0.253847 -30.9625079      0.000069    -0.000083    0.000102  0.000093   0.0000190  0.000267   0.000244          0.     0.000     0.000     0.000     0.000         0      0      0      0.000000  0.000000   0.002013      0          0        0.000000  0.000000   0.000021      0           0
   50923.089 -0.113971  0.301665 -30.9990335      0.000079    -0.000018    0.000091  0.000084   0.0000170  0.000095   0.000082          0.     0.000     0.000     0.000     0.000         0      0      0      0.000000  0.000000   0.001977      0          0        0.000000  0.000000   0.000019      0           0
   50941.351 -0.113581  0.343866 -31.0340654      0.000030    -0.000152    0.000092  0.000085   0.0000190  0.000121   0.000109          0.     0.000     0.000     0.000     0.000         0      0      0      0.000000  0.000000   0.001840      0          0        0.000000  0.000000   0.000020      0           0
   50959.613 -0.107707  0.382729 -31.0670841     -0.000020    -0.000091    0.000083  0.000077   0.0000241  0.000103   0.000092          0.     0.000     0.000     0.000     0.000         0      0      0      0.000000  0.000000   0.001678      0          0        0.000000  0.000000   0.000020      0           0
   50977.875 -0.098758  0.414617 -31.0898757      0.000090    -0.000091    0.000084  0.000078   0.0000240  0.000104   0.000095          0.     0.000     0.000     0.000     0.000         0      0      0      0.000000  0.000000   0.000811      0          0        0.000000  0.000000   0.000020      0           0
   50996.137 -0.065291  0.441048 -31.1007056     -0.000106    -0.000017    0.000088  0.000081   0.0000220  0.000103   0.000091          0.     0.000     0.000     0.000     0.000         0      0      0      0.000000  0.000000   0.000484      0          0        0.000000  0.000000   0.000020      0           0
   51014.399 -0.021327  0.465679 -31.1073263     -0.000117    -0.000119    0.000087  0.000080   0.0000255  0.000120   0.000103          0.     0.000     0.000     0.000     0.000         0      0      0      0.000000  0.000000   0.000311      0          0        0.000000  0.000000   0.000021      0           0
   51032.661  0.017975  0.478425 -31.1157616     -0.000160    -0.000153    0.000091  0.000085   0.0000273  0.000109   0.000094          0.     0.000     0.000     0.000     0.000         0      0      0      0.000000  0.000000   0.000548      0          0        0.000000  0.000000   0.000021      0           0
   51050.923  0.058403  0.476670 -31.1250912     -0.000252    -0.000161    0.000094  0.000086   0.0000180  0.000112   0.000097          0.     0.000     0.000     0.000     0.000         0      0      0      0.000000  0.000000   0.000623      0          0        0.000000  0.000000   0.000021      0           0
   51069.185  0.097791  0.466290 -31.1405061     -0.000064    -0.000098    0.000101  0.000091   0.0000210  0.000096   0.000083          0.     0.000     0.000     0.000     0.000         0      0      0      0.000000  0.000000   0.000960      0          0        0.000000  0.000000   0.000021      0           0
   51087.448  0.126879  0.444775 -31.1603212     -0.000111     0.000000    0.000093  0.000086   0.0000156  0.000105   0.000091          0.     0.000     0.000     0.000     0.000         0      0      0      0.000000  0.000000   0.001250      0          0        0.000000  0.000000   0.000020      0           0
   51105.710  0.148953  0.418038 -31.1857984      0.000064    -0.000001    0.000094  0.000086   0.0000207  0.000114   0.000101          0.     0.000     0.000     0.000     0.000         0      0      0      0.000000  0.000000   0.001489      0          0        0.000000  0.000000   0.000021      0           0
   51123.972  0.163870  0.387662 -31.2135705     -0.000131     0.000094    0.000097  0.000089   0.0000180  0.000119   0.000103          0.     0.000     0.000     0.000     0.000         0      0      0      0.000000  0.000000   0.001548      0          0        0.000000  0.000000   0.000022      0           0
   51142.234  0.156105  0.350552 -31.2415745     -0.000118     0.000114    0.000088  0.000081   0.0000160  0.000097   0.000087          0.     0.000     0.000     0.000     0.000         0      0      0      0.000000  0.000000   0.001472      0          0        0.000000  0.000000   0.000023      0           0
   51160.496  0.139174  0.321887 -31.2646198     -0.000085     0.000102    0.000092  0.000084   0.0000151  0.000098   0.000088          0.     0.000     0.000     0.000     0.000         0      0      0      0.000000  0.000000   0.001064      0          0        0.000000  0.000000   0.000020      0           0
   51178.758  0.140299  0.296133 -31.2824588     -0.000030    -0.000100    0.000093  0.000077   0.0000130  0.000108   0.000100          0.     0.000     0.000     0.000     0.000         0      0      0      0.000000  0.000000   0.000955      0          0        0.000000  0.000000   0.000022      0           0
   51197.020  0.120287  0.272324 -31.2996327     -0.000061     0.000134    0.000101  0.000083   0.0000160  0.000122   0.000120          0.     0.000     0.000     0.000     0.000         0      0      0      0.000000  0.000000   0.000929      0          0        0.000000  0.000000   0.000023      0           0
   51215.282  0.099628  0.253163 -31.3200908     -0.000038     0.000042    0.000111  0.000093   0.0000340  0.000112   0.000109          0.     0.000     0.000     0.000     0.000         0      0      0      0.000000  0.000000   0.001279      0          0        0.000000  0.000000   0.000023      0           0
   51233.544  0.075430  0.244298 -31.3427656     -0.000105     0.000009    0.000108  0.000086   0.0000229  0.000106   0.000098          0.     0.000     0.000     0.000     0.000         0      0      0      0.000000  0.000000   0.001110      0          0        0.000000  0.000000   0.000022      0           0
   51251.806  0.055285  0.240643 -31.3614146     -0.000048     0.000085    0.000103  0.000085   0.0000170  0.000109   0.000103          0.     0.000     0.000     0.000     0.000         0      0      0      0.000000  0.000000   0.001115      0          0        0.000000  0.000000   0.000024      0           0
   51270.069  0.024494  0.240371 -31.3849720      0.000073     0.000005    0.000090  0.000074   0.0000191  0.000111   0.000107          0.     0.000     0.000     0.000     0.000         0      0      0      0.000000  0.000000   0.001398      0          0        0.000000  0.000000   0.000025      0           0
   51288.331  0.000939  0.248444 -31.4110458      0.000010    -0.000013    0.000090  0.000072   0.0000210  0.000117   0.000115          0.     0.000     0.000     0.000     0.000         0      0      0      0.000000  0.000000   0.001421      0          0        0.000000  0.000000   0.000022      0           0
   51306.593 -0.016860  0.263409 -31.4349951     -0.000016    -0.000079    0.000087  0.000071   0.0000160  0.000129   0.000123          0.     0.000     0.000     0.000     0.000         0      0      0      0.000000  0.000000   0.001135      0          0        0.000000  0.000000   0.000021      0           0
   51324.855 -0.022702  0.281694 -31.4551706     -0.000021     0.000073    0.000085  0.000069   0.0000160  0.000165   0.000154          0.     0.000     0.000     0.000     0.000         0      0      0      0.000000  0.000000   0.001091      0          0        0.000000  0.000000   0.000020      0           0
   51343.117 -0.031894  0.296875 -31.4725508     -0.000032    -0.000019    0.000086  0.000070   0.0000220  0.000104   0.000103          0.     0.000     0.000     0.000     0.000         0      0      0      0.000000  0.000000   0.000776      0          0        0.000000  0.000000   0.000022      0           0
   51361.379 -0.030815  0.312256 -31.4814950     -0.000008    -0.000036    0.000086  0.000070   0.0000190  0.000105   0.000101          0.     0.000     0.000     0.000     0.000         0      0      0      0.000000  0.000000   0.000246      0          0        0.000000  0.000000   0.000022      0           0
   51379.641 -0.024686  0.330462 -31.4868846     -0.000084     0.000094    0.000087  0.000073   0.0000207  0.000117   0.000112          0.     0.000     0.000     0.000     0.000         0      0      0      0.000000  0.000000   0.000377      0          0        0.000000  0.000000   0.000021      0           0
   51397.903 -0.015519  0.344674 -31.4937907      0.000041    -0.000166    0.000085  0.000070   0.0000170  0.000122   0.000114          0.     0.000     0.000     0.000     0.000         0      0      0      0.000000  0.000000   0.000376      0          0        0.000000  0.000000   0.000022      0           0
   51416.165 -0.008261  0.361048 -31.5036886      0.000070    -0.000055    0.000094  0.000074   0.0000180  0.000105   0.000100          0.     0.000     0.000     0.000     0.000         0      0      0      0.000000  0.000000   0.000760      0          0        0.000000  0.000000   0.000023      0           0
   51434.427  0.001636  0.371199 -31.5172301      0.000073    -0.000186    0.000090  0.000073   0.0000180  0.000112   0.000105          0.     0.000     0.000     0.000     0.000         0      0      0      0.000000  0.000000   0.000648      0          0        0.000000  0.000000   0.000022      0           0
   51452.690  0.007311  0.379818 -31.5307908      0.000049    -0.000031    0.000090  0.000073   0.0000120  0.000112   0.000111          0.     0.000     0.000     0.000     0.000         0      0      0      0.000000  0.000000   0.000902      0          0        0.000000  0.000000   0.000024      0           0
   51470.952  0.016063  0.383456 -31.5511043      0.000076    -0.000153    0.000088  0.000070   0.0000500  0.000105   0.000102          0.     0.000     0.000     0.000     0.000         0      0      0      0.000000  0.000000   0.001268      0          0        0.000000  0.000000   0.000021      0           0
   51489.214  0.024802  0.379674 -31.5761272      0.000010     0.000026    0.000096  0.000078   0.0000120  0.000183   0.000198          0.     0.000     0.000     0.000     0.000         0      0      0      0.000000  0.000000   0.001462      0          0        0.000000  0.000000   0.000020      0           0
   51507.476  0.032690  0.377864 -31.6017770      0.000106    -0.000179    0.000087  0.000071   0.0000170  0.000100   0.000094          0.     0.000     0.000     0.000     0.000         0      0      0      0.000000  0.000000   0.001208      0          0        0.000000  0.000000   0.000022      0           0
   51525.738  0.036880  0.381098 -31.6231855      0.000055    -0.000033    0.000083  0.000068   0.0000150  0.000109   0.000109          0.     0.000     0.000     0.000     0.000         0      0      0      0.000000  0.000000   0.001200      0          0        0.000000  0.000000   0.000022      0           0
   51544.000  0.041693  0.377524 -31.6431530      0.000086    -0.000115    0.000082  0.000066   0.0000230  0.000124   0.000109          0.     0.000     0.000     0.000     0.000         0      0      0      0.000000  0.000000   0.000926      0          0        0.000000  0.000000   0.000025      0           0
   51562.262  0.051499  0.376044 -31.6585476      0.000041     0.000028    0.000084  0.000067   0.0000350  0.000113   0.000094          0.     0.000     0.000     0.000     0.000         0      0      0      0.000000  0.000000   0.000897      0          0        0.000000  0.000000   0.000022      0           0
   51580.524  0.061479  0.373385 -31.6761654     -0.000209    -0.000074    0.000085  0.000067   0.0000245  0.000272   0.000266          0.     0.000     0.000     0.000     0.000         0      0      0      0.000000  0.000000   0.000905      0          0        0.000000  0.000000   0.000022      0           0
   51598.786  0.067783  0.365151 -31.6915544     -0.000062    -0.000145    0.000083  0.000064   0.0000398  0.000144   0.000115          0.     0.000     0.000     0.000     0.000         0      0      0      0.000000  0.000000   0.000909      0          0        0.000000  0.000000   0.000021      0           0
   51617.048  0.072624  0.357154 -31.7096589     -0.000092    -0.000055    0.000087  0.000069   0.0000359  0.000123   0.000104          0.     0.000     0.000     0.000     0.000         0      0      0      0.000000  0.000000   0.000944      0          0        0.000000  0.000000   0.000025      0           0
   51635.310  0.075188  0.346900 -31.7251259     -0.000074    -0.000054    0.000088  0.000067   0.0000353  0.000162   0.000136          0.     0.000     0.000     0.000     0.000         0      0      0      0.000000  0.000000   0.000862      0          0        0.000000  0.000000   0.000024      0           0
   51653.573  0.082936  0.342766 -31.7436157      0.000062    -0.000010    0.000077  0.000059   0.0000308  0.000125   0.000103          0.     0.000     0.000     0.000     0.000         0      0      0      0.000000  0.000000   0.001145      0          0        0.000000  0.000000   0.000025      0           0
   51671.835  0.088662  0.332935 -31.7637318      0.000023     0.000126    0.000073  0.000057   0.0000270  0.000196   0.000158          0.     0.000     0.000     0.000     0.000         0      0      0      0.000000  0.000000   0.001047      0          0        0.000000  0.000000   0.000024      0           0
   51690.097  0.097979  0.322188 -31.7811938     -0.000042    -0.000225    0.000072  0.000057   0.0000390  0.000177   0.000158          0.     0.000     0.000     0.000     0.000         0      0      0      0.000000  0.000000   0.000760      0          0        0.000000  0.000000   0.000022      0           0
   51708.359  0.112537  0.304798 -31.7918602     -0.000073    -0.000048    0.000074  0.000058   0.0000497  0.000390   0.000362          0.     0.000     0.000     0.000     0.000         0      0      0      0.000000  0.000000   0.000428      0          0        0.000000  0.000000   0.000025      0           0
   51726.621  0.108852  0.279897 -31.7959739     -0.000029     0.000107    0.000073  0.000058   0.0000304  0.000157   0.000120          0.     0.000     0.000     0.000     0.000         0      0      0      0.000000  0.000000   0.000179      0          0        0.000000  0.000000   0.000024      0           0
   51744.883  0.096271  0.261911 -31.8003740      0.000008     0.000033    0.000074  0.000059   0.0000399  0.000137   0.000116          0.     0.000     0.000     0.000     0.000         0      0      0      0.000000  0.000000   0.000070      0          0        0.000000  0.000000   0.000023      0           0
   51763.145  0.082259  0.248588 -31.7995360     -0.000091    -0.000067    0.000076  0.000059   0.0000614  0.000231   0.000213          0.     0.000     0.000     0.000     0.000         0      0      0      0.000000  0.000000   0.000057      0          0        0.000000  0.000000   0.000023      0           0
   51781.407  0.059074  0.243071 -31.8053913     -0.000081     0.000195    0.000077  0.000060   0.0000589  0.000366   0.000376          0.     0.000     0.000     0.000     0.000         0      0      0      0.000000  0.000000   0.000530      0          0        0.000000  0.000000   0.000022      0           0
   51799.669  0.025809  0.240624 -31.8140058      0.000076     0.000068    0.000074  0.000059   0.0000266  0.000241   0.000197          0.     0.000     0.000     0.000     0.000         0      0      0      0.000000  0.000000   0.000396      0          0        0.000000  0.000000   0.000022      0           0
   51817.931 -0.006167  0.246748 -31.8236806      0.000099     0.000151    0.000073  0.000056   0.0000469  0.000133   0.000113          0.     0.000     0.000     0.000     0.000         0      0      0      0.000000  0.000000   0.000690      0          0        0.000000  0.000000   0.000023      0           0
   51836.194 -0.035542  0.262829 -31.8399156     -0.000075     0.000030    0.000075  0.000058   0.0000338  0.000133   0.000116          0.     0.000     0.000     0.000     0.000         0      0      0      0.000000  0.000000   0.001121      0          0        0.000000  0.000000   0.000023      0           0
   51854.456 -0.059967  0.292182 -31.8618393      0.000258    -0.000396    0.000074  0.000058   0.0000164  0.000136   0.000116          0.     0.000     0.000     0.000     0.000         0      0      0      0.000000  0.000000   0.001099      0          0        0.000000  0.000000   0.000024      0           0
   51872.718 -0.077681  0.325331 -31.8780524      0.000040     0.000167    0.000074  0.000058   0.0000330  0.000262   0.000210          0.     0.000     0.000     0.000     0.000         0      0      0      0.000000  0.000000   0.000864      0          0        0.000000  0.000000   0.000022      0           0
   51890.980 -0.081544  0.358042 -31.8951215      0.000193    -0.000036    0.000075  0.000058   0.0000250  0.000132   0.000111          0.     0.000     0.000     0.000     0.000         0      0      0      0.000000  0.000000   0.000821      0          0        0.000000  0.000000   0.000021      0           0
   51909.242 -0.073971  0.396545 -31.9075895      0.000151    -0.000182    0.000074  0.000060   0.0000483  0.000522   0.000437          0.     0.000     0.000     0.000     0.000         0      0      0      0.000000  0.000000   0.000645      0          0        0.000000  0.000000   0.000023      0           0
   51927.504 -0.061210  0.426862 -31.9177372      0.000012    -0.000232    0.000073  0.000061   0.0000176  0.000042   0.000079          0.     0.000     0.000     0.000     0.000         0      0      0      0.000000  0.000000   0.000472      0          0        0.000000  0.000000   0.000022      0           0
   51945.766 -0.032972  0.452218 -31.9243449      0.000270    -0.000118    0.000075  0.000061   0.0000273  0.000095   0.000130          0.     0.000     0.000     0.000     0.000         0      0      0      0.000000  0.000000   0.000349      0          0        0.000000  0.000000   0.000023      0           0
   51964.028  0.002929  0.475818 -31.9385287      0.000131    -0.000110    0.000078  0.000065   0.0000180  0.000098   0.000140          0.     0.000     0.000     0.000     0.000         0      0      0      0.000000  0.000000   0.001163      0          0        0.000000  0.000000   0.000022      0           0
   51982.290  0.044400  0.487126 -31.9592541      0.000154    -0.000179    0.000079  0.000063   0.0000170  0.000091   0.000116          0.     0.000     0.000     0.000     0.000         0      0      0      0.000000  0.000000   0.000964      0          0        0.000000  0.000000   0.000022      0           0
   52000.552  0.091530  0.489544 -31.9753833      0.000097    -0.000304    0.000081  0.000064   0.0000130  0.000076   0.000100          0.     0.000     0.000     0.000     0.000         0      0      0      0.000000  0.000000   0.000898      0          0        0.000000  0.000000   0.000022      0           0
   52018.815  0.137657  0.477964 -31.9909412     -0.000088    -0.000185    0.000075  0.000062   0.0000230  0.000074   0.000100          0.     0.000     0.000     0.000     0.000         0      0      0      0.000000  0.000000   0.000791      0          0        0.000000  0.000000   0.000022      0           0
   52037.077  0.179476  0.452616 -32.0073301     -0.000122    -0.000157    0.000074  0.000061   0.0000189  0.000138   0.000192          0.     0.000     0.000     0.000     0.000         0      0      0      0.000000  0.000000   0.001046      0          0        0.000000  0.000000   0.000021      0           0
   52055.339  0.215540  0.409346 -32.0232222     -0.000155    -0.000156    0.000071  0.000059   0.0000099  0.000075   0.000103          0.     0.000     0.000     0.000     0.000         0      0      0      0.000000  0.000000   0.000469      0          0        0.000000  0.000000   0.000020      0           0
   52073.601  0.242885  0.359554 -32.0254549     -0.000127    -0.000128    0.000072  0.000061   0.0000160  0.000089   0.000120          0.     0.000     0.000     0.000     0.000         0      0      0      0.000000  0.000000  -0.000023      0          0        0.000000  0.000000   0.000021      0           0
   52091.863  0.253052  0.305350 -32.0263250     -0.000080    -0.000097    0.000074  0.000062   0.0000121  0.000078   0.000105          0.     0.000     0.000     0.000     0.000         0      0      0      0.000000  0.000000   0.000125      0          0        0.000000  0.000000   0.000019      0           0
   52110.125  0.247449  0.249732 -32.0259167     -0.000225    -0.000062    0.000072  0.000059   0.0000220  0.000179   0.000206          0.     0.000     0.000     0.000     0.000         0      0      0      0.000000  0.000000  -0.000267      0          0        0.000000  0.000000   0.000019      0           0
   52128.387  0.220634  0.200032 -32.0216726     -0.000176    -0.000010    0.000076  0.000064   0.0000150  0.000078   0.000104          0.     0.000     0.000     0.000     0.000         0      0      0      0.000000  0.000000   0.000019      0          0        0.000000  0.000000   0.000021      0           0
   52146.649  0.175366  0.159190 -32.0261938     -0.000128     0.000019    0.000079  0.000066   0.0000171  0.000080   0.000107          0.     0.000     0.000     0.000     0.000         0      0      0      0.000000  0.000000   0.000323      0          0        0.000000  0.000000   0.000020      0           0
   52164.911  0.125078  0.132679 -32.0313354     -0.000250     0.000094    0.000077  0.000062   0.0000170  0.000080   0.000109          0.     0.000     0.000     0.000     0.000         0      0      0      0.000000  0.000000   0.000255      0          0        0.000000  0.000000   0.000020      0           0
   52183.173  0.064880  0.118534 -32.0390155     -0.000083     0.000143    0.000076  0.000061   0.0000210  0.000082   0.000111          0.     0.000     0.000     0.000     0.000         0      0      0      0.000000  0.000000   0.000651      0          0        0.000000  0.000000   0.000020      0           0
   52201.436  0.000639  0.121114 -32.0541239     -0.000017     0.000325    0.000075  0.000062   0.0000150  0.000081   0.000105          0.     0.000     0.000     0.000     0.000         0      0      0      0.000000  0.000000   0.000936      0          0        0.000000  0.000000   0.000019      0           0
   52219.698 -0.059678  0.141955 -32.0706462      0.000079     0.000198    0.000075  0.000062   0.0000254  0.000139   0.000265          0.     0.000     0.000     0.000     0.000         0      0      0      0.000000  0.000000   0.000885      0          0        0.000000  0.000000   0.000020      0           0
   52237.960 -0.102135  0.180712 -32.0873481      0.000107     0.000039    0.000074  0.000060   0.0000140  0.000087   0.000131          0.     0.000     0.000     0.000     0.000         0      0      0      0.000000  0.000000   0.000820      0          0        0.000000  0.000000   0.000019      0           0
   52256.222 -0.152793  0.228192 -32.0994214      0.000066     0.000143    0.000075  0.000063   0.0000130  0.000078   0.000108          0.     0.000     0.000     0.000     0.000         0      0      0      0.000000  0.000000   0.000689      0          0        0.000000  0.000000   0.000019      0           0
   52274.484 -0.177715  0.290993 -32.1161099      0.000029    -0.000014    0.000075  0.000063   0.0000150  0.000084   0.000101          0.     0.000     0.000     0.000     0.000         0      0      0      0.000000  0.000000   0.000974      0          0        0.000000  0.000000   0.000021      0           0
   52292.746 -0.179802  0.348734 -32.1277255      0.000222    -0.000125    0.000076  0.000064   0.0000060  0.000048   0.000053          0.     0.000     0.000     0.000     0.000         0      0      0      0.000000  0.000000   0.000411      0          0        0.000000  0.000000   0.000023      0           0
   52311.008 -0.163334  0.407088 -32.1397220      0.000199    -0.000083    0.000076  0.000064   0.0000230  0.000267   0.000262          0.     0.000     0.000     0.000     0.000         0      0      0      0.000000  0.000000   0.000876      0          0        0.000000  0.000000   0.000023      0           0
   52329.270 -0.134843  0.461975 -32.1563525      0.000167    -0.000214    0.000076  0.000063   0.0000127  0.000113   0.000135          0.     0.000     0.000     0.000     0.000         0      0      0      0.000000  0.000000   0.000976      0          0        0.000000  0.000000   0.000023      0           0
   52347.532 -0.088403  0.513499 -32.1740329      0.000199    -0.000173    0.000078  0.000064   0.0000081  0.000062   0.000065          0.     0.000     0.000     0.000     0.000         0      0      0      0.000000  0.000000   0.000865      0          0        0.000000  0.000000   0.000022      0           0
   52365.795 -0.027671  0.542056 -32.1884395      0.000156    -0.000141    0.000076  0.000064   0.0000120  0.000105   0.000120          0.     0.000     0.000     0.000     0.000         0      0      0      0.000000  0.000000   0.000794      0          0        0.000000  0.000000   0.000023      0           0
   52384.057  0.028914  0.554468 -32.2020043      0.000133    -0.000161    0.000074  0.000064   0.0000080  0.000062   0.000068          0.     0.000     0.000     0.000     0.000         0      0      0      0.000000  0.000000   0.000640      0          0        0.000000  0.000000   0.000021      0           0
   52402.319  0.091889  0.550172 -32.2140313      0.000111    -0.000192    0.000070  0.000059   0.0000090  0.000069   0.000075          0.     0.000     0.000     0.000     0.000         0      0      0      0.000000  0.000000   0.000772      0          0        0.000000  0.000000   0.000021      0           0
   52420.581  0.142547  0.534064 -32.2288297      0.000011    -0.000111    0.000073  0.000062   0.0000080  0.000070   0.000075          0.     0.000     0.000     0.000     0.000         0      0      0      0.000000  0.000000   0.000596      0          0        0.000000  0.000000   0.000022      0           0
   52438.843  0.193920  0.504613 -32.2299148     -0.000009    -0.000215    0.000073  0.000064   0.0000090  0.000073   0.000080          0.     0.000     0.000     0.000     0.000         0      0      0      0.000000  0.000000  -0.000286      0          0        0.000000  0.000000   0.000021      0           0
   52457.105  0.228531  0.458331 -32.2296840      0.000090    -0.000308    0.000071  0.000061   0.0000110  0.000072   0.000077          0.     0.000     0.000     0.000     0.000         0      0      0      0.000000  0.000000   0.000238      0          0        0.000000  0.000000   0.000022      0           0
   52475.367  0.243595  0.403824 -32.2311940      0.000005    -0.000222    0.000069  0.000059   0.0000080  0.000069   0.000076          0.     0.000     0.000     0.000     0.000         0      0      0      0.000000  0.000000  -0.000172      0          0        0.000000  0.000000   0.000021      0           0
   52493.629  0.257186  0.349022 -32.2254350     -0.000049    -0.000241    0.000072  0.000061   0.0000090  0.000075   0.000080          0.     0.000     0.000     0.000     0.000         0      0      0      0.000000  0.000000  -0.000266      0          0        0.000000  0.000000   0.000022      0           0
   52511.891  0.256205  0.295856 -32.2249356     -0.000121    -0.000207    0.000073  0.000060   0.0000080  0.000069   0.000074          0.     0.000     0.000     0.000     0.000         0      0      0      0.000000  0.000000   0.000132      0          0        0.000000  0.000000   0.000021      0           0
   52530.153  0.236057  0.242567 -32.2287788     -0.000136    -0.000216    0.000073  0.000059   0.0000140  0.000089   0.000090          0.     0.000     0.000     0.000     0.000         0      0      0      0.000000  0.000000   0.000305      0          0        0.000000  0.000000   0.000020      0           0
   52548.416  0.197499  0.200090 -32.2342468     -0.000052    -0.000075    0.000073  0.000061   0.0000094  0.000071   0.000076          0.     0.000     0.000     0.000     0.000         0      0      0      0.000000  0.000000   0.000302      0          0        0.000000  0.000000   0.000021      0           0
   52566.678  0.151535  0.165261 -32.2428237     -0.000085    -0.000052    0.000069  0.000058   0.0000100  0.000072   0.000075          0.     0.000     0.000     0.000     0.000         0      0      0      0.000000  0.000000   0.000630      0          0        0.000000  0.000000   0.000021      0           0
   52584.940  0.084934  0.147029 -32.2534827     -0.000168    -0.000088    0.000073  0.000060   0.0000119  0.000075   0.000085          0.     0.000     0.000     0.000     0.000         0      0      0      0.000000  0.000000   0.000487      0          0        0.000000  0.000000   0.000022      0           0
   52603.202  0.022898  0.141576 -32.2627470     -0.000152    -0.000098    0.000070  0.000060   0.0000128  0.000098   0.000099          0.     0.000     0.000     0.000     0.000         0      0      0      0.000000  0.000000   0.000635      0          0        0.000000  0.000000   0.000021      0           0
   52621.464 -0.038639  0.153021 -32.2763928     -0.000131    -0.000066    0.000071  0.000060   0.0000084  0.000063   0.000069          0.     0.000     0.000     0.000     0.000         0      0      0      0.000000  0.000000   0.000764      0          0        0.000000  0.000000   0.000021      0           0
   52639.726 -0.089280  0.187429 -32.2882577     -0.000144     0.000050    0.000070  0.000060   0.0000160  0.000064   0.000071          0.     0.000     0.000     0.000     0.000         0      0      0      0.000000  0.000000   0.000624      0          0        0.000000  0.000000   0.000025      0           0
   52657.988 -0.127667  0.229233 -32.3004325     -0.000167    -0.000014    0.000071  0.000061   0.0000170  0.000167   0.000176          0.     0.000     0.000     0.000     0.000         0      0      0      0.000000  0.000000   0.000538      0          0        0.000000  0.000000   0.000022      0           0
   52676.250 -0.148406  0.278397 -32.3078019     -0.000077     0.000012    0.000074  0.000063   0.0000070  0.000061   0.000061          0.     0.000     0.000     0.000     0.000         0      0      0      0.000000  0.000000   0.000496      0          0        0.000000  0.000000   0.000023      0           0
   52694.512 -0.154800  0.331449 -32.3188237     -0.000030    -0.000007    0.000074  0.000060   0.0000256  0.000153   0.000167          0.     0.000     0.000     0.000     0.000         0      0      0      0.000000  0.000000   0.000577      0          0        0.000000  0.000000   0.000023      0           0
   52712.774 -0.156331  0.383877 -32.3301381     -0.000040     0.000094    0.000071  0.000059   0.0000072  0.000062   0.000061          0.     0.000     0.000     0.000     0.000         0      0      0      0.000000  0.000000   0.000742      0          0        0.000000  0.000000   0.000022      0           0
   52731.037 -0.131803  0.439539 -32.3438587      0.000051     0.000074    0.000070  0.000060   0.0000150  0.000100   0.000108          0.     0.000     0.000     0.000     0.000         0      0      0      0.000000  0.000000   0.000784      0          0        0.000000  0.000000   0.000021      0           0
   52749.299 -0.094404  0.486663 -32.3571969      0.000041     0.000002    0.000069  0.000058   0.0000157  0.000081   0.000083          0.     0.000     0.000     0.000     0.000         0      0      0      0.000000  0.000000   0.000549      0          0        0.000000  0.000000   0.000022      0           0
   52767.561 -0.044957  0.522389 -32.3654802      0.000076     0.000111    0.000069  0.000059   0.0000099  0.000066   0.000066          0.     0.000     0.000     0.000     0.000         0      0      0      0.000000  0.000000   0.000431      0          0        0.000000  0.000000   0.000021      0           0
   52785.823  0.001675  0.543278 -32.3738314      0.000103     0.000085    0.000071  0.000062   0.0000138  0.000075   0.000091          0.     0.000     0.000     0.000     0.000         0      0      0      0.000000  0.000000   0.000367      0          0        0.000000  0.000000   0.000022      0           0
   52804.085  0.063583  0.547105 -32.3742117      0.000123    -0.000086    0.000068  0.000060   0.0000281  0.000255   0.000239          0.     0.000     0.000     0.000     0.000         0      0      0      0.000000  0.000000  -0.000262      0          0        0.000000  0.000000   0.000020      0           0
   52822.347  0.134666  0.537303 -32.3673186      0.000142    -0.000026    0.000066  0.000057   0.0000069  0.000056   0.000059          0.     0.000     0.000     0.000     0.000         0      0      0      0.000000  0.000000  -0.000541      0          0        0.000000  0.000000   0.000021      0           0
   52840.609  0.191096  0.509156 -32.3570056      0.000099    -0.000174    0.000066  0.000058   0.0000094  0.000088   0.000091          0.     0.000     0.000     0.000     0.000         0      0      0      0.000000  0.000000  -0.000378      0          0        0.000000  0.000000   0.000022      0           0
   52858.871  0.232167  0.464996 -32.3530049      0.000139    -0.000286    0.000067  0.000057   0.0000080  0.000068   0.000069          0.     0.000     0.000     0.000     0.000         0      0      0      0.000000  0.000000  -0.000162      0          0        0.000000  0.000000   0.000021      0           0
   52877.133  0.259718  0.415492 -32.3512292      0.000089    -0.000235    0.000067  0.000056   0.0000060  0.000050   0.000050          0.     0.000     0.000     0.000     0.000         0      0      0      0.000000  0.000000  -0.000028      0          0        0.000000  0.000000   0.000021      0           0
   52895.395  0.264671  0.357176 -32.3523541      0.000063    -0.000175    0.000066  0.000056   0.0000264  0.000278   0.000294          0.     0.000     0.000     0.000     0.000         0      0      0      0.000000  0.000000   0.000137      0          0        0.000000  0.000000   0.000021      0           0
   52913.658  0.257066  0.302276 -32.3566465      0.000002    -0.000205    0.000065  0.000057   0.0000073  0.000061   0.000062          0.     0.000     0.000     0.000     0.000         0      0      0      0.000000  0.000000   0.000346      0          0        0.000000  0.000000   0.000021      0           0
   52931.920  0.227134  0.251075 -32.3649504      0.000042    -0.000181    0.000069  0.000057   0.0000090  0.000078   0.000080          0.     0.000     0.000     0.000     0.000         0      0      0      0.000000  0.000000   0.000518      0          0        0.000000  0.000000   0.000021      0           0
   52950.182  0.196374  0.208076 -32.3721247     -0.000011    -0.000247    0.000069  0.000058   0.0000095  0.000095   0.000095          0.     0.000     0.000     0.000     0.000         0      0      0      0.000000  0.000000   0.000330      0          0        0.000000  0.000000   0.000021      0           0
   52968.444  0.146802  0.174079 -32.3796742     -0.000055    -0.000157    0.000066  0.000057   0.0000487  0.000528   0.000511          0.     0.000     0.000     0.000     0.000         0      0      0      0.000000  0.000000   0.000361      0          0        0.000000  0.000000   0.000021      0           0
   52986.706  0.087649  0.159551 -32.3836771      0.000024    -0.000166    0.000065  0.000056   0.0000080  0.000037   0.000043          0.     0.000     0.000     0.000     0.000         0      0      0      0.000000  0.000000   0.000161      0          0        0.000000  0.000000   0.000021      0           0
   53004.968  0.032004  0.154398 -32.3884038      0.000068    -0.000079    0.000067  0.000058   0.0000210  0.000083   0.000095          0.     0.000     0.000     0.000     0.000         0      0      0      0.000000  0.000000   0.000380      0          0        0.000000  0.000000   0.000022      0           0
   53023.230 -0.013716  0.166859 -32.3987399     -0.000034    -0.000138    0.000072  0.000061   0.0000107  0.000068   0.000072          0.     0.000     0.000     0.000     0.000         0      0      0      0.000000  0.000000   0.000592      0          0        0.000000  0.000000   0.000022      0           0
   53041.492 -0.056672  0.192523 -32.4057894     -0.000022    -0.000125    0.000070  0.000058   0.0000235  0.000112   0.000117          0.     0.000     0.000     0.000     0.000         0      0      0      0.000000  0.000000   0.000298      0          0        0.000000  0.000000   0.000023      0           0
   53059.754 -0.100690  0.228228 -32.4142906     -0.000019    -0.000186    0.000069  0.000057   0.0000100  0.000068   0.000070          0.     0.000     0.000     0.000     0.000         0      0      0      0.000000  0.000000   0.000572      0          0        0.000000  0.000000   0.000023      0           0
   53078.016 -0.126540  0.268686 -32.4219193     -0.000050    -0.000047    0.000067  0.000057   0.0000120  0.000081   0.000080          0.     0.000     0.000     0.000     0.000         0      0      0      0.000000  0.000000   0.000385      0          0        0.000000  0.000000   0.000023      0           0
   53096.279 -0.139213  0.320590 -32.4353775     -0.000040    -0.000049    0.000069  0.000057   0.0000100  0.000067   0.000069          0.     0.000     0.000     0.000     0.000         0      0      0      0.000000  0.000000   0.000971      0          0        0.000000  0.000000   0.000023      0           0
   53114.541 -0.135007  0.374502 -32.4498645      0.000084     0.000131    0.000069  0.000056   0.0000099  0.000067   0.000069          0.     0.000     0.000     0.000     0.000         0      0      0      0.000000  0.000000   0.000532      0          0        0.000000  0.000000   0.000023      0           0
   53132.803 -0.112180  0.423835 -32.4589261      0.000114     0.000018    0.000069  0.000059   0.0000090  0.000067   0.000070          0.     0.000     0.000     0.000     0.000         0      0      0      0.000000  0.000000   0.000647      0          0        0.000000  0.000000   0.000024      0           0
   53151.065 -0.090853  0.459115 -32.4697023      0.000105    -0.000078    0.000067  0.000058   0.0000140  0.000082   0.000088          0.     0.000     0.000     0.000     0.000         0      0      0      0.000000  0.000000   0.000282      0          0        0.000000  0.000000   0.000023      0           0
   53169.327 -0.060674  0.486722 -32.4710111      0.000116     0.000112    0.000066  0.000056   0.0000100  0.000075   0.000081          0.     0.000     0.000     0.000     0.000         0      0      0      0.000000  0.000000   0.000036      0          0        0.000000  0.000000   0.000023      0           0
   53187.589 -0.006354  0.510618 -32.4683193      0.000070    -0.000104    0.000067  0.000058   0.0000101  0.000070   0.000073          0.     0.000     0.000     0.000     0.000         0      0      0      0.000000  0.000000  -0.000412      0          0        0.000000  0.000000   0.000024      0           0
   53205.851  0.041317  0.520330 -32.4593072      0.000111    -0.000068    0.000067  0.000057   0.0000100  0.000083   0.000084          0.     0.000     0.000     0.000     0.000         0      0      0      0.000000  0.000000  -0.000446      0          0        0.000000  0.000000   0.000024      0           0
   53224.113  0.089843  0.514968 -32.4531091      0.000136     0.000021    0.000066  0.000055   0.0000180  0.000099   0.000099          0.     0.000     0.000     0.000     0.000         0      0      0      0.000000  0.000000  -0.000193      0          0        0.000000  0.000000   0.000022      0           0
   53242.375  0.136128  0.505447 -32.4525211      0.000163    -0.000135    0.000066  0.000055   0.0000109  0.000066   0.000067          0.     0.000     0.000     0.000     0.000         0      0      0      0.000000  0.000000   0.000034      0          0        0.000000  0.000000   0.000023      0           0
   53260.637  0.176832  0.471467 -32.4519401      0.000071    -0.000035    0.000067  0.000056   0.0000140  0.000068   0.000071          0.     0.000     0.000     0.000     0.000         0      0      0      0.000000  0.000000  -0.000014      0          0        0.000000  0.000000   0.000022      0           0
   53278.899  0.199142  0.431613 -32.4546960      0.000079    -0.000160    0.000066  0.000054   0.0000101  0.000069   0.000071          0.     0.000     0.000     0.000     0.000         0      0      0      0.000000  0.000000   0.000367      0          0        0.000000  0.000000   0.000022      0           0
   53297.162  0.205415  0.388819 -32.4638369      0.000172    -0.000035    0.000068  0.000056   0.0000130  0.000067   0.000071          0.     0.000     0.000     0.000     0.000         0      0      0      0.000000  0.000000   0.000470      0          0        0.000000  0.000000   0.000022      0           0
   53315.424  0.207995  0.349237 -32.4729030      0.000066    -0.000227    0.000068  0.000057   0.0000164  0.000156   0.000134          0.     0.000     0.000     0.000     0.000         0      0      0      0.000000  0.000000   0.000647      0          0        0.000000  0.000000   0.000023      0           0
   53333.686  0.202829  0.307471 -32.4855527      0.000273    -0.000139    0.000066  0.000056   0.0000277  0.000118   0.000119          0.     0.000     0.000     0.000     0.000         0      0      0      0.000000  0.000000   0.000617      0          0        0.000000  0.000000   0.000022      0           0
   53351.948  0.177449  0.268657 -32.4959204      0.000286    -0.000444    0.000067  0.000057   0.0000131  0.000109   0.000112          0.     0.000     0.000     0.000     0.000         0      0      0      0.000000  0.000000   0.000568      0          0        0.000000  0.000000   0.000022      0           0
   53370.210  0.151635  0.239304 -32.5047907     -0.000014    -0.000302    0.000070  0.000059   0.0000120  0.000071   0.000071          0.     0.000     0.000     0.000     0.000         0      0      0      0.000000  0.000000   0.000399      0          0        0.000000  0.000000   0.000023      0           0
   53388.472  0.124418  0.216431 -32.5142535      0.000058    -0.000343    0.000071  0.000060   0.0000140  0.000091   0.000093          0.     0.000     0.000     0.000     0.000         0      0      0      0.000000  0.000000   0.000621      0          0        0.000000  0.000000   0.000021      0           0
   53406.734  0.079114  0.205759 -32.5238528      0.000018    -0.000334    0.000070  0.000058   0.0000160  0.000146   0.000164          0.     0.000     0.000     0.000     0.000         0      0      0      0.000000  0.000000   0.000572      0          0        0.000000  0.000000   0.000023      0           0
   53424.996  0.032526  0.207111 -32.5407784     -0.000047    -0.000355    0.000067  0.000057   0.0000130  0.000086   0.000095          0.     0.000     0.000     0.000     0.000         0      0      0      0.000000  0.000000   0.001263      0          0        0.000000  0.000000   0.000022      0           0
   53443.258 -0.002031  0.222536 -32.5616848     -0.000031    -0.000229    0.000069  0.000058   0.0000120  0.000072   0.000072          0.     0.000     0.000     0.000     0.000         0      0      0      0.000000  0.000000   0.000796      0          0        0.000000  0.000000   0.000023      0           0
   53461.520 -0.028484  0.242345 -32.5737404     -0.000084    -0.000244    0.000070  0.000058   0.0000080  0.000069   0.000072          0.     0.000     0.000     0.000     0.000         0      0      0      0.000000  0.000000   0.000627      0          0        0.000000  0.000000   0.000040      0           0
   53479.783 -0.053111  0.273261 -32.5872285     -0.000083    -0.000164    0.000071  0.000061   0.0000130  0.000103   0.000096          0.     0.000     0.000     0.000     0.000         0      0      0      0.000000  0.000000   0.000930      0          0        0.000000  0.000000   0.000037      0           0
   53498.045 -0.061276  0.311079 -32.6040983      0.000011    -0.000083    0.000070  0.000061   0.0000080  0.000065   0.000069          0.     0.000     0.000     0.000     0.000         0      0      0      0.000000  0.000000   0.000837      0          0        0.000000  0.000000   0.000035      0           0
   53516.307 -0.068787  0.340390 -32.6149818     -0.000059    -0.000204    0.000068  0.000058   0.0000193  0.000133   0.000137          0.     0.000     0.000     0.000     0.000         0      0      0      0.000000  0.000000   0.000248      0          0        0.000000  0.000000   0.000034      0           0
   53534.569 -0.052807  0.372228 -32.6162552     -0.000090    -0.000008    0.000068  0.000059   0.0000119  0.000071   0.000073          0.     0.000     0.000     0.000     0.000         0      0      0      0.000000  0.000000  -0.000017      0          0        0.000000  0.000000   0.000034      0           0
   53552.831 -0.038132  0.398322 -32.6132418      0.000056    -0.000082    0.000070  0.000061   0.0000120  0.000080   0.000084          0.     0.000     0.000     0.000     0.000         0      0      0      0.000000  0.000000  -0.000371      0          0        0.000000  0.000000   0.000035      0           0
   53571.093 -0.017975  0.415861 -32.6053641      0.000020    -0.000028    0.000068  0.000058   0.0000180  0.000117   0.000135          0.     0.000     0.000     0.000     0.000         0      0      0      0.000000  0.000000  -0.000384      0          0        0.000000  0.000000   0.000035      0           0
   53589.355  0.009702  0.424358 -32.6022666      0.000125     0.000024    0.000068  0.000057   0.0000214  0.000247   0.000214          0.     0.000     0.000     0.000     0.000         0      0      0      0.000000  0.000000   0.000009      0          0        0.000000  0.000000   0.000035      0           0
   53607.617  0.037177  0.427889 -32.6012896      0.000172    -0.000034    0.000069  0.000060   0.0000130  0.000075   0.000075          0.     0.000     0.000     0.000     0.000         0      0      0      0.000000  0.000000  -0.000188      0          0        0.000000  0.000000   0.000034      0           0
   53625.879  0.049728  0.422247 -32.6012936      0.000067    -0.000095    0.000070  0.000058   0.0000111  0.000075   0.000078          0.     0.000     0.000     0.000     0.000         0      0      0      0.000000  0.000000   0.000341      0          0        0.000000  0.000000   0.000034      0           0
   53644.141  0.059054  0.416893 -32.6091293      0.000239     0.000036    0.000070  0.000058   0.0000132  0.000151   0.000158          0.     0.000     0.000     0.000     0.000         0      0      0      0.000000  0.000000   0.000390      0          0        0.000000  0.000000   0.000035      0           0
   53662.404  0.069570  0.407876 -32.6172337      0.000200     0.000074    0.000068  0.000058   0.0000109  0.000069   0.000073          0.     0.000     0.000     0.000     0.000         0      0      0      0.000000  0.000000   0.000567      0          0        0.000000  0.000000   0.000035      0           0
   53680.666  0.071872  0.396074 -32.6291299      0.000289    -0.000097    0.000067  0.000057   0.0000220  0.000279   0.000262          0.     0.000     0.000     0.000     0.000         0      0      0      0.000000  0.000000   0.000705      0          0        0.000000  0.000000   0.000036      0           0
   53698.928  0.067361  0.389720 -32.6427859      0.000111    -0.000126    0.000067  0.000056   0.0000120  0.000059   0.000062          0.     0.000     0.000     0.000     0.000         0      0      0      0.000000  0.000000   0.000694      0          0        0.000000  0.000000   0.000035      0           0
   53717.190  0.065155  0.389472 -32.6521549      0.000283    -0.000208    0.000066  0.000058   0.0000110  0.000075   0.000076          0.     0.000     0.000     0.000     0.000         0      0      0      0.000000  0.000000   0.000475      0          0        0.000000  0.000000   0.000034      0           0
   53735.452  0.053787  0.384547 -32.6618925      0.000216    -0.000285    0.000069  0.000058   0.0000094  0.000075   0.000074          0.     0.000     0.000     0.000     0.000         0      0      0      0.000000  0.000000   0.000424      0          0        0.000000  0.000000   0.000045      0           0
   53753.714  0.049732  0.380540 -32.6675789      0.000100    -0.000260    0.000071  0.000056   0.0000153  0.000117   0.000132          0.     0.000     0.000     0.000     0.000         0      0      0      0.000000  0.000000   0.000388      0          0        0.000000  0.000000   0.000045      0           0
   53771.976  0.051808  0.384284 -32.6802161      0.000153    -0.000327    0.000067  0.000054   0.0000100  0.000064   0.000065          0.     0.000     0.000     0.000     0.000         0      0      0      0.000000  0.000000   0.000882      0          0        0.000000  0.000000   0.000041      0           0
   53790.238  0.069195  0.384032 -32.6966200      0.000140    -0.000398    0.000068  0.000055   0.0000140  0.000081   0.000081          0.     0.000     0.000     0.000     0.000         0      0      0      0.000000  0.000000   0.000971      0          0        0.000000  0.000000   0.000042      0           0
   53808.500  0.085243  0.380900 -32.7138834      0.000139    -0.000346    0.000071  0.000056   0.0000161  0.000115   0.000110          0.     0.000     0.000     0.000     0.000         0      0      0      0.000000  0.000000   0.000830      0          0        0.000000  0.000000   0.000042      0           0
   53826.762  0.102958  0.374088 -32.7322214      0.000066    -0.000312    0.000067  0.000055   0.0000112  0.000067   0.000072          0.     0.000     0.000     0.000     0.000         0      0      0      0.000000  0.000000   0.001149      0          0        0.000000  0.000000   0.000042      0           0
   53845.025  0.103911  0.365200 -32.7509801     -0.000016    -0.000295    0.000067  0.000056   0.0000110  0.000077   0.000084          0.     0.000     0.000     0.000     0.000         0      0      0      0.000000  0.000000   0.000984      0          0        0.000000  0.000000   0.000040      0           0
   53863.287  0.108703  0.354507 -32.7719851      0.000059    -0.000296    0.000065  0.000054   0.0000160  0.000073   0.000081          0.     0.000     0.000     0.000     0.000         0      0      0      0.000000  0.000000   0.001271      0          0        0.000000  0.000000   0.000040      0           0
   53881.549  0.115996  0.340966 -32.7922577     -0.000018    -0.000207    0.000065  0.000055   0.0000130  0.000082   0.000087          0.     0.000     0.000     0.000     0.000         0      0      0      0.000000  0.000000   0.000823      0          0        0.000000  0.000000   0.000040      0           0
   53899.811  0.124856  0.319717 -32.8004807     -0.000082    -0.000342    0.000068  0.000057   0.0000178  0.000070   0.000076          0.     0.000     0.000     0.000     0.000         0      0      0      0.000000  0.000000   0.000156      0          0        0.000000  0.000000   0.000036      0           0
   53918.073  0.127849  0.298911 -32.8069144     -0.000006    -0.000200    0.000067  0.000056   0.0000150  0.000078   0.000084          0.     0.000     0.000     0.000     0.000         0      0      0      0.000000  0.000000   0.000609      0          0        0.000000  0.000000   0.000038      0           0
   53936.335  0.120589  0.279093 -32.8157845      0.000000    -0.000205    0.000067  0.000055   0.0000110  0.000086   0.000089          0.     0.000     0.000     0.000     0.000         0      0      0      0.000000  0.000000   0.000304      0          0        0.000000  0.000000   0.000038      0           0
   53954.597  0.108578  0.264998 -32.8203441     -0.000147    -0.000203    0.000067  0.000056   0.0000160  0.000093   0.000102          0.     0.000     0.000     0.000     0.000         0      0      0      0.000000  0.000000   0.000273      0          0        0.000000  0.000000   0.000040      0           0
   53972.859  0.089770  0.254449 -32.8269006     -0.000092    -0.000146    0.000067  0.000055   0.0000101  0.000064   0.000065          0.     0.000     0.000     0.000     0.000         0      0      0      0.000000  0.000000   0.000456      0          0        0.000000  0.000000   0.000039      0           0
   53991.121  0.067522  0.253574 -32.8378854     -0.000047     0.000035    0.000069  0.000055   0.0000150  0.000128   0.000140          0.     0.000     0.000     0.000     0.000         0      0      0      0.000000  0.000000   0.000763      0          0        0.000000  0.000000   0.000041      0           0
   54009.384  0.033051  0.253032 -32.8551966     -0.000001     0.000015    0.000068  0.000056   0.0000131  0.000085   0.000088          0.     0.000     0.000     0.000     0.000         0      0      0      0.000000  0.000000   0.001204      0          0        0.000000  0.000000   0.000040      0           0
   54027.646  0.004861  0.262146 -32.8792783      0.000017     0.000047    0.000066  0.000055   0.0000100  0.000071   0.000073          0.     0.000     0.000     0.000     0.000         0      0      0      0.000000  0.000000   0.001288      0          0        0.000000  0.000000   0.000040      0           0
   54045.908 -0.008580  0.279382 -32.9017108      0.000083     0.000094    0.000067  0.000054   0.0000110  0.000080   0.000085          0.     0.000     0.000     0.000     0.000         0      0      0      0.000000  0.000000   0.001150      0          0        0.000000  0.000000   0.000039      0           0
   54064.170 -0.031154  0.297550 -32.9212855      0.000181    -0.000056    0.000067  0.000056   0.0000120  0.000074   0.000074          0.     0.000     0.000     0.000     0.000         0      0      0      0.000000  0.000000   0.001069      0          0        0.000000  0.000000   0.000040      0           0
   54082.432 -0.046601  0.323011 -32.9418913      0.000164     0.000093    0.000068  0.000057   0.0000111  0.000073   0.000075          0.     0.000     0.000     0.000     0.000         0      0      0      0.000000  0.000000   0.001121      0          0        0.000000  0.000000   0.000039      0           0
   54100.694 -0.052191  0.346717 -32.9607224      0.000155    -0.000144    0.000070  0.000057   0.0000117  0.000085   0.000090          0.     0.000     0.000     0.000     0.000         0      0      0      0.000000  0.000000   0.000985      0          0        0.000000  0.000000   0.000054      0           0
   54118.956 -0.057287  0.377351 -32.9809423      0.000221    -0.000186    0.000068  0.000055   0.0000190  0.000063   0.000063          0.     0.000     0.000     0.000     0.000         0      0      0      0.000000  0.000000   0.001316      0          0        0.000000  0.000000   0.000052      0           0
   54137.218 -0.042414  0.409690 -33.0072803      0.000205    -0.000190    0.000068  0.000055   0.0000222  0.000154   0.000182          0.     0.000     0.000     0.000     0.000         0      0      0      0.000000  0.000000   0.001416      0          0        0.000000  0.000000   0.000051      0           0
   54155.480 -0.020636  0.438120 -33.0270975      0.000299    -0.000214    0.000070  0.000055   0.0000150  0.000058   0.000061          0.     0.000     0.000     0.000     0.000         0      0      0      0.000000  0.000000   0.000838      0          0        0.000000  0.000000   0.000057      0           0
   54173.742 -0.003341  0.461605 -33.0448314      0.000224    -0.000163    0.000068  0.000053   0.0000190  0.000065   0.000071          0.     0.000     0.000     0.000     0.000         0      0      0      0.000000  0.000000   0.001123      0          0        0.000000  0.000000   0.000050      0           0
   54192.005  0.025606  0.480584 -33.0669460      0.000270    -0.000282    0.000065  0.000054   0.0000170  0.000061   0.000068          0.     0.000     0.000     0.000     0.000         0      0      0      0.000000  0.000000   0.001378      0          0        0.000000  0.000000   0.000049      0           0
   54210.267  0.059773  0.490794 -33.0939966      0.000169    -0.000255    0.000065  0.000053   0.0000170  0.000062   0.000069          0.     0.000     0.000     0.000     0.000         0      0      0      0.000000  0.000000   0.001344      0          0        0.000000  0.000000   0.000048      0           0
   54228.529  0.094674  0.486620 -33.1166036      0.000231    -0.000361    0.000063  0.000051   0.0000180  0.000066   0.000072          0.     0.000     0.000     0.000     0.000         0      0      0      0.000000  0.000000   0.001289      0          0        0.000000  0.000000   0.000056      0           0
   54246.791  0.135179  0.469460 -33.1390799      0.000118    -0.000297    0.000066  0.000055   0.0000180  0.000065   0.000072          0.     0.000     0.000     0.000     0.000         0      0      0      0.000000  0.000000   0.000988      0          0        0.000000  0.000000   0.000052      0           0
   54265.053  0.175248  0.441011 -33.1512458      0.000064    -0.000330    0.000066  0.000054   0.0000160  0.000066   0.000071          0.     0.000     0.000     0.000     0.000         0      0      0      0.000000  0.000000   0.000429      0          0        0.000000  0.000000   0.000051      0           0
   54283.315  0.209268  0.408175 -33.1590512      0.000048    -0.000442    0.000066  0.000053   0.0000150  0.000062   0.000083          0.     0.000     0.000     0.000     0.000         0      0      0      0.000000  0.000000   0.000408      0          0        0.000000  0.000000   0.000058      0           0
   54301.577  0.227540  0.363984 -33.1626711      0.000016    -0.000406    0.000066  0.000054   0.0000270  0.000229   0.000223          0.     0.000     0.000     0.000     0.000         0      0      0      0.000000  0.000000   0.000009      0          0        0.000000  0.000000   0.000053      0           0
   54319.839  0.221872  0.316579 -33.1629615     -0.000040    -0.000365    0.000066  0.000054   0.0000199  0.000095   0.000107          0.     0.000     0.000     0.000     0.000         0      0      0      0.000000  0.000000   0.000041      0          0        0.000000  0.000000   0.000053      0           0
   54338.101  0.204014  0.273229 -33.1635825     -0.000130    -0.000308    0.000067  0.000053   0.0000180  0.000064   0.000068          0.     0.000     0.000     0.000     0.000         0      0      0      0.000000  0.000000   0.000125      0          0        0.000000  0.000000   0.000053      0           0
   54356.363  0.177916  0.237512 -33.1711569     -0.000105    -0.000165    0.000066  0.000053   0.0000160  0.000066   0.000074          0.     0.000     0.000     0.000     0.000         0      0      0      0.000000  0.000000   0.000678      0          0        0.000000  0.000000   0.000053      0           0
   54374.626  0.131339  0.205806 -33.1862280     -0.000111    -0.000159    0.000064  0.000053   0.0000200  0.000080   0.000084          0.     0.000     0.000     0.000     0.000         0      0      0      0.000000  0.000000   0.000893      0          0        0.000000  0.000000   0.000053      0           0
   54392.888  0.077434  0.190963 -33.2025329     -0.000129    -0.000085    0.000065  0.000053   0.0000171  0.000053   0.000059          0.     0.000     0.000     0.000     0.000         0      0      0      0.000000  0.000000   0.000916      0          0        0.000000  0.000000   0.000053      0           0
   54411.150  0.031318  0.192478 -33.2180804     -0.000087    -0.000069    0.000063  0.000051   0.0000312  0.000216   0.000225          0.     0.000     0.000     0.000     0.000         0      0      0      0.000000  0.000000   0.000838      0          0        0.000000  0.000000   0.000049      0           0
   54429.412 -0.017950  0.204749 -33.2382570      0.000095     0.000070    0.000065  0.000053   0.0000216  0.000096   0.000098          0.     0.000     0.000     0.000     0.000         0      0      0      0.000000  0.000000   0.001323      0          0        0.000000  0.000000   0.000057      0           0
   54447.674 -0.052386  0.228734 -33.2576202     -0.000056     0.000020    0.000067  0.000055   0.0000113  0.000072   0.000076          0.     0.000     0.000     0.000     0.000         0      0      0      0.000000  0.000000   0.000753      0          0        0.000000  0.000000   0.000057      0           0
   54465.936 -0.080039  0.257822 -33.2722675     -0.000066     0.000150    0.000066  0.000053   0.0000140  0.000078   0.000082          0.     0.000     0.000     0.000     0.000         0      0      0      0.000000  0.000000   0.000930      0          0        0.000000  0.000000   0.000052      0           0
   54484.198 -0.112455  0.297359 -33.2890014      0.000067     0.000065    0.000065  0.000052   0.0000140  0.000077   0.000080          0.     0.000     0.000     0.000     0.000         0      0      0      0.000000  0.000000   0.000892      0          0        0.000000  0.000000   0.000052      0           0
   54502.460 -0.122138  0.344744 -33.3080847      0.000146     0.000028    0.000066  0.000053   0.0000179  0.000085   0.000091          0.     0.000     0.000     0.000     0.000         0      0      0      0.000000  0.000000   0.001128      0          0        0.000000  0.000000   0.000057      0           0
   54520.722 -0.125959  0.392562 -33.3268526      0.000239     0.000005    0.000065  0.000051   0.0000170  0.000065   0.000070          0.     0.000     0.000     0.000     0.000         0      0      0      0.000000  0.000000   0.000898      0          0        0.000000  0.000000   0.000051      0           0
   54538.984 -0.103877  0.443740 -33.3425495      0.000265    -0.000003    0.000062  0.000050   0.0000270  0.000074   0.000080          0.     0.000     0.000     0.000     0.000         0      0      0      0.000000  0.000000   0.000922      0          0        0.000000  0.000000   0.000057      0           0
   54557.247 -0.062683  0.490795 -33.3630465      0.000263    -0.000017    0.000061  0.000049   0.0000168  0.000062   0.000067          0.     0.000     0.000     0.000     0.000         0      0      0      0.000000  0.000000   0.001209      0          0        0.000000  0.000000   0.000059      0           0
   54575.509 -0.015750  0.521059 -33.3825851      0.000308    -0.000128    0.000062  0.000049   0.0000215  0.000066   0.000072          0.     0.000     0.000     0.000     0.000         0      0      0      0.000000  0.000000   0.001029      0          0        0.000000  0.000000   0.000054      0           0
   54593.771  0.038295  0.540258 -33.4038685      0.000353    -0.000089    0.000061  0.000050   0.0000303  0.000061   0.000066          0.     0.000     0.000     0.000     0.000         0      0      0      0.000000  0.000000   0.001275      0          0        0.000000  0.000000   0.000053      0           0
   54612.033  0.099369  0.541766 -33.4241446      0.000201    -0.000149    0.000063  0.000052   0.0000220  0.000117   0.000117          0.     0.000     0.000     0.000     0.000         0      0      0      0.000000  0.000000   0.000810      0          0        0.000000  0.000000   0.000056      0           0
   54630.295  0.160839  0.526026 -33.4355172      0.000234    -0.000157    0.000064  0.000051   0.0000401  0.000062   0.000069          0.     0.000     0.000     0.000     0.000         0      0      0      0.000000  0.000000   0.000512      0          0        0.000000  0.000000   0.000054      0           0
   54648.557  0.213120  0.496586 -33.4446090      0.000247    -0.000377    0.000063  0.000052   0.0000186  0.000078   0.000083          0.     0.000     0.000     0.000     0.000         0      0      0      0.000000  0.000000   0.000457      0          0        0.000000  0.000000   0.000057      0           0
   54666.819  0.257739  0.453779 -33.4499691      0.000161    -0.000380    0.000063  0.000052   0.0000192  0.000092   0.000095          0.     0.000     0.000     0.000     0.000         0      0      0      0.000000  0.000000   0.000231      0          0        0.000000  0.000000   0.000058      0           0
   54685.081  0.289105  0.398382 -33.4554234     -0.000008    -0.000290    0.000063  0.000050   0.0000150  0.000067   0.000070          0.     0.000     0.000     0.000     0.000         0      0      0      0.000000  0.000000   0.000313      0          0        0.000000  0.000000   0.000055      0           0
   54703.343  0.297824  0.341240 -33.4615247      0.000124    -0.000286    0.000063  0.000050   0.0000113  0.000056   0.000060          0.     0.000     0.000     0.000     0.000         0      0      0      0.000000  0.000000   0.000409      0          0        0.000000  0.000000   0.000056      0           0
   54721.605  0.294244  0.278489 -33.4728593      0.000096    -0.000332    0.000061  0.000050   0.0000201  0.000071   0.000074          0.     0.000     0.000     0.000     0.000         0      0      0      0.000000  0.000000   0.000888      0          0        0.000000  0.000000   0.000054      0           0
   54739.868  0.263837  0.220884 -33.4904488     -0.000024    -0.000340    0.000062  0.000049   0.0000190  0.000070   0.000077          0.     0.000     0.000     0.000     0.000         0      0      0      0.000000  0.000000   0.000930      0          0        0.000000  0.000000   0.000055      0           0
   54758.130  0.218560  0.174952 -33.5091575     -0.000120    -0.000309    0.000062  0.000049   0.0000240  0.000068   0.000074          0.     0.000     0.000     0.000     0.000         0      0      0      0.000000  0.000000   0.001217      0          0        0.000000  0.000000   0.000056      0           0
   54776.392  0.164953  0.144747 -33.5311448     -0.000153    -0.000264    0.000063  0.000051   0.0000377  0.000214   0.000237          0.     0.000     0.000     0.000     0.000         0      0      0      0.000000  0.000000   0.001097      0          0        0.000000  0.000000   0.000055      0           0
   54794.654  0.106767  0.135777 -33.5536998     -0.000198    -0.000104    0.000063  0.000051   0.0000240  0.000115   0.000117          0.     0.000     0.000     0.000     0.000         0      0      0      0.000000  0.000000   0.001435      0          0        0.000000  0.000000   0.000055      0           0
   54812.916  0.048407  0.134675 -33.5772791     -0.000209    -0.000178    0.000064  0.000051   0.0000180  0.000053   0.000053          0.     0.000     0.000     0.000     0.000         0      0      0      0.000000  0.000000   0.001047      0          0        0.000000  0.000000   0.000062      0           0
   54831.178 -0.012703  0.145817 -33.5937540     -0.000288    -0.000130    0.000063  0.000051   0.0000380  0.000223   0.000286          0.     0.000     0.000     0.000     0.000         0      0      0      0.000000  0.000000   0.000861      0          0        0.000000  0.000000   0.000059      0           0
   54849.440 -0.075007  0.174898 -33.6097116     -0.000198     0.000001    0.000060  0.000049   0.0000204  0.000041   0.000039          0.     0.000     0.000     0.000     0.000         0      0      0      0.000000  0.000000   0.000766      0          0        0.000000  0.000000   0.000053      0           0
   54867.702 -0.112411  0.223248 -33.6219689     -0.000160    -0.000025    0.000062  0.000048   0.0000438  0.000177   0.000232          0.     0.000     0.000     0.000     0.000         0      0      0      0.000000  0.000000   0.000721      0          0        0.000000  0.000000   0.000054      0           0
   54885.964 -0.133744  0.282904 -33.6353047     -0.000091     0.000162    0.000059  0.000048   0.0000280  0.000063   0.000069          0.     0.000     0.000     0.000     0.000         0      0      0      0.000000  0.000000   0.000790      0          0        0.000000  0.000000   0.000054      0           0
   54904.226 -0.130193  0.347248 -33.6542096     -0.000101     0.000108    0.000059  0.000047   0.0000278  0.000066   0.000074          0.     0.000     0.000     0.000     0.000         0      0      0      0.000000  0.000000   0.001187      0          0        0.000000  0.000000   0.000052      0           0
   54922.488 -0.116205  0.407142 -33.6760355     -0.000015     0.000168    0.000060  0.000047   0.0000190  0.000067   0.000072          0.     0.000     0.000     0.000     0.000         0      0      0      0.000000  0.000000   0.001176      0          0        0.000000  0.000000   0.000050      0           0
   54940.751 -0.084632  0.459758 -33.6988250      0.000058     0.000122    0.000059  0.000048   0.0000240  0.000069   0.000079          0.     0.000     0.000     0.000     0.000         0      0      0      0.000000  0.000000   0.001346      0          0        0.000000  0.000000   0.000049      0           0
   54959.013 -0.043232  0.500505 -33.7226138      0.000095     0.000178    0.000060  0.000049   0.0000360  0.000069   0.000078          0.     0.000     0.000     0.000     0.000         0      0      0      0.000000  0.000000   0.001157      0          0        0.000000  0.000000   0.000054      0           0
   54977.275  0.013828  0.529020 -33.7418644      0.000173     0.000003    0.000059  0.000048   0.0000263  0.000065   0.000073          0.     0.000     0.000     0.000     0.000         0      0      0      0.000000  0.000000   0.000998      0          0        0.000000  0.000000   0.000049      0           0
   54995.537  0.076599  0.541053 -33.7578993      0.000146    -0.000010    0.000059  0.000048   0.0000475  0.000067   0.000074          0.     0.000     0.000     0.000     0.000         0      0      0      0.000000  0.000000   0.000725      0          0        0.000000  0.000000   0.000054      0           0
   55013.799  0.133978  0.533086 -33.7653700      0.000147    -0.000051    0.000060  0.000049   0.0000270  0.000072   0.000083          0.     0.000     0.000     0.000     0.000         0      0      0      0.000000  0.000000   0.000117      0          0        0.000000  0.000000   0.000057      0           0
   55032.061  0.191704  0.515755 -33.7665468      0.000229    -0.000084    0.000060  0.000048   0.0000310  0.000076   0.000083          0.     0.000     0.000     0.000     0.000         0      0      0      0.000000  0.000000   0.000096      0          0        0.000000  0.000000   0.000051      0           0
   55050.323  0.235268  0.477322 -33.7702046      0.000257    -0.000036    0.000059  0.000048   0.0000247  0.000063   0.000072          0.     0.000     0.000     0.000     0.000         0      0      0      0.000000  0.000000   0.000291      0          0        0.000000  0.000000   0.000049      0           0
   55068.585  0.264091  0.434195 -33.7762984      0.000274    -0.000154    0.000059  0.000048   0.0000265  0.000096   0.000090          0.     0.000     0.000     0.000     0.000         0      0      0      0.000000  0.000000   0.000440      0          0        0.000000  0.000000   0.000049      0           0
   55086.847  0.273683  0.383440 -33.7870144      0.000196    -0.000202    0.000060  0.000048   0.0000301  0.000080   0.000090          0.     0.000     0.000     0.000     0.000         0      0      0      0.000000  0.000000   0.000665      0          0        0.000000  0.000000   0.000049      0           0
   55105.109  0.266876  0.331043 -33.8009988      0.000221    -0.000140    0.000060  0.000048   0.0000240  0.000071   0.000082          0.     0.000     0.000     0.000     0.000         0      0      0      0.000000  0.000000   0.000911      0          0        0.000000  0.000000   0.000050      0           0
   55123.372  0.251036  0.285043 -33.8181801      0.000132    -0.000243    0.000060  0.000048   0.0000279  0.000092   0.000092          0.     0.000     0.000     0.000     0.000         0      0      0      0.000000  0.000000   0.000960      0          0        0.000000  0.000000   0.000051      0           0
   55141.634  0.228700  0.243520 -33.8357911      0.000090    -0.000203    0.000061  0.000050   0.0000239  0.000086   0.000097          0.     0.000     0.000     0.000     0.000         0      0      0      0.000000  0.000000   0.000883      0          0        0.000000  0.000000   0.000050      0           0
   55159.896  0.184660  0.213653 -33.8517230     -0.000138    -0.000395    0.000061  0.000049   0.0000269  0.000090   0.000092          0.     0.000     0.000     0.000     0.000         0      0      0      0.000000  0.000000   0.000960      0          0        0.000000  0.000000   0.000051      0           0
   55178.158  0.137056  0.196640 -33.8690157      0.000097    -0.000196    0.000059  0.000049   0.0000210  0.000066   0.000075          0.     0.000     0.000     0.000     0.000         0      0      0      0.000000  0.000000   0.000969      0          0        0.000000  0.000000   0.000050      0           0
   55196.420  0.099908  0.192675 -33.8865022      0.000050    -0.000135    0.000063  0.000050   0.0000410  0.000072   0.000085          0.     0.000     0.000     0.000     0.000         0      0      0      0.000000  0.000000   0.000789      0          0        0.000000  0.000000   0.000063      0           0
   55214.682  0.045954  0.195859 -33.9000299     -0.000013    -0.000259    0.000070  0.000053   0.0000263  0.000058   0.000070          0.     0.000     0.000     0.000     0.000         0      0      0      0.000000  0.000000   0.000807      0          0        0.000000  0.000000   0.000052      0           0
   55232.944 -0.001034  0.212707 -33.9179150     -0.000161    -0.000084    0.000068  0.000052   0.0000388  0.000216   0.000296          0.     0.000     0.000     0.000     0.000         0      0      0      0.000000  0.000000   0.001128      0          0        0.000000  0.000000   0.000055      0           0
   55251.206 -0.030102  0.245328 -33.9404879     -0.000117    -0.000120    0.000068  0.000052   0.0000268  0.000104   0.000128          0.     0.000     0.000     0.000     0.000         0      0      0      0.000000  0.000000   0.001347      0          0        0.000000  0.000000   0.000056      0           0
   55269.468 -0.049712  0.281613 -33.9634753     -0.000067    -0.000109    0.000068  0.000050   0.0000196  0.000076   0.000098          0.     0.000     0.000     0.000     0.000         0      0      0      0.000000  0.000000   0.001091      0          0        0.000000  0.000000   0.000050      0           0
   55287.730 -0.062025  0.321060 -33.9832620     -0.000259    -0.000086    0.000068  0.000051   0.0000308  0.000072   0.000089          0.     0.000     0.000     0.000     0.000         0      0      0      0.000000  0.000000   0.001217      0          0        0.000000  0.000000   0.000053      0           0
   55305.993 -0.070258  0.364493 -34.0079749     -0.000191    -0.000015    0.000067  0.000051   0.0000220  0.000069   0.000085          0.     0.000     0.000     0.000     0.000         0      0      0      0.000000  0.000000   0.001386      0          0        0.000000  0.000000   0.000052      0           0
   55324.255 -0.061778  0.406051 -34.0287868     -0.000129    -0.000021    0.000067  0.000051   0.0000217  0.000090   0.000114          0.     0.000     0.000     0.000     0.000         0      0      0      0.000000  0.000000   0.000938      0          0        0.000000  0.000000   0.000092      0           0
   55342.517 -0.032892  0.442211 -34.0472007     -0.000236    -0.000012    0.000067  0.000051   0.0000234  0.000069   0.000085          0.     0.000     0.000     0.000     0.000         0      0      0      0.000000  0.000000   0.000962      0          0        0.000000  0.000000   0.000051      0           0
   55360.779  0.006209  0.471308 -34.0583085     -0.000041     0.000049    0.000067  0.000052   0.0000952  0.000070   0.000083          0.     0.000     0.000     0.000     0.000         0      0      0      0.000000  0.000000   0.000223      0          0        0.000000  0.000000   0.000057      0           0
   55379.041  0.064441  0.483429 -34.0573006     -0.000038     0.000013    0.000067  0.000052   0.0000280  0.000130   0.000166          0.     0.000     0.000     0.000     0.000         0      0      0      0.000000  0.000000  -0.000205      0          0        0.000000  0.000000   0.000049      0           0
   55397.303  0.113162  0.479447 -34.0525975     -0.000116     0.000079    0.000068  0.000051   0.0000238  0.000081   0.000102          0.     0.000     0.000     0.000     0.000         0      0      0      0.000000  0.000000  -0.000282      0          0        0.000000  0.000000   0.000062      0           0
   55415.565  0.153671  0.459383 -34.0486240      0.000079     0.000114    0.000067  0.000052   0.0000090  0.000082   0.000097          0.     0.000     0.000     0.000     0.000         0      0      0      0.000000  0.000000  -0.000073      0          0        0.000000  0.000000   0.000054      0           0
   55433.827  0.197290  0.433803 -34.0499292      0.000130     0.000002    0.000067  0.000051   0.0000170  0.000074   0.000090          0.     0.000     0.000     0.000     0.000         0      0      0      0.000000  0.000000   0.000195      0          0        0.000000  0.000000   0.000052      0           0
   55452.089  0.223008  0.401972 -34.0547780      0.000146     0.000072    0.000069  0.000050   0.0000290  0.000082   0.000102          0.     0.000     0.000     0.000     0.000         0      0      0      0.000000  0.000000   0.000279      0          0        0.000000  0.000000   0.000047      0           0
   55470.351  0.235101  0.364433 -34.0618907      0.000312     0.000025    0.000068  0.000051   0.0000176  0.000077   0.000094          0.     0.000     0.000     0.000     0.000         0      0      0      0.000000  0.000000   0.000677      0          0        0.000000  0.000000   0.000051      0           0
   55488.614  0.232039  0.325212 -34.0799021      0.000133    -0.000039    0.000067  0.000051   0.0000406  0.000196   0.000245          0.     0.000     0.000     0.000     0.000         0      0      0      0.000000  0.000000   0.001066      0          0        0.000000  0.000000   0.000051      0           0
   55506.876  0.217900  0.286152 -34.0984761      0.000318    -0.000009    0.000069  0.000051   0.0000294  0.000145   0.000147          0.     0.000     0.000     0.000     0.000         0      0      0      0.000000  0.000000   0.001023      0          0        0.000000  0.000000   0.000049      0           0
   55525.138  0.200772  0.249069 -34.1159047      0.000264    -0.000236    0.000068  0.000053   0.0000457  0.000074   0.000089          0.     0.000     0.000     0.000     0.000         0      0      0      0.000000  0.000000   0.000869      0          0        0.000000  0.000000   0.000054      0           0
   55543.400  0.174041  0.223948 -34.1297335      0.000301    -0.000173    0.000068  0.000053   0.0000437  0.000065   0.000082          0.     0.000     0.000     0.000     0.000         0      0      0      0.000000  0.000000   0.000600      0          0        0.000000  0.000000   0.000053      0           0
   55561.662  0.131874  0.204041 -34.1391459      0.000178    -0.000270    0.000071  0.000053   0.0000230  0.000076   0.000092          0.     0.000     0.000     0.000     0.000         0      0      0      0.000000  0.000000   0.000503      0          0        0.000000  0.000000   0.000057      0           0
   55579.924  0.077051  0.194892 -34.1486588      0.000223    -0.000292    0.000072  0.000054   0.0000260  0.000074   0.000090          0.     0.000     0.000     0.000     0.000         0      0      0      0.000000  0.000000   0.000555      0          0        0.000000  0.000000   0.000049      0           0
   55598.186  0.037974  0.204607 -34.1599530      0.000124    -0.000288    0.000073  0.000055   0.0000220  0.000115   0.000144          0.     0.000     0.000     0.000     0.000         0      0      0      0.000000  0.000000   0.000682      0          0        0.000000  0.000000   0.000048      0           0
   55616.448  0.010448  0.223534 -34.1743981      0.000011    -0.000335    0.000073  0.000053   0.0000245  0.000122   0.000151          0.     0.000     0.000     0.000     0.000         0      0      0      0.000000  0.000000   0.000907      0          0        0.000000  0.000000   0.000057      0           0
   55634.710 -0.014849  0.249755 -34.1921835     -0.000059    -0.000361    0.000075  0.000054   0.0000270  0.000277   0.000290          0.     0.000     0.000     0.000     0.000         0      0      0      0.000000  0.000000   0.000986      0          0        0.000000  0.000000   0.000051      0           0
   55652.973 -0.035649  0.280466 -34.2127407     -0.000030    -0.000311    0.000071  0.000053   0.0000170  0.000068   0.000085          0.     0.000     0.000     0.000     0.000         0      0      0      0.000000  0.000000   0.001287      0          0        0.000000  0.000000   0.000049      0           0
   55671.235 -0.045402  0.317936 -34.2335079     -0.000195    -0.000248    0.000073  0.000055   0.0000290  0.000085   0.000101          0.     0.000     0.000     0.000     0.000         0      0      0      0.000000  0.000000   0.000993      0          0        0.000000  0.000000   0.000050      0           0
   55689.497 -0.040430  0.358555 -34.2531814     -0.000297    -0.000141    0.000073  0.000053   0.0000160  0.000067   0.000079          0.     0.000     0.000     0.000     0.000         0      0      0      0.000000  0.000000   0.001217      0          0        0.000000  0.000000   0.000047      0           0
   55707.759 -0.022027  0.394908 -34.2735123     -0.000203    -0.000133    0.000071  0.000055   0.0000355  0.000210   0.000306          0.     0.000     0.000     0.000     0.000         0      0      0      0.000000  0.000000   0.000922      0          0        0.000000  0.000000   0.000046      0           0
   55726.021  0.011713  0.421458 -34.2875080     -0.000298    -0.000115    0.000072  0.000055   0.0000230  0.000140   0.000196          0.     0.000     0.000     0.000     0.000         0      0      0      0.000000  0.000000   0.000527      0          0        0.000000  0.000000   0.000048      0           0
   55744.283  0.046351  0.436619 -34.2919139     -0.000139     0.000008    0.000073  0.000055   0.0000223  0.000070   0.000084          0.     0.000     0.000     0.000     0.000         0      0      0      0.000000  0.000000   0.000023      0          0        0.000000  0.000000   0.000047      0           0
   55762.545  0.082668  0.448057 -34.2916579     -0.000147     0.000081    0.000073  0.000056   0.0000365  0.000080   0.000101          0.     0.000     0.000     0.000     0.000         0      0      0      0.000000  0.000000   0.000032      0          0        0.000000  0.000000   0.000056      0           0
   55780.807  0.120699  0.442095 -34.2929436     -0.000181     0.000200    0.000074  0.000056   0.0000220  0.000080   0.000098          0.     0.000     0.000     0.000     0.000         0      0      0      0.000000  0.000000   0.000091      0          0        0.000000  0.000000   0.000046      0           0
   55799.069  0.151434  0.427201 -34.2959319     -0.000076     0.000275    0.000075  0.000054   0.0000259  0.000075   0.000090          0.     0.000     0.000     0.000     0.000         0      0      0      0.000000  0.000000   0.000301      0          0        0.000000  0.000000   0.000046      0           0
   55817.331  0.178139  0.405745 -34.3040513     -0.000009     0.000236    0.000073  0.000053   0.0000127  0.000069   0.000084          0.     0.000     0.000     0.000     0.000         0      0      0      0.000000  0.000000   0.000618      0          0        0.000000  0.000000   0.000045      0           0
   55835.594  0.181746  0.376138 -34.3211441      0.000097     0.000205    0.000073  0.000055   0.0000167  0.000074   0.000093          0.     0.000     0.000     0.000     0.000         0      0      0      0.000000  0.000000   0.001205      0          0        0.000000  0.000000   0.000047      0           0
   55853.856  0.186463  0.347471 -34.3419937      0.000156     0.000157    0.000074  0.000055   0.0000258  0.000041   0.000043          0.     0.000     0.000     0.000     0.000         0      0      0      0.000000  0.000000   0.000967      0          0        0.000000  0.000000   0.000048      0           0
   55872.118  0.185626  0.317440 -34.3611248      0.000191     0.000165    0.000075  0.000055   0.0000843  0.000628   0.000885          0.     0.000     0.000     0.000     0.000         0      0      0      0.000000  0.000000   0.001181      0          0        0.000000  0.000000   0.000047      0           0
   55890.380  0.168459  0.292045 -34.3809723      0.000284     0.000095    0.000074  0.000056   0.0000206  0.000049   0.000054          0.     0.000     0.000     0.000     0.000         0      0      0      0.000000  0.000000   0.000968      0          0        0.000000  0.000000   0.000048      0           0
   55908.642  0.149711  0.276348 -34.3982494      0.000284     0.000117    0.000073  0.000055   0.0000189  0.000078   0.000099          0.     0.000     0.000     0.000     0.000         0      0      0      0.000000  0.000000   0.000967      0          0        0.000000  0.000000   0.000055      0           0
   55926.904  0.119251  0.263261 -34.4179471      0.000398    -0.000079    0.000072  0.000053   0.0000150  0.000070   0.000076          0.     0.000     0.000     0.000     0.000         0      0      0      0.000000  0.000000   0.001195      0          0        0.000000  0.000000   0.000059      0           0
   55945.166  0.086347  0.254891 -34.4381429      0.000311    -0.000297    0.000073  0.000053   0.0000188  0.000071   0.000068          0.     0.000     0.000     0.000     0.000         0      0      0      0.000000  0.000000   0.000966      0          0        0.000000  0.000000   0.000048      0           0
   55963.428  0.047533  0.255352 -34.4544810      0.000308    -0.000247    0.000074  0.000053   0.0000160  0.000062   0.000060          0.     0.000     0.000     0.000     0.000         0      0      0      0.000000  0.000000   0.000901      0          0        0.000000  0.000000   0.000050      0           0
   55981.690  0.023732  0.268969 -34.4696341      0.000210    -0.000371    0.000074  0.000052   0.0000264  0.000219   0.000188          0.     0.000     0.000     0.000     0.000         0      0      0      0.000000  0.000000   0.000682      0          0        0.000000  0.000000   0.000050      0           0
   55999.952  0.007284  0.288731 -34.4851149      0.000089    -0.000273    0.000071  0.000052   0.0000281  0.000188   0.000143          0.     0.000     0.000     0.000     0.000         0      0      0      0.000000  0.000000   0.001224      0          0        0.000000  0.000000   0.000051      0           0
   56018.215 -0.011163  0.313296 -34.5104657      0.000221    -0.000259    0.000073  0.000053   0.0000201  0.000083   0.000081          0.     0.000     0.000     0.000     0.000         0      0      0      0.000000  0.000000   0.001364      0          0        0.000000  0.000000   0.000047      0           0
   56036.477 -0.003803  0.350653 -34.5333154      0.000070    -0.000296    0.000074  0.000053   0.0000180  0.000071   0.000069          0.     0.000     0.000     0.000     0.000         0      0      0      0.000000  0.000000   0.001187      0          0        0.000000  0.000000   0.000049      0           0
   56054.739  0.015509  0.378798 -34.5530388     -0.000111    -0.000374    0.000072  0.000053   0.0000140  0.000070   0.000068          0.     0.000     0.000     0.000     0.000         0      0      0      0.000000  0.000000   0.000962      0          0        0.000000  0.000000   0.000048      0           0
   56073.001  0.039083  0.392747 -34.5692286     -0.000126    -0.000287    0.000072  0.000054   0.0000200  0.000071   0.000070          0.     0.000     0.000     0.000     0.000         0      0      0      0.000000  0.000000   0.000814      0          0        0.000000  0.000000   0.000047      0           0
   56091.263  0.064064  0.403471 -34.5825804     -0.000238    -0.000293    0.000073  0.000053   0.0000228  0.000071   0.000069          0.     0.000     0.000     0.000     0.000         0      0      0      0.000000  0.000000   0.000560      0          0        0.000000  0.000000   0.000052      0           0
   56109.525  0.095058  0.408811 -34.5864025     -0.000262    -0.000282    0.000072  0.000054   0.0000120  0.000069   0.000067          0.     0.000     0.000     0.000     0.000         0      0      0      0.000000  0.000000  -0.000060      0          0        0.000000  0.000000   0.000053      0           0
   56127.787  0.127769  0.405731 -34.5871585     -0.000249    -0.000139    0.000073  0.000054   0.0000170  0.000068   0.000067          0.     0.000     0.000     0.000     0.000         0      0      0      0.000000  0.000000   0.000203      0          0        0.000000  0.000000   0.000045      0           0
   56146.049  0.152617  0.396411 -34.5919150     -0.000306    -0.000046    0.000074  0.000053   0.0000271  0.000067   0.000066          0.     0.000     0.000     0.000     0.000         0      0      0      0.000000  0.000000   0.000264      0          0        0.000000  0.000000   0.000052      0           0
   56164.311  0.174340  0.380663 -34.5969226     -0.000265    -0.000035    0.000075  0.000053   0.0000177  0.000069   0.000067          0.     0.000     0.000     0.000     0.000         0      0      0      0.000000  0.000000   0.000381      0          0        0.000000  0.000000   0.000050      0           0
   56182.573  0.176831  0.356830 -34.6079281     -0.000180     0.000047    0.000073  0.000053   0.0000184  0.000070   0.000067          0.     0.000     0.000     0.000     0.000         0      0      0      0.000000  0.000000   0.000807      0          0        0.000000  0.000000   0.000051      0           0
   56200.836  0.170671  0.334930 -34.6249637     -0.000144     0.000173    0.000074  0.000053   0.0000189  0.000070   0.000069          0.     0.000     0.000     0.000     0.000         0      0      0      0.000000  0.000000   0.001006      0          0        0.000000  0.000000   0.000047      0           0
   56219.098  0.150633  0.316397 -34.6430302     -0.000064     0.000178    0.000072  0.000052   0.0000180  0.000073   0.000064          0.     0.000     0.000     0.000     0.000         0      0      0      0.000000  0.000000   0.000956      0          0        0.000000  0.000000   0.000047      0           0
   56237.360  0.138999  0.308589 -34.6616104      0.000032     0.000233    0.000071  0.000052   0.0000230  0.000077   0.000146          0.     0.000     0.000     0.000     0.000         0      0      0      0.000000  0.000000   0.001131      0          0        0.000000  0.000000   0.000048      0           0
   56255.622  0.123032  0.302019 -34.6857260      0.000119     0.000218    0.000071  0.000052   0.0000200  0.000069   0.000061          0.     0.000     0.000     0.000     0.000         0      0      0      0.000000  0.000000   0.001441      0          0        0.000000  0.000000   0.000053      0           0
   56273.884  0.104053  0.295969 -34.7079177      0.000103     0.000186    0.000071  0.000052   0.0000199  0.000069   0.000068          0.     0.000     0.000     0.000     0.000         0      0      0      0.000000  0.000000   0.000943      0          0        0.000000  0.000000   0.000051      0           0
   56292.146  0.076705  0.289510 -34.7233963      0.000293     0.000111    0.000073  0.000054   0.0000219  0.000076   0.000076          0.     0.000     0.000     0.000     0.000         0      0      0      0.000000  0.000000   0.000856      0          0        0.000000  0.000000   0.000071      0           0
   56310.408  0.053746  0.298931 -34.7420563      0.000197     0.000038    0.000072  0.000053   0.0000240  0.000074   0.000081          0.     0.000     0.000     0.000     0.000         0      0      0      0.000000  0.000000   0.001285      0          0        0.000000  0.000000   0.000060      0           0
   56328.670  0.039352  0.316426 -34.7658323      0.000201    -0.000126    0.000073  0.000052   0.0000197  0.000087   0.000089          0.     0.000     0.000     0.000     0.000         0      0      0      0.000000  0.000000   0.001101      0          0        0.000000  0.000000   0.000058      0           0
   56346.932  0.030867  0.333753 -34.7853656      0.000248    -0.000135    0.000072  0.000053   0.0000180  0.000087   0.000086          0.     0.000     0.000     0.000     0.000         0      0      0      0.000000  0.000000   0.001277      0          0        0.000000  0.000000   0.000054      0           0
   56365.194  0.039364  0.354981 -34.8131821      0.000217    -0.000090    0.000072  0.000052   0.0000200  0.000086   0.000090          0.     0.000     0.000     0.000     0.000         0      0      0      0.000000  0.000000   0.001601      0          0        0.000000  0.000000   0.000056      0           0
   56383.457  0.051202  0.375072 -34.8423674      0.000166    -0.000153    0.000074  0.000052   0.0000220  0.000067   0.000072          0.     0.000     0.000     0.000     0.000         0      0      0      0.000000  0.000000   0.001642      0          0        0.000000  0.000000   0.000058      0           0
   56401.719  0.059000  0.389809 -34.8710822      0.000250    -0.000266    0.000071  0.000052   0.0000207  0.000093   0.000096          0.     0.000     0.000     0.000     0.000         0      0      0      0.000000  0.000000   0.001483      0          0        0.000000  0.000000   0.000052      0           0
   56419.981  0.079487  0.400018 -34.8975895      0.000086    -0.000186    0.000073  0.000054   0.0000170  0.000083   0.000097          0.     0.000     0.000     0.000     0.000         0      0      0      0.000000  0.000000   0.001420      0          0        0.000000  0.000000   0.000054      0           0
   56438.243  0.102362  0.407076 -34.9204436      0.000037    -0.000378    0.000073  0.000054   0.0000331  0.000238   0.000250          0.     0.000     0.000     0.000     0.000         0      0      0      0.000000  0.000000   0.000931      0          0        0.000000  0.000000   0.000053      0           0
   56456.505  0.122724  0.400322 -34.9320731     -0.000034    -0.000279    0.000073  0.000055   0.0000184  0.000088   0.000096          0.     0.000     0.000     0.000     0.000         0      0      0      0.000000  0.000000   0.000573      0          0        0.000000  0.000000   0.000055      0           0
   56474.767  0.144367  0.389962 -34.9410252     -0.000096    -0.000267    0.000074  0.000055   0.0000225  0.000081   0.000083          0.     0.000     0.000     0.000     0.000         0      0      0      0.000000  0.000000   0.000251      0          0        0.000000  0.000000   0.000057      0           0
   56493.029  0.163756  0.373227 -34.9445844     -0.000109    -0.000223    0.000075  0.000055   0.0000230  0.000086   0.000096          0.     0.000     0.000     0.000     0.000         0      0      0      0.000000  0.000000   0.000255      0          0        0.000000  0.000000   0.000056      0           0
   56511.291  0.173255  0.354526 -34.9504170     -0.000219    -0.000094    0.000075  0.000054   0.0000216  0.000084   0.000090          0.     0.000     0.000     0.000     0.000         0      0      0      0.000000  0.000000   0.000368      0          0        0.000000  0.000000   0.000059      0           0
   56529.553  0.169672  0.333023 -34.9583715     -0.000191    -0.000131    0.000074  0.000055   0.0000279  0.000083   0.000086          0.     0.000     0.000     0.000     0.000         0      0      0      0.000000  0.000000   0.000542      0          0        0.000000  0.000000   0.000056      0           0
   56547.815  0.159635  0.310482 -34.9707547     -0.000294     0.000060    0.000075  0.000055   0.0000220  0.000087   0.000091          0.     0.000     0.000     0.000     0.000         0      0      0      0.000000  0.000000   0.000824      0          0        0.000000  0.000000   0.000058      0           0
   56566.077  0.134031  0.293993 -34.9886875     -0.000199     0.000097    0.000076  0.000054   0.0000220  0.000103   0.000108          0.     0.000     0.000     0.000     0.000         0      0      0      0.000000  0.000000   0.001093      0          0        0.000000  0.000000   0.000056      0           0
   56584.340  0.105002  0.282906 -35.0096915     -0.000152     0.000228    0.000074  0.000054   0.0000220  0.000077   0.000082          0.     0.000     0.000     0.000     0.000         0      0      0      0.000000  0.000000   0.001204      0          0        0.000000  0.000000   0.000057      0           0
   56602.602  0.080934  0.285266 -35.0323741     -0.000186     0.000207    0.000074  0.000055   0.0000429  0.000081   0.000093          0.     0.000     0.000     0.000     0.000         0      0      0      0.000000  0.000000   0.001213      0          0        0.000000  0.000000   0.000060      0           0
   56620.864  0.060114  0.290372 -35.0546537     -0.000076     0.000309    0.000074  0.000054   0.0000090  0.000107   0.000113          0.     0.000     0.000     0.000     0.000         0      0      0      0.000000  0.000000   0.001257      0          0        0.000000  0.000000   0.000055      0           0
   56639.126  0.054510  0.305730 -35.0757188     -0.000020     0.000200    0.000075  0.000056   0.0000131  0.000063   0.000068          0.     0.000     0.000     0.000     0.000         0      0      0      0.000000  0.000000   0.001055      0          0        0.000000  0.000000   0.000053      0           0
   56657.388  0.038841  0.317819 -35.0964747      0.000053     0.000145    0.000074  0.000055   0.0000191  0.000101   0.000103          0.     0.000     0.000     0.000     0.000         0      0      0      0.000000  0.000000   0.001143      0          0        0.000000  0.000000   0.000055      0           0
   56675.650  0.026222  0.335452 -35.1153865      0.000118     0.000167    0.000072  0.000052   0.0000197  0.000081   0.000081          0.     0.000     0.000     0.000     0.000         0      0      0      0.000000  0.000000   0.001065      0          0        0.000000  0.000000   0.000050      0           0
   56693.912  0.023927  0.354412 -35.1340683      0.000158     0.000138    0.000072  0.000053   0.0000150  0.000080   0.000080          0.     0.000     0.000     0.000     0.000         0      0      0      0.000000  0.000000   0.000944      0          0        0.000000  0.000000   0.000053      0           0
   56712.174  0.019857  0.381449 -35.1549206      0.000213     0.000038    0.000072  0.000053   0.0000220  0.000153   0.000147          0.     0.000     0.000     0.000     0.000         0      0      0      0.000000  0.000000   0.001389      0          0        0.000000  0.000000   0.000052      0           0
   56730.436  0.022010  0.401536 -35.1808920      0.000277     0.000037    0.000075  0.000053   0.0000250  0.000111   0.000113          0.     0.000     0.000     0.000     0.000         0      0      0      0.000000  0.000000   0.001302      0          0        0.000000  0.000000   0.000053      0           0
   56748.698  0.042920  0.421446 -35.2048462      0.000314     0.000065    0.000073  0.000051   0.0000190  0.000098   0.000099          0.     0.000     0.000     0.000     0.000         0      0      0      0.000000  0.000000   0.001411      0          0        0.000000  0.000000   0.000056      0           0
   56766.961  0.061851  0.436637 -35.2303695      0.000227    -0.000064    0.000070  0.000052   0.0000280  0.000095   0.000102          0.     0.000     0.000     0.000     0.000         0      0      0      0.000000  0.000000   0.001408      0          0        0.000000  0.000000   0.000068      0           0
   56785.223  0.089649  0.446193 -35.2570398      0.000240    -0.000125    0.000069  0.000051   0.0000147  0.000075   0.000076          0.     0.000     0.000     0.000     0.000         0      0      0      0.000000  0.000000   0.001374      0          0        0.000000  0.000000   0.000055      0           0
   56803.485  0.118319  0.446207 -35.2780325      0.000199    -0.000184    0.000070  0.000051   0.0000195  0.000084   0.000086          0.     0.000     0.000     0.000     0.000         0      0      0      0.000000  0.000000   0.000903      0          0        0.000000  0.000000   0.000052      0           0
   56821.747  0.150385  0.432751 -35.2912832      0.000147    -0.000208    0.000069  0.000051   0.0000222  0.000097   0.000095          0.     0.000     0.000     0.000     0.000         0      0      0      0.000000  0.000000   0.000698      0          0        0.000000  0.000000   0.000050      0           0
   56840.009  0.172402  0.414542 -35.3030004      0.000113    -0.000356    0.000069  0.000051   0.0000110  0.000084   0.000087          0.     0.000     0.000     0.000     0.000         0      0      0      0.000000  0.000000   0.000488      0          0        0.000000  0.000000   0.000054      0           0
   56858.271  0.186673  0.393678 -35.3108790      0.000115    -0.000277    0.000071  0.000051   0.0000100  0.000088   0.000089          0.     0.000     0.000     0.000     0.000         0      0      0      0.000000  0.000000   0.000427      0          0        0.000000  0.000000   0.000055      0           0
   56876.533  0.201926  0.372558 -35.3173076      0.000019    -0.000341    0.000071  0.000052   0.0000120  0.000120   0.000115          0.     0.000     0.000     0.000     0.000         0      0      0      0.000000  0.000000   0.000283      0          0        0.000000  0.000000   0.000056      0           0
   56894.795  0.210121  0.347669 -35.3245082      0.000010    -0.000247    0.000070  0.000052   0.0000130  0.000109   0.000110          0.     0.000     0.000     0.000     0.000         0      0      0      0.000000  0.000000   0.000506      0          0        0.000000  0.000000   0.000052      0           0
   56913.057  0.204760  0.316043 -35.3363814     -0.000164    -0.000396    0.000072  0.000051   0.0000110  0.000102   0.000113          0.     0.000     0.000     0.000     0.000         0      0      0      0.000000  0.000000   0.000810      0          0        0.000000  0.000000   0.000052      0           0
   56931.319  0.188145  0.288388 -35.3525950     -0.000092    -0.000208    0.000072  0.000051   0.0000200  0.000098   0.000096          0.     0.000     0.000     0.000     0.000         0      0      0      0.000000  0.000000   0.000951      0          0        0.000000  0.000000   0.000050      0           0
   56949.582  0.155253  0.265609 -35.3728906     -0.000198    -0.000166    0.000070  0.000052   0.0000246  0.000085   0.000090          0.     0.000     0.000     0.000     0.000         0      0      0      0.000000  0.000000   0.001229      0          0        0.000000  0.000000   0.000055      0           0
   56967.844  0.121899  0.252448 -35.3950712     -0.000178    -0.000098    0.000071  0.000051   0.0000218  0.000151   0.000157          0.     0.000     0.000     0.000     0.000         0      0      0      0.000000  0.000000   0.001190      0          0        0.000000  0.000000   0.000052      0           0
   56986.106  0.089467  0.254558 -35.4161013     -0.000165    -0.000024    0.000071  0.000052   0.0000149  0.000121   0.000124          0.     0.000     0.000     0.000     0.000         0      0      0      0.000000  0.000000   0.001117      0          0        0.000000  0.000000   0.000060      0           0
   57004.368  0.056486  0.267630 -35.4377500     -0.000178     0.000010    0.000071  0.000052   0.0000140  0.000106   0.000108          0.     0.000     0.000     0.000     0.000         0      0      0      0.000000  0.000000   0.001242      0          0        0.000000  0.000000   0.000057      0           0
   57022.630  0.031454  0.280237 -35.4581709     -0.000172     0.000093    0.000071  0.000053   0.0000433  0.000174   0.000170          0.     0.000     0.000     0.000     0.000         0      0      0      0.000000  0.000000   0.001011      0          0        0.000000  0.000000   0.000062      0           0
   57040.892  0.010922  0.295192 -35.4776072     -0.000137     0.000037    0.000070  0.000053   0.0000192  0.000086   0.000091          0.     0.000     0.000     0.000     0.000         0      0      0      0.000000  0.000000   0.001111      0          0        0.000000  0.000000   0.000054      0           0
   57059.154  0.002454  0.321838 -35.4985567     -0.000065     0.000128    0.000069  0.000053   0.0000200  0.000146   0.000167          0.     0.000     0.000     0.000     0.000         0      0      0      0.000000  0.000000   0.001277      0          0        0.000000  0.000000   0.000053      0           0
   57077.416  0.003248  0.349177 -35.5216858     -0.000008     0.000185    0.000071  0.000053   0.0000174  0.000095   0.000100          0.     0.000     0.000     0.000     0.000         0      0      0      0.000000  0.000000   0.001170      0          0        0.000000  0.000000   0.000056      0           0
   57095.678  0.003536  0.374552 -35.5459457      0.000052     0.000169    0.000070  0.000051   0.0000120  0.000083   0.000084          0.     0.000     0.000     0.000     0.000         0      0      0      0.000000  0.000000   0.001622      0          0        0.000000  0.000000   0.000052      0           0
   57113.940  0.015567  0.398660 -35.5760786      0.000123     0.000200    0.000069  0.000052   0.0000190  0.000081   0.000085          0.     0.000     0.000     0.000     0.000         0      0      0      0.000000  0.000000   0.001502      0          0        0.000000  0.000000   0.000054      0           0
   57132.203  0.027650  0.420071 -35.6025025      0.000191     0.000175    0.000069  0.000052   0.0000110  0.000080   0.000086          0.     0.000     0.000     0.000     0.000         0      0      0      0.000000  0.000000   0.001383      0          0        0.000000  0.000000   0.000051      0           0
   57150.465  0.046924  0.441026 -35.6268892      0.000218     0.000093    0.000070  0.000052   0.0000140  0.000099   0.000105          0.     0.000     0.000     0.000     0.000         0      0      0      0.000000  0.000000   0.001366      0          0        0.000000  0.000000   0.000048      0           0
   57168.727  0.080799  0.452985 -35.6512962      0.000181     0.000072    0.000068  0.000052   0.0000130  0.000081   0.000088          0.     0.000     0.000     0.000     0.000         0      0      0      0.000000  0.000000   0.001114      0          0        0.000000  0.000000   0.000047      0           0
   57186.989  0.108238  0.455043 -35.6656549      0.000215    -0.000032    0.000069  0.000053   0.0000220  0.000132   0.000143          0.     0.000     0.000     0.000     0.000         0      0      0      0.000000  0.000000   0.000552      0          0        0.000000  0.000000   0.000048      0           0
   57205.251  0.144759  0.447415 -35.6783107      0.000174    -0.000096    0.000068  0.000051   0.0000320  0.000253   0.000263          0.     0.000     0.000     0.000     0.000         0      0      0      0.000000  0.000000   0.000881      0          0        0.000000  0.000000   0.000056      0           0
   57223.513  0.178500  0.432076 -35.6925706      0.000175    -0.000155    0.000068  0.000053   0.0000105  0.000067   0.000074          0.     0.000     0.000     0.000     0.000         0      0      0      0.000000  0.000000   0.000584      0          0        0.000000  0.000000   0.000052      0           0
   57241.775  0.207974  0.409792 -35.7043025      0.000090    -0.000173    0.000069  0.000054   0.0000173  0.000081   0.000086          0.     0.000     0.000     0.000     0.000         0      0      0      0.000000  0.000000   0.000802      0          0        0.000000  0.000000   0.000051      0           0
   57260.037  0.224578  0.379409 -35.7209486      0.000123    -0.000188    0.000071  0.000053   0.0000120  0.000080   0.000086          0.     0.000     0.000     0.000     0.000         0      0      0      0.000000  0.000000   0.001063      0          0        0.000000  0.000000   0.000053      0           0
   57278.299  0.225185  0.350435 -35.7437048      0.000059    -0.000152    0.000070  0.000052   0.0000158  0.000084   0.000088          0.     0.000     0.000     0.000     0.000         0      0      0      0.000000  0.000000   0.001356      0          0        0.000000  0.000000   0.000052      0           0
   57296.562  0.211973  0.315366 -35.7699123      0.000051    -0.000155    0.000068  0.000052   0.0000136  0.000082   0.000084          0.     0.000     0.000     0.000     0.000         0      0      0      0.000000  0.000000   0.001494      0          0        0.000000  0.000000   0.000055      0           0
   57314.824  0.187203  0.285245 -35.7993097      0.000032    -0.000109    0.000069  0.000052   0.0000250  0.000075   0.000079          0.     0.000     0.000     0.000     0.000         0      0      0      0.000000  0.000000   0.001731      0          0        0.000000  0.000000   0.000056      0           0
   57333.086  0.156575  0.265605 -35.8304167     -0.000034    -0.000080    0.000069  0.000052   0.0000260  0.000090   0.000101          0.     0.000     0.000     0.000     0.000         0      0      0      0.000000  0.000000   0.001627      0          0        0.000000  0.000000   0.000053      0           0
   57351.348  0.122064  0.254753 -35.8584484      0.000017    -0.000150    0.000070  0.000053   0.0000277  0.000129   0.000119          0.     0.000     0.000     0.000     0.000         0      0      0      0.000000  0.000000   0.001505      0          0        0.000000  0.000000   0.000053      0           0
   57369.610  0.090896  0.250849 -35.8881816     -0.000103    -0.000098    0.000070  0.000054   0.0000199  0.000072   0.000080          0.     0.000     0.000     0.000     0.000         0      0      0      0.000000  0.000000   0.001632      0          0        0.000000  0.000000   0.000053      0           0
   57387.872  0.052022  0.256860 -35.9183101     -0.000063    -0.000060    0.000070  0.000053   0.0000360  0.000113   0.000098          0.     0.000     0.000     0.000     0.000         0      0      0      0.000000  0.000000   0.001842      0          0        0.000000  0.000000   0.000056      0           0
   57406.134  0.019621  0.282668 -35.9529643     -0.000102    -0.000112    0.000069  0.000053   0.0000240  0.000092   0.000074          0.     0.000     0.000     0.000     0.000         0      0      0      0.000000  0.000000   0.001761      0          0        0.000000  0.000000   0.000058      0           0
   57424.396 -0.008059  0.308590 -35.9818806     -0.000104    -0.000083    0.000069  0.000053   0.0000261  0.000110   0.000091          0.     0.000     0.000     0.000     0.000         0      0      0      0.000000  0.000000   0.001511      0          0        0.000000  0.000000   0.000059      0           0
   57442.658 -0.021261  0.343483 -36.0110260     -0.000116    -0.000073    0.000070  0.000051   0.0000193  0.000100   0.000081          0.     0.000     0.000     0.000     0.000         0      0      0      0.000000  0.000000   0.001757      0          0        0.000000  0.000000   0.000052      0           0
   57460.920 -0.022421  0.383172 -36.0463460     -0.000050     0.000038    0.000068  0.000051   0.0000199  0.000109   0.000087          0.     0.000     0.000     0.000     0.000         0      0      0      0.000000  0.000000   0.002033      0          0        0.000000  0.000000   0.000061      0           0
   57479.183 -0.007498  0.421881 -36.0839475     -0.000114     0.000096    0.000068  0.000051   0.0000288  0.000120   0.000095          0.     0.000     0.000     0.000     0.000         0      0      0      0.000000  0.000000   0.001988      0          0        0.000000  0.000000   0.000059      0           0
   57497.445  0.017590  0.455349 -36.1172874      0.000039     0.000131    0.000069  0.000051   0.0000264  0.000132   0.000106          0.     0.000     0.000     0.000     0.000         0      0      0      0.000000  0.000000   0.001707      0          0        0.000000  0.000000   0.000052      0           0
   57515.707  0.046593  0.481280 -36.1472288      0.000113     0.000111    0.000069  0.000052   0.0000290  0.000158   0.000132          0.     0.000     0.000     0.000     0.000         0      0      0      0.000000  0.000000   0.001609      0          0        0.000000  0.000000   0.000053      0           0
   57533.969  0.079787  0.495401 -36.1775434      0.000031     0.000142    0.000068  0.000052   0.0000400  0.000218   0.000184          0.     0.000     0.000     0.000     0.000         0      0      0      0.000000  0.000000   0.001629      0          0        0.000000  0.000000   0.000052      0           0
   57552.231  0.114662  0.495610 -36.2003040      0.000123     0.000039    0.000067  0.000051   0.0000288  0.000114   0.000094          0.     0.000     0.000     0.000     0.000         0      0      0      0.000000  0.000000   0.000800      0          0        0.000000  0.000000   0.000057      0           0
   57570.493  0.153550  0.483370 -36.2123403      0.000127     0.000008    0.000068  0.000052   0.0000240  0.000122   0.000100          0.     0.000     0.000     0.000     0.000         0      0      0      0.000000  0.000000   0.000665      0          0        0.000000  0.000000   0.000061      0           0
   57588.755  0.193562  0.462533 -36.2210556      0.000221    -0.000048    0.000068  0.000053   0.0000258  0.000117   0.000090          0.     0.000     0.000     0.000     0.000         0      0      0      0.000000  0.000000   0.000268      0          0        0.000000  0.000000   0.000054      0           0
   57607.017  0.219684  0.440461 -36.2285217      0.000171    -0.000019    0.000069  0.000052   0.0000280  0.000145   0.000108          0.     0.000     0.000     0.000     0.000         0      0      0      0.000000  0.000000   0.000623      0          0        0.000000  0.000000   0.000060      0           0
   57625.279  0.231469  0.403237 -36.2408994      0.000130    -0.000102    0.000070  0.000051   0.0000270  0.000119   0.000097          0.     0.000     0.000     0.000     0.000         0      0      0      0.000000  0.000000   0.000748      0          0        0.000000  0.000000   0.000049      0           0
   57643.541  0.236266  0.369259 -36.2570680      0.000165    -0.000082    0.000067  0.000051   0.0000255  0.000119   0.000096          0.     0.000     0.000     0.000     0.000         0      0      0      0.000000  0.000000   0.001000      0          0        0.000000  0.000000   0.000055      0           0
   57661.804  0.232057  0.332286 -36.2780379      0.000117    -0.000079    0.000068  0.000051   0.0000260  0.000112   0.000094          0.     0.000     0.000     0.000     0.000         0      0      0      0.000000  0.000000   0.001308      0          0        0.000000  0.000000   0.000051      0           0
   57680.066  0.209720  0.301445 -36.3038367      0.000132    -0.000068    0.000068  0.000051   0.0000320  0.000207   0.000196          0.     0.000     0.000     0.000     0.000         0      0      0      0.000000  0.000000   0.001501      0          0        0.000000  0.000000   0.000054      0           0
   57698.328  0.179446  0.278385 -36.3322578      0.000102    -0.000165    0.000067  0.000051   0.0000210  0.000094   0.000073          0.     0.000     0.000     0.000     0.000         0      0      0      0.000000  0.000000   0.001619      0          0        0.000000  0.000000   0.000051      0           0
   57716.590  0.141589  0.268562 -36.3603123      0.000057    -0.000094    0.000068  0.000051   0.0000275  0.000113   0.000091          0.     0.000     0.000     0.000     0.000         0      0      0      0.000000  0.000000   0.001497      0          0        0.000000  0.000000   0.000055      0           0
   57734.852  0.114995  0.266521 -36.3869570     -0.000025    -0.000218    0.000069  0.000052   0.0000277  0.000108   0.000085          0.     0.000     0.000     0.000     0.000         0      0      0      0.000000  0.000000   0.001313      0          0        0.000000  0.000000   0.000055      0           0
   57753.114  0.084088  0.263963 -36.4090179      0.000002    -0.000122    0.000069  0.000056   0.0000248  0.000128   0.000111          0.     0.000     0.000     0.000     0.000         0      0      0      0.000000  0.000000   0.001193      0          0        0.000000  0.000000   0.000056      0           0
   57771.376  0.052465  0.271092 -36.4311202     -0.000092    -0.000124    0.000069  0.000058   0.0000186  0.000072   0.000074          0.     0.000     0.000     0.000     0.000         0      0      0      0.000000  0.000000   0.001167      0          0        0.000000  0.000000   0.000055      0           0
   57789.638  0.025495  0.288687 -36.4521447     -0.000113    -0.000172    0.000072  0.000058   0.0000251  0.000075   0.000082          0.     0.000     0.000     0.000     0.000         0      0      0      0.000000  0.000000   0.001261      0          0        0.000000  0.000000   0.000056      0           0
   57807.900  0.005749  0.312862 -36.4770884     -0.000122    -0.000081    0.000069  0.000056   0.0000170  0.000093   0.000100          0.     0.000     0.000     0.000     0.000         0      0      0      0.000000  0.000000   0.001301      0          0        0.000000  0.000000   0.000051      0           0
   57826.162  0.004510  0.345270 -36.5015704     -0.000197    -0.000024    0.000069  0.000057   0.0000198  0.000077   0.000079          0.     0.000     0.000     0.000     0.000         0      0      0      0.000000  0.000000   0.001480      0          0        0.000000  0.000000   0.000051      0           0
   57844.425  0.006222  0.377992 -36.5292931     -0.000115     0.000008    0.000070  0.000057   0.0000343  0.000073   0.000076          0.     0.000     0.000     0.000     0.000         0      0      0      0.000000  0.000000   0.001506      0          0        0.000000  0.000000   0.000051      0           0
   57862.687  0.023755  0.410588 -36.5588131     -0.000177     0.000077    0.000068  0.000056   0.0000339  0.000108   0.000103          0.     0.000     0.000     0.000     0.000         0      0      0      0.000000  0.000000   0.001739      0          0        0.000000  0.000000   0.000052      0           0
   57880.949  0.049993  0.440808 -36.5878055     -0.000127     0.000168    0.000068  0.000057   0.0000229  0.000062   0.000064          0.     0.000     0.000     0.000     0.000         0      0      0      0.000000  0.000000   0.001419      0          0        0.000000  0.000000   0.000052      0           0
   57899.211  0.085526  0.456073 -36.6119591     -0.000112     0.000176    0.000067  0.000056   0.0000188  0.000073   0.000077          0.     0.000     0.000     0.000     0.000         0      0      0      0.000000  0.000000   0.001233      0          0        0.000000  0.000000   0.000050      0           0
   57917.473  0.115792  0.457280 -36.6310197     -0.000048     0.000182    0.000066  0.000056   0.0000189  0.000069   0.000079          0.     0.000     0.000     0.000     0.000         0      0      0      0.000000  0.000000   0.000714      0          0        0.000000  0.000000   0.000053      0           0
   57935.735  0.159151  0.449592 -36.6398843     -0.000027     0.000190    0.000067  0.000057   0.0000491  0.000288   0.000317          0.     0.000     0.000     0.000     0.000         0      0      0      0.000000  0.000000   0.000428      0          0        0.000000  0.000000   0.000059      0           0
   57953.997  0.197581  0.430198 -36.6474480      0.000039     0.000185    0.000067  0.000056   0.0000170  0.000056   0.000060          0.     0.000     0.000     0.000     0.000         0      0      0      0.000000  0.000000   0.000359      0          0        0.000000  0.000000   0.000059      0           0
   57972.259  0.218056  0.400462 -36.6551501      0.000086     0.000176    0.000068  0.000056   0.0000148  0.000072   0.000076          0.     0.000     0.000     0.000     0.000         0      0      0      0.000000  0.000000   0.000447      0          0        0.000000  0.000000   0.000051      0           0
   57990.521  0.232541  0.368753 -36.6614473      0.000137     0.000211    0.000066  0.000056   0.0000350  0.000097   0.000113          0.     0.000     0.000     0.000     0.000         0      0      0      0.000000  0.000000   0.000320      0          0        0.000000  0.000000   0.000059      0           0
   58008.783  0.238738  0.337812 -36.6706608      0.000182     0.000145    0.000068  0.000057   0.0000229  0.000077   0.000081          0.     0.000     0.000     0.000     0.000         0      0      0      0.000000  0.000000   0.000715      0          0        0.000000  0.000000   0.000058      0           0
   58027.046  0.224110  0.303745 -36.6856887      0.000244     0.000177    0.000069  0.000056   0.0000280  0.000086   0.000084          0.     0.000     0.000     0.000     0.000         0      0      0      0.000000  0.000000   0.000826      0          0        0.000000  0.000000   0.000056      0           0
   58045.308  0.200700  0.273360 -36.7025217      0.000255     0.000125    0.000067  0.000055   0.0000200  0.000072   0.000078          0.     0.000     0.000     0.000     0.000         0      0      0      0.000000  0.000000   0.001140      0          0        0.000000  0.000000   0.000051      0           0
   58063.570  0.172954  0.251578 -36.7242403      0.000318     0.000077    0.000067  0.000056   0.0000316  0.000168   0.000191          0.     0.000     0.000     0.000     0.000         0      0      0      0.000000  0.000000   0.001174      0          0        0.000000  0.000000   0.000056      0           0
   58081.832  0.138355  0.238046 -36.7453462      0.000276    -0.000051    0.000068  0.000057   0.0000161  0.000051   0.000052          0.     0.000     0.000     0.000     0.000         0      0      0      0.000000  0.000000   0.001103      0          0        0.000000  0.000000   0.000053      0           0
   58100.094  0.094219  0.235916 -36.7662507      0.000329    -0.000114    0.000068  0.000058   0.0000122  0.000056   0.000060          0.     0.000     0.000     0.000     0.000         0      0      0      0.000000  0.000000   0.001115      0          0        0.000000  0.000000   0.000056      0           0
   58118.356  0.059852  0.246509 -36.7831533      0.000264    -0.000154    0.000068  0.000054   0.0000360  0.000125   0.000118          0.     0.000     0.000     0.000     0.000         0      0      0      0.000000  0.000000   0.000749      0          0        0.000000  0.000000   0.000054      0           0
   58136.618  0.034177  0.266976 -36.7932409      0.000206    -0.000206    0.000071  0.000050   0.0000220  0.000061   0.000064          0.     0.000     0.000     0.000     0.000         0      0      0      0.000000  0.000000   0.000514      0          0        0.000000  0.000000   0.000059      0           0
   58154.880  0.008363  0.296312 -36.8097839      0.000118    -0.000281    0.000072  0.000051   0.0000210  0.000088   0.000094          0.     0.000     0.000     0.000     0.000         0      0      0      0.000000  0.000000   0.001243      0          0        0.000000  0.000000   0.000056      0           0
   58173.142  0.001068  0.331584 -36.8296421      0.000106    -0.000259    0.000072  0.000051   0.0000150  0.000063   0.000064          0.     0.000     0.000     0.000     0.000         0      0      0      0.000000  0.000000   0.000884      0          0        0.000000  0.000000   0.000053      0           0
   58191.404  0.012831  0.368610 -36.8468688     -0.000001    -0.000230    0.000072  0.000051   0.0000160  0.000085   0.000083          0.     0.000     0.000     0.000     0.000         0      0      0      0.000000  0.000000   0.001047      0          0        0.000000  0.000000   0.000053      0           0
   58209.666  0.030959  0.395895 -36.8658885      0.000012    -0.000131    0.000071  0.000050   0.0000280  0.000073   0.000075          0.     0.000     0.000     0.000     0.000         0      0      0      0.000000  0.000000   0.001025      0          0        0.000000  0.000000   0.000055      0           0
   58227.929  0.051534  0.425247 -36.8844737     -0.000063    -0.000043    0.000069  0.000049   0.0000301  0.000095   0.000103          0.     0.000     0.000     0.000     0.000         0      0      0      0.000000  0.000000   0.001086      0          0        0.000000  0.000000   0.000050      0           0
   58246.191  0.076833  0.442864 -36.9047647     -0.000086    -0.000104    0.000068  0.000049   0.0000268  0.000061   0.000060          0.     0.000     0.000     0.000     0.000         0      0      0      0.000000  0.000000   0.000956      0          0        0.000000  0.000000   0.000052      0           0
   58264.453  0.106797  0.447566 -36.9187466     -0.000191    -0.000103    0.000069  0.000050   0.0000150  0.000066   0.000067          0.     0.000     0.000     0.000     0.000         0      0      0      0.000000  0.000000   0.000720      0          0        0.000000  0.000000   0.000053      0           0
   58282.715  0.131124  0.444217 -36.9302557     -0.000189    -0.000073    0.000069  0.000050   0.0000183  0.000060   0.000061          0.     0.000     0.000     0.000     0.000         0      0      0      0.000000  0.000000   0.000372      0          0        0.000000  0.000000   0.000053      0           0
   58300.977  0.165164  0.428593 -36.9298746     -0.000140    -0.000011    0.000069  0.000051   0.0000200  0.000098   0.000105          0.     0.000     0.000     0.000     0.000         0      0      0      0.000000  0.000000  -0.000244      0          0        0.000000  0.000000   0.000052      0           0
   58319.239  0.191186  0.415544 -36.9291287     -0.000146     0.000097    0.000070  0.000050   0.0000170  0.000046   0.000044          0.     0.000     0.000     0.000     0.000         0      0      0      0.000000  0.000000   0.000163      0          0        0.000000  0.000000   0.000055      0           0
   58337.501  0.201133  0.397636 -36.9321779     -0.000212     0.000007    0.000069  0.000050   0.0000485  0.000251   0.000283          0.     0.000     0.000     0.000     0.000         0      0      0      0.000000  0.000000   0.000142      0          0        0.000000  0.000000   0.000055      0           0
   58355.763  0.209762  0.374682 -36.9355770     -0.000067     0.000142    0.000070  0.000050   0.0000460  0.000202   0.000229          0.     0.000     0.000     0.000     0.000         0      0      0      0.000000  0.000000   0.000224      0          0        0.000000  0.000000   0.000056      0           0
   58374.025  0.212996  0.355258 -36.9409777     -0.000091     0.000283    0.000071  0.000050   0.0000201  0.000098   0.000099          0.     0.000     0.000     0.000     0.000         0      0      0      0.000000  0.000000   0.000417      0          0        0.000000  0.000000   0.000054      0           0
   58392.287  0.210118  0.330949 -36.9520633      0.000142     0.000300    0.000070  0.000050   0.0000929  0.000483   0.000497          0.     0.000     0.000     0.000     0.000         0      0      0      0.000000  0.000000   0.000828      0          0        0.000000  0.000000   0.000053      0           0
   58410.550  0.198460  0.309572 -36.9686884      0.000231     0.000308    0.000069  0.000049   0.0000485  0.000359   0.000344          0.     0.000     0.000     0.000     0.000         0      0      0      0.000000  0.000000   0.000941      0          0        0.000000  0.000000   0.000050      0           0
   58428.812  0.179262  0.290152 -36.9864927      0.000418     0.000232    0.000071  0.000050   0.0000228  0.000085   0.000084          0.     0.000     0.000     0.000     0.000         0      0      0      0.000000  0.000000   0.000972      0          0        0.000000  0.000000   0.000056      0           0
   58447.074  0.158518  0.276519 -37.0059216      0.000243     0.000156    0.000070  0.000051   0.0000210  0.000067   0.000066          0.     0.000     0.000     0.000     0.000         0      0      0      0.000000  0.000000   0.001092      0          0        0.000000  0.000000   0.000053      0           0
   58465.336  0.124248  0.269459 -37.0221300      0.000362     0.000095    0.000069  0.000050   0.0000200  0.000074   0.000078          0.     0.000     0.000     0.000     0.000         0      0      0      0.000000  0.000000   0.000730      0          0        0.000000  0.000000   0.000058      0           0
   58483.598  0.086693  0.270017 -37.0346299      0.000341    -0.000026    0.000070  0.000049   0.0000254  0.000073   0.000069          0.     0.000     0.000     0.000     0.000         0      0      0      0.000000  0.000000   0.000696      0          0        0.000000  0.000000   0.000061      0           0
   58501.860  0.062001  0.286694 -37.0479623      0.000289    -0.000135    0.000072  0.000049   0.0000200  0.000044   0.000043          0.     0.000     0.000     0.000     0.000         0      0      0      0.000000  0.000000   0.000812      0          0        0.000000  0.000000   0.000059      0           0
   58520.122  0.044023  0.314059 -37.0650825      0.000297    -0.000188    0.000072  0.000049   0.0000140  0.000051   0.000048          0.     0.000     0.000     0.000     0.000         0      0      0      0.000000  0.000000   0.001034      0          0        0.000000  0.000000   0.000061      0           0
   58538.384  0.036892  0.338279 -37.0841488      0.000279    -0.000194    0.000073  0.000049   0.0000181  0.000055   0.000052          0.     0.000     0.000     0.000     0.000         0      0      0      0.000000  0.000000   0.000951      0          0        0.000000  0.000000   0.000052      0           0
   58556.646  0.045496  0.363669 -37.1008223      0.000242    -0.000205    0.000073  0.000049   0.0000237  0.000049   0.000046          0.     0.000     0.000     0.000     0.000         0      0      0      0.000000  0.000000   0.000978      0          0        0.000000  0.000000   0.000058      0           0
   58574.908  0.048970  0.385156 -37.1207258      0.000163    -0.000167    0.000071  0.000049   0.0000181  0.000048   0.000045          0.     0.000     0.000     0.000     0.000         0      0      0      0.000000  0.000000   0.001159      0          0        0.000000  0.000000   0.000053      0           0
   58593.171  0.059486  0.403549 -37.1397812      0.000089    -0.000153    0.000071  0.000049   0.0000172  0.000050   0.000047          0.     0.000     0.000     0.000     0.000         0      0      0      0.000000  0.000000   0.000891      0          0        0.000000  0.000000   0.000053      0           0
   58611.433  0.081077  0.416176 -37.1552781      0.000071    -0.000168    0.000072  0.000049   0.0000289  0.000046   0.000043          0.     0.000     0.000     0.000     0.000         0      0      0      0.000000  0.000000   0.000802      0          0        0.000000  0.000000   0.000052      0           0
   58629.695  0.102166  0.427507 -37.1677676      0.000058    -0.000176    0.000070  0.000049   0.0000327  0.000051   0.000047          0.     0.000     0.000     0.000     0.000         0      0      0      0.000000  0.000000   0.000519      0          0        0.000000  0.000000   0.000054      0           0
   58647.957  0.136083  0.429240 -37.1738899      0.000012    -0.000096    0.000071  0.000050   0.0007164  0.000047   0.000045          0.     0.000     0.000     0.000     0.000         0      0      0      0.000000  0.000000   0.000190      0          0        0.000000  0.000000   0.000056      0           0
   58666.219  0.159552  0.419179 -37.1739892     -0.000026    -0.000224    0.000072  0.000050   0.0000350  0.000042   0.000040          0.     0.000     0.000     0.000     0.000         0      0      0      0.000000  0.000000  -0.000258      0          0        0.000000  0.000000   0.000051      0           0
   58684.481  0.184311  0.402598 -37.1660714     -0.000059    -0.000132    0.000072  0.000050   0.0000225  0.000048   0.000047          0.     0.000     0.000     0.000     0.000         0      0      0      0.000000  0.000000  -0.000484      0          0        0.000000  0.000000   0.000057      0           0
   58702.743  0.212326  0.386578 -37.1590467     -0.000052    -0.000022    0.000072  0.000050   0.0000140  0.000051   0.000048          0.     0.000     0.000     0.000     0.000         0      0      0      0.000000  0.000000  -0.000300      0          0        0.000000  0.000000   0.000058      0           0
   58721.005  0.216532  0.361734 -37.1544082     -0.000082     0.000020    0.000073  0.000050   0.0000150  0.000051   0.000048          0.     0.000     0.000     0.000     0.000         0      0      0      0.000000  0.000000  -0.000147      0          0        0.000000  0.000000   0.000054      0           0
   58739.267  0.209697  0.332170 -37.1537279     -0.000024     0.000107    0.000072  0.000049   0.0000160  0.000047   0.000045          0.     0.000     0.000     0.000     0.000         0      0      0      0.000000  0.000000  -0.000043      0          0        0.000000  0.000000   0.000054      0           0
   58757.529  0.197373  0.310960 -37.1520373      0.000035     0.000151    0.000071  0.000049   0.0000211  0.000057   0.000053          0.     0.000     0.000     0.000     0.000         0      0      0      0.000000  0.000000  -0.000071      0          0        0.000000  0.000000   0.000056      0           0
   58775.792  0.176002  0.293239 -37.1539097      0.000074     0.000172    0.000071  0.000048   0.0000150  0.000049   0.000046          0.     0.000     0.000     0.000     0.000         0      0      0      0.000000  0.000000   0.000306      0          0        0.000000  0.000000   0.000054      0           0
   58794.054  0.161051  0.277598 -37.1604564      0.000099     0.000180    0.000072  0.000050   0.0000209  0.000051   0.000047          0.     0.000     0.000     0.000     0.000         0      0      0      0.000000  0.000000   0.000436      0          0        0.000000  0.000000   0.000056      0           0
   58812.316  0.131999  0.270486 -37.1680893      0.000055     0.000173    0.000071  0.000049   0.0000203  0.000044   0.000042          0.     0.000     0.000     0.000     0.000         0      0      0      0.000000  0.000000   0.000339      0          0        0.000000  0.000000   0.000060      0           0
   58830.578  0.103268  0.273060 -37.1726456      0.000174     0.000099    0.000071  0.000050   0.0000200  0.000073   0.000063          0.     0.000     0.000     0.000     0.000         0      0      0      0.000000  0.000000   0.000152      0          0        0.000000  0.000000   0.000060      0           0
   58848.840  0.077373  0.282381 -37.1773044      0.000271     0.000048    0.000071  0.000050   0.0000160  0.000069   0.000057          0.     0.000     0.000     0.000     0.000         0      0      0      0.000000  0.000000   0.000310      0          0        0.000000  0.000000   0.000061      0           0
   58867.102  0.055512  0.297933 -37.1829037      0.000171     0.000020    0.000072  0.000050   0.0000200  0.000034   0.000031          0.     0.000     0.000     0.000     0.000         0      0      0      0.000000  0.000000   0.000537      0          0        0.000000  0.000000   0.000053      0           0
   58885.364  0.040866  0.322051 -37.1936279      0.000268     0.000016    0.000074  0.000050   0.0000234  0.000121   0.000157          0.     0.000     0.000     0.000     0.000         0      0      0      0.000000  0.000000   0.000410      0          0        0.000000  0.000000   0.000061      0           0
   58903.626  0.027846  0.345381 -37.2012854      0.000301     0.000010    0.000073  0.000050   0.0000153  0.000062   0.000071          0.     0.000     0.000     0.000     0.000         0      0      0      0.000000  0.000000   0.000622      0          0        0.000000  0.000000   0.000065      0           0
   58921.888  0.031989  0.376844 -37.2155422      0.000278    -0.000030    0.000072  0.000050   0.0000110  0.000036   0.000034          0.     0.000     0.000     0.000     0.000         0      0      0      0.000000  0.000000   0.000760      0          0        0.000000  0.000000   0.000056      0           0
   58940.151  0.051145  0.401456 -37.2265810      0.000236    -0.000084    0.000071  0.000049   0.0000150  0.000033   0.000031          0.     0.000     0.000     0.000     0.000         0      0      0      0.000000  0.000000   0.000647      0          0        0.000000  0.000000   0.000067      0           0
   58958.413  0.063475  0.423565 -37.2391928      0.000178    -0.000019    0.000073  0.000050   0.0000194  0.000034   0.000033          0.     0.000     0.000     0.000     0.000         0      0      0      0.000000  0.000000   0.000507      0          0        0.000000  0.000000   0.000052      0           0
   58976.675  0.087326  0.442592 -37.2472246      0.000181    -0.000136    0.000071  0.000050   0.0000163  0.000034   0.000032          0.     0.000     0.000     0.000     0.000         0      0      0      0.000000  0.000000   0.000480      0          0        0.000000  0.000000   0.000054      0           0
   58994.937  0.109566  0.444808 -37.2546234      0.000118    -0.000119    0.000071  0.000050   0.0000169  0.000036   0.000034          0.     0.000     0.000     0.000     0.000         0      0      0      0.000000  0.000000   0.000217      0          0        0.000000  0.000000   0.000052      0           0
   59013.199  0.133051  0.440082 -37.2521638      0.000215    -0.000042    0.000071  0.000050   0.0000170  0.000040   0.000039          0.     0.000     0.000     0.000     0.000         0      0      0      0.000000  0.000000  -0.000511      0          0        0.000000  0.000000   0.000058      0           0
   59031.461  0.167892  0.430358 -37.2387277      0.000162    -0.000153    0.000071  0.000050   0.0000185  0.000043   0.000042          0.     0.000     0.000     0.000     0.000         0      0      0      0.000000  0.000000  -0.000902      0          0        0.000000  0.000000   0.000055      0           0
   59049.723  0.193772  0.409196 -37.2193959      0.000146    -0.000146    0.000072  0.000050   0.0000170  0.000048   0.000046          0.     0.000     0.000     0.000     0.000         0      0      0      0.000000  0.000000  -0.001111      0          0        0.000000  0.000000   0.000060      0           0
   59067.985  0.207890  0.389582 -37.2036331      0.000133    -0.000036    0.000074  0.000051   0.0000230  0.000064   0.000064          0.     0.000     0.000     0.000     0.000         0      0      0      0.000000  0.000000  -0.000606      0          0        0.000000  0.000000   0.000058      0           0
   59086.247  0.218091  0.367564 -37.1910364      0.000159    -0.000123    0.000073  0.000051   0.0000189  0.000051   0.000049          0.     0.000     0.000     0.000     0.000         0      0      0      0.000000  0.000000  -0.000816      0          0        0.000000  0.000000   0.000058      0           0
   59104.509  0.209767  0.346357 -37.1782970      0.000111    -0.000060    0.000073  0.000051   0.0000200  0.000052   0.000053          0.     0.000     0.000     0.000     0.000         0      0      0      0.000000  0.000000  -0.000416      0          0        0.000000  0.000000   0.000058      0           0
   59122.772  0.194036  0.324944 -37.1734978      0.000079     0.000010    0.000074  0.000051   0.0000190  0.000054   0.000054          0.     0.000     0.000     0.000     0.000         0      0      0      0.000000  0.000000  -0.000253      0          0        0.000000  0.000000   0.000059      0           0
   59141.034  0.175887  0.306307 -37.1715412      0.000101     0.000067    0.000075  0.000051   0.0000210  0.000058   0.000058          0.     0.000     0.000     0.000     0.000         0      0      0      0.000000  0.000000   0.000156      0          0        0.000000  0.000000   0.000060      0           0
   59159.296  0.151074  0.293569 -37.1760486      0.000187     0.000087    0.000076  0.000053   0.0000219  0.000064   0.000062          0.     0.000     0.000     0.000     0.000         0      0      0      0.000000  0.000000   0.000209      0          0        0.000000  0.000000   0.000064      0           0
   59177.558  0.120677  0.287012 -37.1783516      0.000121     0.000070    0.000075  0.000054   0.0000231  0.000087   0.000075          0.     0.000     0.000     0.000     0.000         0      0      0      0.000000  0.000000   0.000080      0          0        0.000000  0.000000   0.000054      0           0
   59195.820  0.088422  0.291238 -37.1792402      0.000084    -0.000073    0.000062  0.000059   0.0000170  0.000006   0.000005          0.     0.000     0.000     0.000     0.000         0      0      0      0.000000  0.000000  -0.000048      0          0        0.000000  0.000000   0.000013      0           0
   59214.082  0.069152  0.303426 -37.1766918      0.000077     0.000196    0.000068  0.000063   0.0000648  0.001285   0.001206          0.     0.000     0.000     0.000     0.000         0      0      0      0.000000  0.000000  -0.000224      0          0        0.000000  0.000000   0.000020      0           0
   59232.344  0.052858  0.319820 -37.1712310      0.000208     0.000073    0.000062  0.000061   0.0000043  0.000048   0.000093          0.     0.000     0.000     0.000     0.000         0      0      0      0.000000  0.000000  -0.000340      0          0        0.000000  0.000000   0.000025      0           0
   59250.606  0.049889  0.346419 -37.1684889      0.000211     0.000032    0.000066  0.000061   0.0000150  0.000082   0.000079          0.     0.000     0.000     0.000     0.000         0      0      0      0.000000  0.000000   0.000137      0          0        0.000000  0.000000   0.000027      0           0
   59268.868  0.050260  0.366258 -37.1709840      0.000167     0.000003    0.000064  0.000062   0.0000130  0.000066   0.000076          0.     0.000     0.000     0.000     0.000         0      0      0      0.000000  0.000000  -0.000021      0          0        0.000000  0.000000   0.000028      0           0
   59287.130  0.061935  0.391660 -37.1713497      0.000234    -0.000006    0.000063  0.000061   0.0000258  0.000049   0.000050          0.     0.000     0.000     0.000     0.000         0      0      0      0.000000  0.000000   0.000081      0          0        0.000000  0.000000   0.000026      0           0
   59305.393  0.081064  0.412833 -37.1731645      0.000258     0.000067    0.000062  0.000059   0.0000114  0.000056   0.000078          0.     0.000     0.000     0.000     0.000         0      0      0      0.000000  0.000000   0.000191      0          0        0.000000  0.000000   0.000027      0           0
   59323.655  0.094961  0.427360 -37.1791238      0.000209    -0.000081    0.000063  0.000060   0.0000199  0.000069   0.000061          0.     0.000     0.000     0.000     0.000         0      0      0      0.000000  0.000000   0.000365      0          0        0.000000  0.000000   0.000027      0           0
   59341.917  0.117918  0.442042 -37.1825267      0.000220    -0.000064    0.000061  0.000059   0.0000280  0.000090   0.000216          0.     0.000     0.000     0.000     0.000         0      0      0      0.000000  0.000000   0.000064      0          0        0.000000  0.000000   0.000027      0           0
   59360.179  0.153272  0.445046 -37.1843173      0.000215    -0.000175    0.000066  0.000064   0.0000060  0.000045   0.000041          0.     0.000     0.000     0.000     0.000         0      0      0      0.000000  0.000000   0.000004      0          0        0.000000  0.000000   0.000025      0           0
   59378.441  0.176554  0.434892 -37.1800761      0.000237    -0.000116    0.000063  0.000062   0.0000140  0.000073   0.000093          0.     0.000     0.000     0.000     0.000         0      0      0      0.000000  0.000000  -0.000452      0          0        0.000000  0.000000   0.000026      0           0
   59396.703  0.206750  0.418854 -37.1664449      0.000226    -0.000136    0.000062  0.000062   0.0000090  0.000068   0.000107          0.     0.000     0.000     0.000     0.000         0      0      0      0.000000  0.000000  -0.000995      0          0        0.000000  0.000000   0.000027      0           0
   59414.965  0.239297  0.398375 -37.1500537      0.000198    -0.000112    0.000061  0.000061   0.0000070  0.000064   0.000146          0.     0.000     0.000     0.000     0.000         0      0      0      0.000000  0.000000  -0.000705      0          0        0.000000  0.000000   0.000026      0           0
   59433.227  0.250137  0.371290 -37.1383993      0.000251    -0.000065    0.000062  0.000060   0.0000110  0.000074   0.000134          0.     0.000     0.000     0.000     0.000         0      0      0      0.000000  0.000000  -0.000687      0          0        0.000000  0.000000   0.000026      0           0
   59451.489  0.246364  0.339607 -37.1238863      0.000246    -0.000100    0.000059  0.000059   0.0000080  0.000057   0.000072          0.     0.000     0.000     0.000     0.000         0      0      0      0.000000  0.000000  -0.000775      0          0        0.000000  0.000000   0.000030      0           0
   59469.751  0.237998  0.308356 -37.1129185      0.000182    -0.000110    0.000062  0.000060   0.0000070  0.000057   0.000095          0.     0.000     0.000     0.000     0.000         0      0      0      0.000000  0.000000  -0.000478      0          0        0.000000  0.000000   0.000028      0           0
   59488.014  0.220010  0.280188 -37.1063130      0.000237    -0.000099    0.000065  0.000061   0.0000050  0.000059   0.000064          0.     0.000     0.000     0.000     0.000         0      0      0      0.000000  0.000000  -0.000220      0          0        0.000000  0.000000   0.000027      0           0
   59506.276  0.189576  0.260381 -37.1048901      0.000205    -0.000064    0.000063  0.000060   0.0000050  0.000051   0.000056          0.     0.000     0.000     0.000     0.000         0      0      0      0.000000  0.000000   0.000026      0          0        0.000000  0.000000   0.000025      0           0
   59524.538  0.158062  0.248863 -37.1064620      0.000235    -0.000064    0.000065  0.000063   0.0000070  0.000045   0.000050          0.     0.000     0.000     0.000     0.000         0      0      0      0.000000  0.000000   0.000120      0          0        0.000000  0.000000   0.000027      0           0
   59542.800  0.128027  0.248089 -37.1072081      0.000184    -0.000052    0.000065  0.000063   0.0000164  0.000052   0.000067          0.     0.000     0.000     0.000     0.000         0      0      0      0.000000  0.000000  -0.000026      0          0        0.000000  0.000000   0.000026      0           0
   59561.062  0.093338  0.258281 -37.1076513      0.000253    -0.000106    0.000064  0.000064   0.0000248  0.000055   0.000090          0.     0.000     0.000     0.000     0.000         0      0      0      0.000000  0.000000   0.000102      0          0        0.000000  0.000000   0.000026      0           0
   59579.324  0.056839  0.276177 -37.1098404      0.000171    -0.000211    0.000062  0.000062   0.0000103  0.000046   0.000047          0.     0.000     0.000     0.000     0.000         0      0      0      0.000000  0.000000   0.000096      0          0        0.000000  0.000000   0.000031      0           0
   59597.586  0.039251  0.302828 -37.1101572      0.000167    -0.000134    0.000064  0.000062   0.0000099  0.000108   0.000122          0.     0.000     0.000     0.000     0.000         0      0      0      0.000000  0.000000  -0.000094      0          0        0.000000  0.000000   0.000024      0           0
   59615.848  0.024098  0.332069 -37.1065715      0.000178    -0.000122    0.000065  0.000063   0.0000080  0.000076   0.000084          0.     0.000     0.000     0.000     0.000         0      0      0      0.000000  0.000000  -0.000267      0          0        0.000000  0.000000   0.000030      0           0
   59634.110  0.018251  0.363968 -37.1030545      0.000170    -0.000106    0.000065  0.000064   0.0000070  0.000039   0.000041          0.     0.000     0.000     0.000     0.000         0      0      0      0.000000  0.000000  -0.000077      0          0        0.000000  0.000000   0.000027      0           0
   59652.372  0.033513  0.397076 -37.1013414      0.000219    -0.000088    0.000068  0.000065   0.0000060  0.000046   0.000050          0.     0.000     0.000     0.000     0.000         0      0      0      0.000000  0.000000  -0.000149      0          0        0.000000  0.000000   0.000026      0           0
   59670.635  0.043476  0.428842 -37.0989818      0.000225    -0.000067    0.000068  0.000065   0.0000050  0.000048   0.000052          0.     0.000     0.000     0.000     0.000         0      0      0      0.000000  0.000000  -0.000094      0          0        0.000000  0.000000   0.000029      0           0
   59688.897  0.068340  0.461832 -37.0978651      0.000324    -0.000069    0.000071  0.000069   0.0000070  0.000055   0.000057          0.     0.000     0.000     0.000     0.000         0      0      0      0.000000  0.000000  -0.000078      0          0        0.000000  0.000000   0.000029      0           0
   59707.159  0.106115  0.480251 -37.0964398      0.000284    -0.000097    0.000067  0.000065   0.0000050  0.000061   0.000058          0.     0.000     0.000     0.000     0.000         0      0      0      0.000000  0.000000   0.000063      0          0        0.000000  0.000000   0.000026      0           0
   59725.421  0.141599  0.487588 -37.0973966      0.000333    -0.000039    0.000071  0.000069   0.0000090  0.000047   0.000049          0.     0.000     0.000     0.000     0.000         0      0      0      0.000000  0.000000  -0.000206      0          0        0.000000  0.000000   0.000027      0           0
   59743.683  0.183421  0.479777 -37.0867137      0.000323    -0.000121    0.000066  0.000065   0.0000100  0.000051   0.000051          0.     0.000     0.000     0.000     0.000         0      0      0      0.000000  0.000000  -0.000872      0          0        0.000000  0.000000   0.000026      0           0
   59761.945  0.233117  0.459773 -37.0687938      0.000332    -0.000127    0.000067  0.000066   0.0000040  0.000049   0.000053          0.     0.000     0.000     0.000     0.000         0      0      0      0.000000  0.000000  -0.000993      0          0        0.000000  0.000000   0.000024      0           0
   59780.207  0.271592  0.428470 -37.0502449      0.000303    -0.000152    0.000063  0.000062   0.0000080  0.000050   0.000056          0.     0.000     0.000     0.000     0.000         0      0      0      0.000000  0.000000  -0.001043      0          0        0.000000  0.000000   0.000026      0           0
   59798.469  0.292146  0.390021 -37.0334085      0.000283    -0.000244    0.000063  0.000062   0.0000100  0.000049   0.000054          0.     0.000     0.000     0.000     0.000         0      0      0      0.000000  0.000000  -0.000817      0          0        0.000000  0.000000   0.000026      0           0
   59816.731  0.304734  0.345666 -37.0177620      0.000298    -0.000118    0.000066  0.000065   0.0000070  0.000061   0.000068          0.     0.000     0.000     0.000     0.000         0      0      0      0.000000  0.000000  -0.000782      0          0        0.000000  0.000000   0.000021      0           0
   59834.993  0.297749  0.298962 -37.0095706      0.000336    -0.000140    0.000069  0.000065   0.0000030  0.000059   0.000069          0.     0.000     0.000     0.000     0.000         0      0      0      0.000000  0.000000  -0.000245      0          0        0.000000  0.000000   0.000023      0           0
   59853.255  0.280155  0.258537 -37.0045399      0.000281    -0.000128    0.000071  0.000067   0.0000153  0.000046   0.000057          0.     0.000     0.000     0.000     0.000         0      0      0      0.000000  0.000000  -0.000209      0          0        0.000000  0.000000   0.000026      0           0
   59871.518  0.242270  0.222030 -37.0059199      0.000331    -0.000077    0.000069  0.000067   0.0000100  0.000036   0.000043          0.     0.000     0.000     0.000     0.000         0      0      0      0.000000  0.000000   0.000362      0          0        0.000000  0.000000   0.000028      0           0
   59889.780  0.196536  0.198746 -37.0134115      0.000305    -0.000125    0.000072  0.000070   0.0000110  0.000038   0.000036          0.     0.000     0.000     0.000     0.000         0      0      0      0.000000  0.000000   0.000398      0          0        0.000000  0.000000   0.000029      0           0
   59908.042  0.161705  0.191024 -37.0192041      0.000245    -0.000099    0.000064  0.000063   0.0000100  0.000034   0.000033          0.     0.000     0.000     0.000     0.000         0      0      0      0.000000  0.000000   0.000171      0          0        0.000000  0.000000   0.000028      0           0
   59926.304  0.112232  0.190177 -37.0186921      0.000269    -0.000135    0.000056  0.000056   0.0000089  0.000038   0.000035          0.     0.000     0.000     0.000     0.000         0      0      0      0.000000  0.000000  -0.000128      0          0        0.000000  0.000000   0.000026      0           0
   59944.566  0.066309  0.200655 -37.0180898      0.000221    -0.000126    0.000058  0.000056   0.0000139  0.000030   0.000028          0.     0.000     0.000     0.000     0.000         0      0      0      0.000000  0.000000   0.000043      0          0        0.000000  0.000000   0.000026      0           0
   59962.828  0.018812  0.222421 -37.0171704      0.000244    -0.000137    0.000058  0.000056   0.0000150  0.000028   0.000027          0.     0.000     0.000     0.000     0.000         0      0      0      0.000000  0.000000  -0.000226      0          0        0.000000  0.000000   0.000026      0           0
   59981.090 -0.010887  0.257721 -37.0125664      0.000297    -0.000152    0.000060  0.000060   0.0000100  0.000043   0.000033          0.     0.000     0.000     0.000     0.000         0      0      0      0.000000  0.000000  -0.000128      0          0        0.000000  0.000000   0.000026      0           0
   59999.352 -0.041024  0.302184 -37.0132351      0.000262    -0.000056    0.000061  0.000060   0.0000190  0.000013   0.000016          0.     0.000     0.000     0.000     0.000         0      0      0      0.000000  0.000000   0.000202      0          0        0.000000  0.000000   0.000028      0           0
   60017.614 -0.040549  0.356926 -37.0198871      0.000275    -0.000060    0.000062  0.000060   0.0000240  0.000887   0.000451          0.     0.000     0.000     0.000     0.000         0      0      0      0.000000  0.000000   0.000412      0          0        0.000000  0.000000   0.000027      0           0
   60035.876 -0.017408  0.407563 -37.0255825      0.000286    -0.000012    0.000060  0.000060   0.0000170  0.000006   0.000017          0.     0.000     0.000     0.000     0.000         0      0      0      0.000000  0.000000   0.000312      0          0        0.000000  0.000000   0.000023      0           0
   60054.139  0.006985  0.452360 -37.0320496      0.000318    -0.000036    0.000061  0.000060   0.0000149  0.000080   0.000066          0.     0.000     0.000     0.000     0.000         0      0      0      0.000000  0.000000   0.000299      0          0        0.000000  0.000000   0.000023      0           0
   60072.401  0.040913  0.482547 -37.0382309      0.000381    -0.000169    0.000058  0.000057   0.0000124  0.000220   0.000056          0.     0.000     0.000     0.000     0.000         0      0      0      0.000000  0.000000   0.000507      0          0        0.000000  0.000000   0.000024      0           0
   60090.663  0.085084  0.503177 -37.0461358      0.000390    -0.000070    0.000054  0.000055   0.0000197  0.000423   0.000098          0.     0.000     0.000     0.000     0.000         0      0      0      0.000000  0.000000   0.000111      0          0        0.000000  0.000000   0.000027      0           0
   60108.925  0.131384  0.512841 -37.0434284      0.000373    -0.000188    0.000055  0.000056   0.0000300  0.000205   0.000089          0.     0.000     0.000     0.000     0.000         0      0      0      0.000000  0.000000  -0.000310      0          0        0.000000  0.000000   0.000030      0           0
   60127.187  0.187147  0.507925 -37.0351797      0.000364    -0.000185    0.000056  0.000055   0.0000529  0.000103   0.000097          0.     0.000     0.000     0.000     0.000         0      0      0      0.000000  0.000000  -0.000641      0          0        0.000000  0.000000   0.000024      0           0
   60145.449  0.234825  0.491158 -37.0220261      0.000388    -0.000167    0.000057  0.000057   0.0000119  0.000043   0.000037          0.     0.000     0.000     0.000     0.000         0      0      0      0.000000  0.000000  -0.000611      0          0        0.000000  0.000000   0.000026      0           0
   60163.711  0.272809  0.462441 -37.0122589      0.000326    -0.000140    0.000056  0.000057   0.0000180  0.000065   0.000044          0.     0.000     0.000     0.000     0.000         0      0      0      0.000000  0.000000  -0.000576      0          0        0.000000  0.000000   0.000024      0           0
   60181.973  0.296337  0.424626 -37.0008765      0.000377    -0.000139    0.000060  0.000057   0.0000310  0.000173   0.000128          0.     0.000     0.000     0.000     0.000         0      0      0      0.000000  0.000000  -0.000582      0          0        0.000000  0.000000   0.000026      0           0
   60200.235  0.308645  0.382080 -36.9922338      0.000370    -0.000115    0.000060  0.000058   0.0000169  0.000043   0.000059          0.     0.000     0.000     0.000     0.000         0      0      0      0.000000  0.000000  -0.000409      0          0        0.000000  0.000000   0.000025      0           0
   60218.497  0.300806  0.332604 -36.9868042      0.000248    -0.000078    0.000060  0.000060   0.0000225  0.000063   0.000052          0.     0.000     0.000     0.000     0.000         0      0      0      0.000000  0.000000  -0.000142      0          0        0.000000  0.000000   0.000033      0           0
   60236.760  0.285963  0.290985 -36.9865862      0.000247    -0.000040    0.000058  0.000057   0.0000342  0.000040   0.000035          0.     0.000     0.000     0.000     0.000         0      0      0      0.000000  0.000000   0.000077      0          0        0.000000  0.000000   0.000025      0           0
   60255.022  0.267280  0.258396 -36.9880549      0.000302    -0.000083    0.000058  0.000056   0.0000150  0.000070   0.000058          0.     0.000     0.000     0.000     0.000         0      0      0      0.000000  0.000000   0.000134      0          0        0.000000  0.000000   0.000028      0           0
   60273.284  0.238247  0.230965 -36.9893071      0.000302    -0.000048    0.000056  0.000058   0.0000230  0.000075   0.000095          0.     0.000     0.000     0.000     0.000         0      0      0      0.000000  0.000000  -0.000095      0          0        0.000000  0.000000   0.000028      0           0
   60291.546  0.190660  0.207060 -36.9883333      0.000349    -0.000098    0.000057  0.000056   0.0000235  0.000057   0.000072          0.     0.000     0.000     0.000     0.000         0      0      0      0.000000  0.000000   0.000070      0          0        0.000000  0.000000   0.000022      0           0
   60309.808  0.137498  0.202422 -36.9920115      0.000291    -0.000118    0.000056  0.000055   0.0000234  0.000068   0.000051          0.     0.000     0.000     0.000     0.000         0      0      0      0.000000  0.000000   0.000196      0          0        0.000000  0.000000   0.000028      0           0
   60328.070  0.102463  0.211895 -36.9928760      0.000254    -0.000079    0.000056  0.000057   0.0000160  0.000050   0.000042          0.     0.000     0.000     0.000     0.000         0      0      0      0.000000  0.000000   0.000046      0          0        0.000000  0.000000   0.000028      0           0
   60346.332  0.054615  0.228315 -36.9972574      0.000350    -0.000155    0.000059  0.000059   0.0000177  0.000049   0.000045          0.     0.000     0.000     0.000     0.000         0      0      0      0.000000  0.000000   0.000346      0          0        0.000000  0.000000   0.000027      0           0
   60364.594  0.019676  0.259102 -37.0024313      0.000279    -0.000164    0.000059  0.000058   0.0000130  0.000028   0.000033          0.     0.000     0.000     0.000     0.000         0      0      0      0.000000  0.000000   0.000151      0          0        0.000000  0.000000   0.000022      0           0
   60382.856 -0.008946  0.299610 -37.0065688      0.000292    -0.000013    0.000058  0.000059   0.0000190  0.000278   0.000085          0.     0.000     0.000     0.000     0.000         0      0      0      0.000000  0.000000   0.000418      0          0        0.000000  0.000000   0.000027      0           0
   60401.118 -0.011918  0.340882 -37.0145515      0.000336    -0.000095    0.000054  0.000055   0.0000263  0.000377   0.000276          0.     0.000     0.000     0.000     0.000         0      0      0      0.000000  0.000000   0.000274      0          0        0.000000  0.000000   0.000025      0           0
   60419.381 -0.003230  0.380330 -37.0174950      0.000285    -0.000051    0.000059  0.000057   0.0000192  0.000275   0.000189          0.     0.000     0.000     0.000     0.000         0      0      0      0.000000  0.000000   0.000169      0          0        0.000000  0.000000   0.000024      0           0
   60437.643  0.010998  0.415819 -37.0199249      0.000279    -0.000096    0.000058  0.000059   0.0000170  0.000065   0.000058          0.     0.000     0.000     0.000     0.000         0      0      0      0.000000  0.000000   0.000064      0          0        0.000000  0.000000   0.000026      0           0
   60455.905  0.027445  0.440666 -37.0208899      0.000346    -0.000113    0.000053  0.000054   0.0000140  0.000072   0.000063          0.     0.000     0.000     0.000     0.000         0      0      0      0.000000  0.000000   0.000034      0          0        0.000000  0.000000   0.000026      0           0
   60474.167  0.049519  0.467492 -37.0175257      0.000363    -0.000142    0.000055  0.000055   0.0000222  0.000067   0.000062          0.     0.000     0.000     0.000     0.000         0      0      0      0.000000  0.000000  -0.000546      0          0        0.000000  0.000000   0.000025      0           0
   60492.429  0.091837  0.478073 -37.0018032      0.000325    -0.000131    0.000054  0.000054   0.0000200  0.000051   0.000049          0.     0.000     0.000     0.000     0.000         0      0      0      0.000000  0.000000  -0.001058      0          0        0.000000  0.000000   0.000028      0           0
   60510.691  0.134727  0.479162 -36.9836023      0.000381    -0.000193    0.000055  0.000056   0.0000210  0.000057   0.000054          0.     0.000     0.000     0.000     0.000         0      0      0      0.000000  0.000000  -0.000830      0          0        0.000000  0.000000   0.000026      0           0
   60528.953  0.174268  0.473636 -36.9684725      0.000278    -0.000074    0.000057  0.000057   0.0000270  0.000094   0.000082          0.     0.000     0.000     0.000     0.000         0      0      0      0.000000  0.000000  -0.000909      0          0        0.000000  0.000000   0.000025      0           0
   60547.215  0.203298  0.455577 -36.9530486      0.000327    -0.000088    0.000057  0.000055   0.0000259  0.000094   0.000083          0.     0.000     0.000     0.000     0.000         0      0      0      0.000000  0.000000  -0.000711      0          0        0.000000  0.000000   0.000027      0           0
   60565.477  0.217404  0.431916 -36.9433617      0.000372    -0.000080    0.000051  0.000052   0.0000166  0.000045   0.000033          0.     0.000     0.000     0.000     0.000         0      0      0      0.000000  0.000000  -0.000310      0          0        0.000000  0.000000   0.000032      0           0
   60583.740  0.225955  0.408982 -36.9409145      0.000292    -0.000029    0.000054  0.000055   0.0000158  0.000593   0.000633          0.     0.000     0.000     0.000     0.000         0      0      0      0.000000  0.000000  -0.000034      0          0        0.000000  0.000000   0.000025      0           0
   60602.002  0.223976  0.382328 -36.9430603      0.000463    -0.000077    0.000054  0.000053   0.0000320  0.000049   0.000093          0.     0.000     0.000     0.000     0.000         0      0      0      0.000000  0.000000   0.000231      0          0        0.000000  0.000000   0.000030      0           0
   60620.264  0.210914  0.358001 -36.9462088      0.000416    -0.000037    0.000050  0.000052   0.0000530  0.000111   0.000741          0.     0.000     0.000     0.000     0.000         0      0      0      0.000000  0.000000   0.000104      0          0        0.000000  0.000000   0.000027      0           0
   60638.526  0.199722  0.335975 -36.9487087      0.000422    -0.000067    0.000048  0.000050   0.0000195  0.000113   0.000022          0.     0.000     0.000     0.000     0.000         0      0      0      0.000000  0.000000   0.000194      0          0        0.000000  0.000000   0.000025      0           0
   60656.788  0.175421  0.314400 -36.9508183      0.000370    -0.000060    0.000050  0.000050   0.0000100  0.000054   0.000059          0.     0.000     0.000     0.000     0.000         0      0      0      0.000000  0.000000   0.000096      0          0        0.000000  0.000000   0.000026      0           0
   60675.050  0.146379  0.306429 -36.9547874      0.000281    -0.000231    0.000051  0.000050   0.0000950  0.000137   0.000100          0.     0.000     0.000     0.000     0.000         0      0      0      0.000000  0.000000   0.000226      0          0        0.000000  0.000000   0.000025      0           0
   60693.312  0.122199  0.303532 -36.9555948      0.000502    -0.000156    0.000048  0.000042   0.0000008  0.000085   0.000585          0.     0.000     0.000     0.000     0.000         0      0      0      0.000000  0.000000  -0.000151      0          0        0.000000  0.000000   0.000030      0           0
   60711.574  0.094156  0.309807 -36.9531283      0.000382    -0.000045    0.000048  0.000049   0.0000386  0.000043   0.000001          0.     0.000     0.000     0.000     0.000         0      0      0      0.000000  0.000000  -0.000023      0          0        0.000000  0.000000   0.000031      0           0
   60729.836  0.073123  0.321793 -36.9542208      0.000425    -0.000289    0.000050  0.000049   0.0000391  0.000073   0.000076          0.     0.000     0.000     0.000     0.000         0      0      0      0.000000  0.000000   0.000099      0          0        0.000000  0.000000   0.000024      0           0
   60748.098  0.062182  0.346204 -36.9567216      0.000488    -0.000119    0.000048  0.000048   0.0000198  0.000013   0.000006          0.     0.000     0.000     0.000     0.000         0      0      0      0.000000  0.000000   0.000209      0          0        0.000000  0.000000   0.000029      0           0
   60766.361  0.059077  0.376812 -36.9615769      0.000419    -0.000100    0.000053  0.000048   0.0000174  0.000012   0.000007          0.     0.000     0.000     0.000     0.000         0      0      0      0.000000  0.000000   0.000279      0          0        0.000000  0.000000   0.000020      0           0
   60784.623  0.073820  0.403541 -36.9670042      0.000391    -0.000176    0.000049  0.000049   0.0000261  0.000015   0.000009          0.     0.000     0.000     0.000     0.000         0      0      0      0.000000  0.000000   0.000259      0          0        0.000000  0.000000   0.000012      0           0
   60802.885  0.092306  0.423409 -36.9702079      0.000406    -0.000191    0.000050  0.000047   0.0000220  0.000015   0.000009          0.     0.000     0.000     0.000     0.000         0      0      0      0.000000  0.000000   0.000115      0          0        0.000000  0.000000   0.000012      0           0
   60821.147  0.109116  0.436088 -36.9713768      0.000387    -0.000164    0.000046  0.000048   0.0000220  0.000015   0.000008          0.     0.000     0.000     0.000     0.000         0      0      0      0.000000  0.000000  -0.000002      0          0        0.000000  0.000000   0.000013      0           0
   60839.409  0.131781  0.442419 -36.9682013      0.000417    -0.000279    0.000044  0.000047   0.0000189  0.000014   0.000008          0.     0.000     0.000     0.000     0.000         0      0      0      0.000000  0.000000  -0.000401      0          0        0.000000  0.000000   0.000012      0           0
   60857.671  0.162829  0.439585 -36.9559478      0.000384    -0.000167    0.000046  0.000047   0.0000204  0.000013   0.000008          0.     0.000     0.000     0.000     0.000         0      0      0      0.000000  0.000000  -0.000859      0          0        0.000000  0.000000   0.000011      0           0
   60875.933  0.192046  0.434422 -36.9423737      0.000309    -0.000201    0.000050  0.000047   0.0000266  0.000040   0.000006          0.     0.000     0.000     0.000     0.000         0      0      0      0.000000  0.000000  -0.000536      0          0        0.000000  0.000000   0.000013      0           0
   60894.195  0.214774  0.420283 -36.9324194      0.000330    -0.000184    0.000050  0.000048   0.0001400  0.000256   0.000077          0.     0.000     0.000     0.000     0.000         0      0      0      0.000000  0.000000  -0.000697      0          0        0.000000  0.000000   0.000012      0           0
   60912.457  0.229302  0.397791 -36.9192634      0.000294    -0.000094    0.000050  0.000047   0.0000621  0.000355   0.000039          0.     0.000     0.000     0.000     0.000         0      0      0      0.000000  0.000000  -0.000664      0          0        0.000000  0.000000   0.000012      0           0
   60930.719  0.235205  0.374035 -36.9109458      0.000284    -0.000099    0.000048  0.000048   0.0001091  0.000294   0.000094          0.     0.000     0.000     0.000     0.000         0      0      0      0.000000  0.000000  -0.000228      0          0        0.000000  0.000000   0.000013      0           0
   60948.982  0.224913  0.341865 -36.9085246      0.000356    -0.000022    0.000048  0.000047   0.0000360  0.000005   0.000020          0.     0.000     0.000     0.000     0.000         0      0      0      0.000000  0.000000  -0.000142      0          0        0.000000  0.000000   0.000012      0           0
   60967.244  0.197971  0.323261 -36.9054940      0.000342    -0.000030    0.000049  0.000047   0.0000438  0.000490   0.000607          0.     0.000     0.000     0.000     0.000         0      0      0      0.000000  0.000000  -0.000008      0          0        0.000000  0.000000   0.000013      0           0
   60985.506  0.167836  0.317927 -36.9104461      0.000412    -0.000002    0.000050  0.000047   0.0000225  0.000108   0.000058          0.     0.000     0.000     0.000     0.000         0      0      0      0.000000  0.000000   0.000387      0          0        0.000000  0.000000   0.000013      0           0
   61003.768  0.138441  0.315117 -36.9174560      0.000389    -0.000072    0.000047  0.000048   0.0000140  0.000098   0.000056          0.     0.000     0.000     0.000     0.000         0      0      0      0.000000  0.000000   0.000430      0          0        0.000000  0.000000   0.000016      0           0
   61022.030  0.120189  0.316865 -36.9234708      0.000422    -0.000030    0.000050  0.000048   0.0000130  0.004487   0.002836          0.     0.000     0.000     0.000     0.000         0      0      0      0.000000  0.000000   0.000125      0          0        0.000000  0.000000   0.000018      0           0
   61040.292  0.108026  0.329659 -36.9252754      0.000348     0.000035    0.000048  0.000043   0.0000132  0.001539   0.003466          0.     0.000     0.000     0.000     0.000         0      0      0      0.000000  0.000000   0.000163      0          0        0.000000  0.000000   0.000014      0           0
   61058.554  0.094564  0.344589 -36.9274508      0.000391    -0.000033    0.000043  0.000036   0.0000340  0.000228   0.000830          0.     0.000     0.000     0.000     0.000         0      0      0      0.000000  0.000000   0.000093      0          0        0.000000  0.000000   0.000008      0           0
   61076.816  0.093752  0.366936 -36.9308594      0.000451     0.000032    0.000044  0.000042   0.0000170  0.000632   0.000837          0.     0.000     0.000     0.000     0.000         0      0      0      0.000000  0.000000   0.000168      0          0        0.000000  0.000000   0.000007      0           0
   61095.078  0.106132  0.386059 -36.9325373      0.000389    -0.000163    0.000038  0.000039   0.0000022  0.000485   0.000047          0.     0.000     0.000     0.000     0.000         0      0      0      0.000000  0.000000   0.000132      0          0        0.000000  0.000000   0.000008      0           0
   61113.340  0.103242  0.396677 -36.9389347      0.000285    -0.000066    0.000034  0.000039   0.0001800  0.006243   0.002720          0.     0.000     0.000     0.000     0.000         0      0      0      0.000000  0.000000   0.000550      0          0        0.000000  0.000000   0.000008      0           0
   61131.603  0.125140  0.410137 -36.9487781      0.000474    -0.000053    0.000044  0.000052   0.0000493  0.000788   0.000207          0.     0.000     0.000     0.000     0.000         0      0      0      0.000000  0.000000   0.000547      0          0        0.000000  0.000000   0.000019      0           0
   61149.865  0.149433  0.416513 -36.9596783      0.000386    -0.000071    0.000089  0.000089   0.0000268  0.000433   0.000803          0.     0.000     0.000     0.000     0.000         0      0      0      0.000000  0.000000   0.000589      0          0        0.000000  0.000000   0.000020      0           0
   61168.127  0.163876  0.415240 -36.9692067      0.000482    -0.000095    0.000100  0.000100   0.0000300  0.000100   0.000100          0.     0.000     0.000     0.000     0.000         0      0      0      0.000000  0.000000   0.000462      0          0        0.000000  0.000000   0.000020      0           0
   61186.389  0.179049  0.410028 -36.9784488      0.000460    -0.000162    0.000100  0.000100   0.0000300  0.000100   0.000100          0.     0.000     0.000     0.000     0.000         0      0      0      0.000000  0.000000   0.000609      0          0        0.000000  0.000000   0.000020      0           0
   61204.651  0.191161  0.403425 -36.9874687      0.000375    -0.000206    0.000100  0.000100   0.0000300  0.000100   0.000100          0.     0.000     0.000     0.000     0.000         0      0      0      0.000000  0.000000   0.000190      0          0        0.000000  0.000000   0.000020      0           0
   61222.913  0.206132  0.387934 -36.9865505      0.000309    -0.000142    0.000100  0.000100   0.0000300  0.000100   0.000100          0.     0.000     0.000     0.000     0.000         0      0      0      0.000000  0.000000  -0.000108      0          0        0.000000  0.000000   0.000020      0           0
   61241.175  0.217594  0.367032 -36.9827779      0.000294    -0.000130    0.000100  0.000100   0.0000300  0.000100   0.000100          0.     0.000     0.000     0.000     0.000         0      0      0      0.000000  0.000000  -0.000361      0          0        0.000000  0.000000   0.000020      0           0
